blockMinX,blockMinZ,elevation,slope,localRelief,water,biomeId,landformType,landformPatchId,sampled
-3440,4880,59.0,2.0,5.0,True,minecraft:forest,water,minecraft:overworld:step.16:city.city_jingchao_capital:p.1,True
-3424,4880,60.0,1.0,5.0,True,minecraft:forest,water,minecraft:overworld:step.16:city.city_jingchao_capital:p.1,True
-3408,4880,60.0,2.0,4.0,True,minecraft:forest,water,minecraft:overworld:step.16:city.city_jingchao_capital:p.1,True
-3392,4880,61.0,2.0,4.0,True,minecraft:forest,water,minecraft:overworld:step.16:city.city_jingchao_capital:p.1,True
-3376,4880,61.0,1.0,4.0,True,minecraft:birch_forest,water,minecraft:overworld:step.16:city.city_jingchao_capital:p.1,True
-3360,4880,61.0,1.0,3.0,True,minecraft:birch_forest,water,minecraft:overworld:step.16:city.city_jingchao_capital:p.1,True
-3344,4880,62.0,1.0,2.0,False,minecraft:forest,shore,minecraft:overworld:step.16:city.city_jingchao_capital:p.2,True
-3328,4880,62.0,1.0,3.0,False,minecraft:forest,shore,minecraft:overworld:step.16:city.city_jingchao_capital:p.2,True
-3312,4880,63.0,1.0,4.0,False,minecraft:forest,shore,minecraft:overworld:step.16:city.city_jingchao_capital:p.2,True
-3296,4880,63.0,2.0,4.0,False,minecraft:forest,plain,minecraft:overworld:step.16:city.city_jingchao_capital:p.3,True
-3280,4880,65.0,2.0,5.0,False,minecraft:forest,plain,minecraft:overworld:step.16:city.city_jingchao_capital:p.3,True
-3264,4880,65.0,2.0,5.0,False,minecraft:birch_forest,plain,minecraft:overworld:step.16:city.city_jingchao_capital:p.3,True
-3248,4880,66.0,1.0,4.0,False,minecraft:birch_forest,plain,minecraft:overworld:step.16:city.city_jingchao_capital:p.3,True
-3232,4880,67.0,1.0,5.0,False,minecraft:birch_forest,plain,minecraft:overworld:step.16:city.city_jingchao_capital:p.3,True
-3216,4880,68.0,2.0,4.0,False,minecraft:birch_forest,plain,minecraft:overworld:step.16:city.city_jingchao_capital:p.3,True
-3200,4880,69.0,1.0,4.0,False,minecraft:birch_forest,plain,minecraft:overworld:step.16:city.city_jingchao_capital:p.3,True
-3184,4880,70.0,1.0,3.0,False,minecraft:birch_forest,plain,minecraft:overworld:step.16:city.city_jingchao_capital:p.3,True
-3168,4880,70.0,1.0,2.0,False,minecraft:birch_forest,plain,minecraft:overworld:step.16:city.city_jingchao_capital:p.3,True
-3152,4880,70.0,1.0,2.0,False,minecraft:birch_forest,plain,minecraft:overworld:step.16:city.city_jingchao_capital:p.3,True
-3136,4880,70.0,1.0,2.0,False,minecraft:birch_forest,plain,minecraft:overworld:step.16:city.city_jingchao_capital:p.3,True
-3120,4880,71.0,2.0,2.0,False,minecraft:birch_forest,plain,minecraft:overworld:step.16:city.city_jingchao_capital:p.3,True
-3104,4880,70.0,1.0,2.0,False,minecraft:birch_forest,plain,minecraft:overworld:step.16:city.city_jingchao_capital:p.3,True
-3088,4880,69.0,2.0,2.0,False,minecraft:birch_forest,plain,minecraft:overworld:step.16:city.city_jingchao_capital:p.3,True
-3072,4880,69.0,1.0,2.0,False,minecraft:birch_forest,plain,minecraft:overworld:step.16:city.city_jingchao_capital:p.3,True
-3056,4880,70.0,1.0,3.0,False,minecraft:birch_forest,plain,minecraft:overworld:step.16:city.city_jingchao_capital:p.3,True
-3040,4880,71.0,1.0,5.0,False,minecraft:birch_forest,plain,minecraft:overworld:step.16:city.city_jingchao_capital:p.3,True
-3024,4880,71.0,1.0,7.0,False,minecraft:birch_forest,slope,minecraft:overworld:step.16:city.city_jingchao_capital:p.50,True
-3008,4880,72.0,3.0,7.0,False,minecraft:birch_forest,slope,minecraft:overworld:step.16:city.city_jingchao_capital:p.50,True
-2992,4880,71.0,2.0,7.0,False,minecraft:birch_forest,slope,minecraft:overworld:step.16:city.city_jingchao_capital:p.50,True
-2976,4880,72.0,3.0,7.0,False,minecraft:birch_forest,slope,minecraft:overworld:step.16:city.city_jingchao_capital:p.50,True
-2960,4880,73.0,3.0,7.0,False,minecraft:birch_forest,slope,minecraft:overworld:step.16:city.city_jingchao_capital:p.50,True
-2944,4880,73.0,3.0,7.0,False,minecraft:birch_forest,slope,minecraft:overworld:step.16:city.city_jingchao_capital:p.50,True
-2928,4880,72.0,2.0,7.0,False,minecraft:birch_forest,slope,minecraft:overworld:step.16:city.city_jingchao_capital:p.50,True
-2912,4880,71.0,2.0,8.0,False,minecraft:birch_forest,slope,minecraft:overworld:step.16:city.city_jingchao_capital:p.50,True
-2896,4880,70.0,3.0,9.0,False,minecraft:birch_forest,slope,minecraft:overworld:step.16:city.city_jingchao_capital:p.50,True
-2880,4880,70.0,4.0,10.0,False,minecraft:birch_forest,slope,minecraft:overworld:step.16:city.city_jingchao_capital:p.50,True
-2864,4880,67.0,5.0,11.0,False,minecraft:birch_forest,slope,minecraft:overworld:step.16:city.city_jingchao_capital:p.50,True
-2848,4880,65.0,5.0,11.0,False,minecraft:birch_forest,slope,minecraft:overworld:step.16:city.city_jingchao_capital:p.50,True
-2832,4880,64.0,4.0,9.0,False,minecraft:birch_forest,slope,minecraft:overworld:step.16:city.city_jingchao_capital:p.50,True
-2816,4880,65.0,2.0,6.0,False,minecraft:birch_forest,slope,minecraft:overworld:step.16:city.city_jingchao_capital:p.50,True
-2800,4880,66.0,2.0,5.0,False,minecraft:birch_forest,plain,minecraft:overworld:step.16:city.city_jingchao_capital:p.3,True
-2784,4880,66.0,2.0,4.0,False,minecraft:birch_forest,plain,minecraft:overworld:step.16:city.city_jingchao_capital:p.3,True
-2768,4880,67.0,3.0,4.0,False,minecraft:birch_forest,slope,minecraft:overworld:step.16:city.city_jingchao_capital:p.50,True
-2752,4880,68.0,3.0,4.0,False,minecraft:birch_forest,slope,minecraft:overworld:step.16:city.city_jingchao_capital:p.50,True
-2736,4880,68.0,2.0,7.0,False,minecraft:birch_forest,slope,minecraft:overworld:step.16:city.city_jingchao_capital:p.50,True
-2720,4880,67.0,3.0,7.0,False,minecraft:birch_forest,shore,minecraft:overworld:step.16:city.city_jingchao_capital:p.2,True
-2704,4880,65.0,3.0,7.0,False,minecraft:birch_forest,shore,minecraft:overworld:step.16:city.city_jingchao_capital:p.2,True
-2688,4880,64.0,2.0,6.0,False,minecraft:stony_shore,shore,minecraft:overworld:step.16:city.city_jingchao_capital:p.2,True
-2672,4880,62.0,2.0,5.0,False,minecraft:stony_shore,shore,minecraft:overworld:step.16:city.city_jingchao_capital:p.2,True
-2656,4880,62.0,1.0,5.0,False,minecraft:stony_shore,shore,minecraft:overworld:step.16:city.city_jingchao_capital:p.2,True
-2640,4880,62.0,1.0,4.0,False,minecraft:stony_shore,shore,minecraft:overworld:step.16:city.city_jingchao_capital:p.2,True
-2624,4880,62.0,1.0,4.0,False,minecraft:stony_shore,shore,minecraft:overworld:step.16:city.city_jingchao_capital:p.2,True
-2608,4880,62.0,2.0,4.0,False,minecraft:stony_shore,shore,minecraft:overworld:step.16:city.city_jingchao_capital:p.2,True
-2592,4880,61.0,1.0,4.0,True,minecraft:ocean,water,minecraft:overworld:step.16:city.city_jingchao_capital:p.51,True
-2576,4880,62.0,2.0,4.0,False,minecraft:stony_shore,shore,minecraft:overworld:step.16:city.city_jingchao_capital:p.2,True
-2560,4880,61.0,2.0,4.0,True,minecraft:ocean,water,minecraft:overworld:step.16:city.city_jingchao_capital:p.51,True
-2544,4880,61.0,2.0,4.0,True,minecraft:ocean,water,minecraft:overworld:step.16:city.city_jingchao_capital:p.51,True
-2528,4880,60.0,2.0,4.0,True,minecraft:ocean,water,minecraft:overworld:step.16:city.city_jingchao_capital:p.51,True
-2512,4880,61.0,1.0,3.0,True,minecraft:ocean,water,minecraft:overworld:step.16:city.city_jingchao_capital:p.51,True
-2496,4880,62.0,1.0,3.0,False,minecraft:stony_shore,shore,minecraft:overworld:step.16:city.city_jingchao_capital:p.2,True
-2480,4880,62.0,1.0,2.0,False,minecraft:stony_shore,shore,minecraft:overworld:step.16:city.city_jingchao_capital:p.2,True
-2464,4880,63.0,1.0,3.0,False,minecraft:stony_shore,shore,minecraft:overworld:step.16:city.city_jingchao_capital:p.2,True
-2448,4880,63.0,1.0,3.0,False,minecraft:stony_shore,shore,minecraft:overworld:step.16:city.city_jingchao_capital:p.2,True
-2432,4880,63.0,1.0,3.0,False,minecraft:forest,shore,minecraft:overworld:step.16:city.city_jingchao_capital:p.2,True
-3440,4896,60.0,3.0,6.0,True,minecraft:forest,water,minecraft:overworld:step.16:city.city_jingchao_capital:p.1,True
-3424,4896,61.0,2.0,6.0,True,minecraft:forest,water,minecraft:overworld:step.16:city.city_jingchao_capital:p.1,True
-3408,4896,61.0,1.0,5.0,True,minecraft:forest,water,minecraft:overworld:step.16:city.city_jingchao_capital:p.1,True
-3392,4896,62.0,2.0,5.0,False,minecraft:forest,shore,minecraft:overworld:step.16:city.city_jingchao_capital:p.2,True
-3376,4896,62.0,1.0,5.0,False,minecraft:forest,shore,minecraft:overworld:step.16:city.city_jingchao_capital:p.2,True
-3360,4896,62.0,1.0,4.0,False,minecraft:forest,shore,minecraft:overworld:step.16:city.city_jingchao_capital:p.2,True
-3344,4896,62.0,1.0,3.0,False,minecraft:forest,shore,minecraft:overworld:step.16:city.city_jingchao_capital:p.2,True
-3328,4896,63.0,1.0,4.0,False,minecraft:forest,shore,minecraft:overworld:step.16:city.city_jingchao_capital:p.2,True
-3312,4896,63.0,1.0,4.0,False,minecraft:forest,plain,minecraft:overworld:step.16:city.city_jingchao_capital:p.3,True
-3296,4896,64.0,2.0,5.0,False,minecraft:forest,plain,minecraft:overworld:step.16:city.city_jingchao_capital:p.3,True
-3280,4896,65.0,2.0,5.0,False,minecraft:forest,plain,minecraft:overworld:step.16:city.city_jingchao_capital:p.3,True
-3264,4896,66.0,1.0,4.0,False,minecraft:forest,plain,minecraft:overworld:step.16:city.city_jingchao_capital:p.3,True
-3248,4896,67.0,2.0,3.0,False,minecraft:birch_forest,plain,minecraft:overworld:step.16:city.city_jingchao_capital:p.3,True
-3232,4896,67.0,1.0,5.0,False,minecraft:birch_forest,plain,minecraft:overworld:step.16:city.city_jingchao_capital:p.3,True
-3216,4896,68.0,1.0,4.0,False,minecraft:birch_forest,plain,minecraft:overworld:step.16:city.city_jingchao_capital:p.3,True
-3200,4896,69.0,1.0,3.0,False,minecraft:birch_forest,plain,minecraft:overworld:step.16:city.city_jingchao_capital:p.3,True
-3184,4896,69.0,1.0,2.0,False,minecraft:birch_forest,plain,minecraft:overworld:step.16:city.city_jingchao_capital:p.3,True
-3168,4896,70.0,1.0,1.0,False,minecraft:birch_forest,plain,minecraft:overworld:step.16:city.city_jingchao_capital:p.3,True
-3152,4896,70.0,1.0,2.0,False,minecraft:birch_forest,plain,minecraft:overworld:step.16:city.city_jingchao_capital:p.3,True
-3136,4896,69.0,2.0,2.0,False,minecraft:birch_forest,plain,minecraft:overworld:step.16:city.city_jingchao_capital:p.3,True
-3120,4896,70.0,1.0,2.0,False,minecraft:birch_forest,plain,minecraft:overworld:step.16:city.city_jingchao_capital:p.3,True
-3104,4896,71.0,2.0,2.0,False,minecraft:birch_forest,plain,minecraft:overworld:step.16:city.city_jingchao_capital:p.3,True
-3088,4896,70.0,1.0,2.0,False,minecraft:birch_forest,plain,minecraft:overworld:step.16:city.city_jingchao_capital:p.3,True
-3072,4896,69.0,2.0,2.0,False,minecraft:birch_forest,plain,minecraft:overworld:step.16:city.city_jingchao_capital:p.3,True
-3056,4896,70.0,1.0,2.0,False,minecraft:birch_forest,plain,minecraft:overworld:step.16:city.city_jingchao_capital:p.3,True
-3040,4896,71.0,1.0,4.0,False,minecraft:birch_forest,plain,minecraft:overworld:step.16:city.city_jingchao_capital:p.3,True
-3024,4896,71.0,2.0,6.0,False,minecraft:birch_forest,slope,minecraft:overworld:step.16:city.city_jingchao_capital:p.50,True
-3008,4896,72.0,3.0,6.0,False,minecraft:birch_forest,slope,minecraft:overworld:step.16:city.city_jingchao_capital:p.50,True
-2992,4896,73.0,2.0,6.0,False,minecraft:birch_forest,slope,minecraft:overworld:step.16:city.city_jingchao_capital:p.50,True
-2976,4896,73.0,2.0,6.0,False,minecraft:birch_forest,slope,minecraft:overworld:step.16:city.city_jingchao_capital:p.50,True
-2960,4896,73.0,1.0,6.0,False,minecraft:birch_forest,slope,minecraft:overworld:step.16:city.city_jingchao_capital:p.50,True
-2944,4896,73.0,1.0,4.0,False,minecraft:birch_forest,terrace,minecraft:overworld:step.16:city.city_jingchao_capital:p.52,True
-2928,4896,72.0,1.0,5.0,False,minecraft:birch_forest,plain,minecraft:overworld:step.16:city.city_jingchao_capital:p.53,True
-2912,4896,72.0,2.0,8.0,False,minecraft:birch_forest,slope,minecraft:overworld:step.16:city.city_jingchao_capital:p.50,True
-2896,4896,73.0,3.0,9.0,False,minecraft:birch_forest,slope,minecraft:overworld:step.16:city.city_jingchao_capital:p.50,True
-2880,4896,72.0,5.0,10.0,False,minecraft:birch_forest,slope,minecraft:overworld:step.16:city.city_jingchao_capital:p.50,True
-2864,4896,70.0,5.0,11.0,False,minecraft:birch_forest,slope,minecraft:overworld:step.16:city.city_jingchao_capital:p.50,True
-2848,4896,68.0,5.0,11.0,False,minecraft:birch_forest,slope,minecraft:overworld:step.16:city.city_jingchao_capital:p.50,True
-2832,4896,67.0,3.0,9.0,False,minecraft:birch_forest,slope,minecraft:overworld:step.16:city.city_jingchao_capital:p.50,True
-2816,4896,65.0,4.0,7.0,False,minecraft:birch_forest,slope,minecraft:overworld:step.16:city.city_jingchao_capital:p.50,True
-2800,4896,64.0,2.0,6.0,False,minecraft:birch_forest,slope,minecraft:overworld:step.16:city.city_jingchao_capital:p.50,True
-2784,4896,64.0,3.0,5.0,False,minecraft:stony_shore,slope,minecraft:overworld:step.16:city.city_jingchao_capital:p.50,True
-2768,4896,65.0,3.0,4.0,False,minecraft:birch_forest,slope,minecraft:overworld:step.16:city.city_jingchao_capital:p.50,True
-2752,4896,66.0,2.0,5.0,False,minecraft:birch_forest,plain,minecraft:overworld:step.16:city.city_jingchao_capital:p.54,True
-2736,4896,67.0,2.0,5.0,False,minecraft:birch_forest,plain,minecraft:overworld:step.16:city.city_jingchao_capital:p.54,True
-2720,4896,67.0,2.0,6.0,False,minecraft:birch_forest,slope,minecraft:overworld:step.16:city.city_jingchao_capital:p.55,True
-2704,4896,66.0,2.0,6.0,False,minecraft:birch_forest,shore,minecraft:overworld:step.16:city.city_jingchao_capital:p.2,True
-2688,4896,64.0,2.0,5.0,False,minecraft:stony_shore,shore,minecraft:overworld:step.16:city.city_jingchao_capital:p.2,True
-2672,4896,63.0,2.0,5.0,False,minecraft:stony_shore,shore,minecraft:overworld:step.16:city.city_jingchao_capital:p.2,True
-2656,4896,63.0,2.0,5.0,False,minecraft:stony_shore,shore,minecraft:overworld:step.16:city.city_jingchao_capital:p.2,True
-2640,4896,61.0,2.0,4.0,True,minecraft:ocean,water,minecraft:overworld:step.16:city.city_jingchao_capital:p.51,True
-2624,4896,61.0,1.0,3.0,True,minecraft:ocean,water,minecraft:overworld:step.16:city.city_jingchao_capital:p.51,True
-2608,4896,62.0,2.0,3.0,False,minecraft:stony_shore,shore,minecraft:overworld:step.16:city.city_jingchao_capital:p.2,True
-2592,4896,60.0,2.0,4.0,True,minecraft:ocean,water,minecraft:overworld:step.16:city.city_jingchao_capital:p.51,True
-2576,4896,61.0,2.0,4.0,True,minecraft:ocean,water,minecraft:overworld:step.16:city.city_jingchao_capital:p.51,True
-2560,4896,61.0,2.0,4.0,True,minecraft:ocean,water,minecraft:overworld:step.16:city.city_jingchao_capital:p.51,True
-2544,4896,60.0,1.0,4.0,True,minecraft:ocean,water,minecraft:overworld:step.16:city.city_jingchao_capital:p.51,True
-2528,4896,60.0,1.0,4.0,True,minecraft:ocean,water,minecraft:overworld:step.16:city.city_jingchao_capital:p.51,True
-2512,4896,61.0,1.0,2.0,True,minecraft:ocean,water,minecraft:overworld:step.16:city.city_jingchao_capital:p.51,True
-2496,4896,62.0,1.0,3.0,False,minecraft:stony_shore,shore,minecraft:overworld:step.16:city.city_jingchao_capital:p.2,True
-2480,4896,62.0,1.0,2.0,False,minecraft:stony_shore,shore,minecraft:overworld:step.16:city.city_jingchao_capital:p.2,True
-2464,4896,63.0,1.0,3.0,False,minecraft:stony_shore,shore,minecraft:overworld:step.16:city.city_jingchao_capital:p.2,True
-2448,4896,63.0,1.0,3.0,False,minecraft:stony_shore,plain,minecraft:overworld:step.16:city.city_jingchao_capital:p.83,True
-2432,4896,64.0,1.0,2.0,False,minecraft:forest,shore,minecraft:overworld:step.16:city.city_jingchao_capital:p.2,True
-3440,4912,60.0,3.0,6.0,True,minecraft:forest,water,minecraft:overworld:step.16:city.city_jingchao_capital:p.1,True
-3424,4912,61.0,3.0,6.0,True,minecraft:forest,water,minecraft:overworld:step.16:city.city_jingchao_capital:p.1,True
-3408,4912,61.0,2.0,5.0,True,minecraft:forest,water,minecraft:overworld:step.16:city.city_jingchao_capital:p.1,True
-3392,4912,62.0,1.0,4.0,False,minecraft:forest,shore,minecraft:overworld:step.16:city.city_jingchao_capital:p.2,True
-3376,4912,63.0,1.0,4.0,False,minecraft:forest,shore,minecraft:overworld:step.16:city.city_jingchao_capital:p.2,True
-3360,4912,63.0,1.0,4.0,False,minecraft:forest,shore,minecraft:overworld:step.16:city.city_jingchao_capital:p.2,True
-3344,4912,62.0,2.0,4.0,False,minecraft:forest,shore,minecraft:overworld:step.16:city.city_jingchao_capital:p.2,True
-3328,4912,63.0,1.0,5.0,False,minecraft:forest,plain,minecraft:overworld:step.16:city.city_jingchao_capital:p.3,True
-3312,4912,63.0,2.0,4.0,False,minecraft:forest,plain,minecraft:overworld:step.16:city.city_jingchao_capital:p.3,True
-3296,4912,64.0,2.0,5.0,False,minecraft:forest,plain,minecraft:overworld:step.16:city.city_jingchao_capital:p.3,True
-3280,4912,66.0,2.0,4.0,False,minecraft:forest,plain,minecraft:overworld:step.16:city.city_jingchao_capital:p.3,True
-3264,4912,66.0,1.0,5.0,False,minecraft:forest,plain,minecraft:overworld:step.16:city.city_jingchao_capital:p.3,True
-3248,4912,67.0,1.0,4.0,False,minecraft:forest,plain,minecraft:overworld:step.16:city.city_jingchao_capital:p.3,True
-3232,4912,67.0,1.0,5.0,False,minecraft:birch_forest,plain,minecraft:overworld:step.16:city.city_jingchao_capital:p.3,True
-3216,4912,68.0,1.0,4.0,False,minecraft:birch_forest,plain,minecraft:overworld:step.16:city.city_jingchao_capital:p.3,True
-3200,4912,69.0,1.0,3.0,False,minecraft:birch_forest,plain,minecraft:overworld:step.16:city.city_jingchao_capital:p.3,True
-3184,4912,69.0,1.0,2.0,False,minecraft:birch_forest,plain,minecraft:overworld:step.16:city.city_jingchao_capital:p.3,True
-3168,4912,70.0,1.0,1.0,False,minecraft:birch_forest,plain,minecraft:overworld:step.16:city.city_jingchao_capital:p.3,True
-3152,4912,70.0,1.0,2.0,False,minecraft:birch_forest,plain,minecraft:overworld:step.16:city.city_jingchao_capital:p.3,True
-3136,4912,70.0,1.0,2.0,False,minecraft:birch_forest,plain,minecraft:overworld:step.16:city.city_jingchao_capital:p.3,True
-3120,4912,69.0,2.0,2.0,False,minecraft:birch_forest,plain,minecraft:overworld:step.16:city.city_jingchao_capital:p.3,True
-3104,4912,70.0,1.0,2.0,False,minecraft:birch_forest,plain,minecraft:overworld:step.16:city.city_jingchao_capital:p.3,True
-3088,4912,70.0,1.0,2.0,False,minecraft:birch_forest,plain,minecraft:overworld:step.16:city.city_jingchao_capital:p.3,True
-3072,4912,69.0,2.0,2.0,False,minecraft:birch_forest,plain,minecraft:overworld:step.16:city.city_jingchao_capital:p.3,True
-3056,4912,71.0,2.0,2.0,False,minecraft:birch_forest,plain,minecraft:overworld:step.16:city.city_jingchao_capital:p.3,True
-3040,4912,71.0,1.0,4.0,False,minecraft:birch_forest,plain,minecraft:overworld:step.16:city.city_jingchao_capital:p.3,True
-3024,4912,71.0,2.0,5.0,False,minecraft:birch_forest,plain,minecraft:overworld:step.16:city.city_jingchao_capital:p.3,True
-3008,4912,73.0,2.0,5.0,False,minecraft:birch_forest,terrace,minecraft:overworld:step.16:city.city_jingchao_capital:p.56,True
-2992,4912,75.0,3.0,4.0,False,minecraft:birch_forest,slope,minecraft:overworld:step.16:city.city_jingchao_capital:p.50,True
-2976,4912,74.0,1.0,4.0,False,minecraft:birch_forest,terrace,minecraft:overworld:step.16:city.city_jingchao_capital:p.57,True
-2960,4912,73.0,1.0,6.0,False,minecraft:birch_forest,slope,minecraft:overworld:step.16:city.city_jingchao_capital:p.50,True
-2944,4912,73.0,2.0,5.0,False,minecraft:birch_forest,terrace,minecraft:overworld:step.16:city.city_jingchao_capital:p.52,True
-2928,4912,73.0,2.0,5.0,False,minecraft:birch_forest,terrace,minecraft:overworld:step.16:city.city_jingchao_capital:p.52,True
-2912,4912,73.0,2.0,6.0,False,minecraft:birch_forest,slope,minecraft:overworld:step.16:city.city_jingchao_capital:p.50,True
-2896,4912,74.0,3.0,8.0,False,minecraft:birch_forest,slope,minecraft:overworld:step.16:city.city_jingchao_capital:p.50,True
-2880,4912,75.0,5.0,10.0,False,minecraft:birch_forest,slope,minecraft:overworld:step.16:city.city_jingchao_capital:p.50,True
-2864,4912,73.0,5.0,11.0,False,minecraft:birch_forest,slope,minecraft:overworld:step.16:city.city_jingchao_capital:p.50,True
-2848,4912,70.0,3.0,11.0,False,minecraft:birch_forest,slope,minecraft:overworld:step.16:city.city_jingchao_capital:p.50,True
-2832,4912,69.0,4.0,9.0,False,minecraft:birch_forest,slope,minecraft:overworld:step.16:city.city_jingchao_capital:p.50,True
-2816,4912,66.0,4.0,7.0,False,minecraft:birch_forest,slope,minecraft:overworld:step.16:city.city_jingchao_capital:p.50,True
-2800,4912,64.0,5.0,6.0,False,minecraft:stony_shore,slope,minecraft:overworld:step.16:city.city_jingchao_capital:p.50,True
-2784,4912,64.0,2.0,5.0,False,minecraft:birch_forest,plain,minecraft:overworld:step.16:city.city_jingchao_capital:p.58,True
-2768,4912,65.0,1.0,5.0,False,minecraft:forest,plain,minecraft:overworld:step.16:city.city_jingchao_capital:p.58,True
-2752,4912,66.0,2.0,6.0,False,minecraft:forest,slope,minecraft:overworld:step.16:city.city_jingchao_capital:p.55,True
-2736,4912,66.0,3.0,6.0,False,minecraft:forest,slope,minecraft:overworld:step.16:city.city_jingchao_capital:p.55,True
-2720,4912,65.0,2.0,6.0,False,minecraft:forest,slope,minecraft:overworld:step.16:city.city_jingchao_capital:p.55,True
-2704,4912,65.0,2.0,6.0,False,minecraft:forest,slope,minecraft:overworld:step.16:city.city_jingchao_capital:p.55,True
-2688,4912,65.0,2.0,5.0,False,minecraft:forest,plain,minecraft:overworld:step.16:city.city_jingchao_capital:p.58,True
-2672,4912,64.0,1.0,5.0,False,minecraft:stony_shore,shore,minecraft:overworld:step.16:city.city_jingchao_capital:p.2,True
-2656,4912,63.0,2.0,5.0,False,minecraft:stony_shore,shore,minecraft:overworld:step.16:city.city_jingchao_capital:p.2,True
-2640,4912,62.0,2.0,4.0,False,minecraft:stony_shore,shore,minecraft:overworld:step.16:city.city_jingchao_capital:p.2,True
-2624,4912,60.0,2.0,3.0,True,minecraft:ocean,water,minecraft:overworld:step.16:city.city_jingchao_capital:p.51,True
-2608,4912,61.0,1.0,2.0,True,minecraft:ocean,water,minecraft:overworld:step.16:city.city_jingchao_capital:p.51,True
-2592,4912,60.0,2.0,3.0,True,minecraft:ocean,water,minecraft:overworld:step.16:city.city_jingchao_capital:p.51,True
-2576,4912,61.0,2.0,3.0,True,minecraft:ocean,water,minecraft:overworld:step.16:city.city_jingchao_capital:p.51,True
-2560,4912,59.0,2.0,3.0,True,minecraft:ocean,water,minecraft:overworld:step.16:city.city_jingchao_capital:p.51,True
-2544,4912,60.0,1.0,3.0,True,minecraft:ocean,water,minecraft:overworld:step.16:city.city_jingchao_capital:p.51,True
-2528,4912,61.0,1.0,3.0,True,minecraft:ocean,water,minecraft:overworld:step.16:city.city_jingchao_capital:p.51,True
-2512,4912,61.0,1.0,3.0,True,minecraft:ocean,water,minecraft:overworld:step.16:city.city_jingchao_capital:p.51,True
-2496,4912,62.0,1.0,4.0,False,minecraft:stony_shore,shore,minecraft:overworld:step.16:city.city_jingchao_capital:p.2,True
-2480,4912,62.0,1.0,4.0,False,minecraft:stony_shore,shore,minecraft:overworld:step.16:city.city_jingchao_capital:p.2,True
-2464,4912,63.0,2.0,4.0,False,minecraft:stony_shore,shore,minecraft:overworld:step.16:city.city_jingchao_capital:p.2,True
-2448,4912,63.0,1.0,4.0,False,minecraft:stony_shore,shore,minecraft:overworld:step.16:city.city_jingchao_capital:p.2,True
-2432,4912,63.0,1.0,3.0,False,minecraft:stony_shore,shore,minecraft:overworld:step.16:city.city_jingchao_capital:p.2,True
-3440,4928,58.0,3.0,6.0,True,minecraft:forest,water,minecraft:overworld:step.16:city.city_jingchao_capital:p.1,True
-3424,4928,61.0,3.0,6.0,True,minecraft:forest,water,minecraft:overworld:step.16:city.city_jingchao_capital:p.1,True
-3408,4928,62.0,1.0,5.0,False,minecraft:forest,shore,minecraft:overworld:step.16:city.city_jingchao_capital:p.2,True
-3392,4928,63.0,2.0,6.0,False,minecraft:forest,shore,minecraft:overworld:step.16:city.city_jingchao_capital:p.2,True
-3376,4928,63.0,1.0,3.0,False,minecraft:forest,shore,minecraft:overworld:step.16:city.city_jingchao_capital:p.2,True
-3360,4928,64.0,2.0,3.0,False,minecraft:forest,shore,minecraft:overworld:step.16:city.city_jingchao_capital:p.2,True
-3344,4928,64.0,2.0,3.0,False,minecraft:forest,plain,minecraft:overworld:step.16:city.city_jingchao_capital:p.3,True
-3328,4928,64.0,2.0,4.0,False,minecraft:forest,plain,minecraft:overworld:step.16:city.city_jingchao_capital:p.3,True
-3312,4928,64.0,2.0,4.0,False,minecraft:forest,plain,minecraft:overworld:step.16:city.city_jingchao_capital:p.3,True
-3296,4928,65.0,2.0,4.0,False,minecraft:forest,plain,minecraft:overworld:step.16:city.city_jingchao_capital:p.3,True
-3280,4928,66.0,2.0,4.0,False,minecraft:forest,plain,minecraft:overworld:step.16:city.city_jingchao_capital:p.3,True
-3264,4928,67.0,1.0,4.0,False,minecraft:forest,plain,minecraft:overworld:step.16:city.city_jingchao_capital:p.3,True
-3248,4928,67.0,1.0,4.0,False,minecraft:forest,plain,minecraft:overworld:step.16:city.city_jingchao_capital:p.3,True
-3232,4928,67.0,2.0,4.0,False,minecraft:forest,plain,minecraft:overworld:step.16:city.city_jingchao_capital:p.3,True
-3216,4928,68.0,2.0,3.0,False,minecraft:birch_forest,plain,minecraft:overworld:step.16:city.city_jingchao_capital:p.3,True
-3200,4928,69.0,1.0,3.0,False,minecraft:birch_forest,plain,minecraft:overworld:step.16:city.city_jingchao_capital:p.3,True
-3184,4928,70.0,1.0,2.0,False,minecraft:birch_forest,plain,minecraft:overworld:step.16:city.city_jingchao_capital:p.3,True
-3168,4928,70.0,1.0,1.0,False,minecraft:forest,plain,minecraft:overworld:step.16:city.city_jingchao_capital:p.3,True
-3152,4928,70.0,0.0,2.0,False,minecraft:birch_forest,plain,minecraft:overworld:step.16:city.city_jingchao_capital:p.3,True
-3136,4928,70.0,1.0,2.0,False,minecraft:birch_forest,plain,minecraft:overworld:step.16:city.city_jingchao_capital:p.3,True
-3120,4928,70.0,1.0,2.0,False,minecraft:birch_forest,plain,minecraft:overworld:step.16:city.city_jingchao_capital:p.3,True
-3104,4928,70.0,1.0,2.0,False,minecraft:birch_forest,plain,minecraft:overworld:step.16:city.city_jingchao_capital:p.3,True
-3088,4928,70.0,1.0,2.0,False,minecraft:birch_forest,plain,minecraft:overworld:step.16:city.city_jingchao_capital:p.3,True
-3072,4928,70.0,1.0,2.0,False,minecraft:birch_forest,plain,minecraft:overworld:step.16:city.city_jingchao_capital:p.3,True
-3056,4928,70.0,1.0,2.0,False,minecraft:birch_forest,plain,minecraft:overworld:step.16:city.city_jingchao_capital:p.3,True
-3040,4928,71.0,1.0,4.0,False,minecraft:birch_forest,plain,minecraft:overworld:step.16:city.city_jingchao_capital:p.3,True
-3024,4928,71.0,2.0,6.0,False,minecraft:birch_forest,slope,minecraft:overworld:step.16:city.city_jingchao_capital:p.50,True
-3008,4928,72.0,3.0,5.0,False,minecraft:birch_forest,slope,minecraft:overworld:step.16:city.city_jingchao_capital:p.50,True
-2992,4928,75.0,3.0,5.0,False,minecraft:birch_forest,slope,minecraft:overworld:step.16:city.city_jingchao_capital:p.50,True
-2976,4928,73.0,2.0,7.0,False,minecraft:birch_forest,slope,minecraft:overworld:step.16:city.city_jingchao_capital:p.50,True
-2960,4928,73.0,2.0,7.0,False,minecraft:birch_forest,slope,minecraft:overworld:step.16:city.city_jingchao_capital:p.50,True
-2944,4928,73.0,4.0,7.0,False,minecraft:birch_forest,slope,minecraft:overworld:step.16:city.city_jingchao_capital:p.50,True
-2928,4928,71.0,2.0,8.0,False,minecraft:birch_forest,slope,minecraft:overworld:step.16:city.city_jingchao_capital:p.50,True
-2912,4928,71.0,3.0,9.0,False,minecraft:birch_forest,slope,minecraft:overworld:step.16:city.city_jingchao_capital:p.50,True
-2896,4928,73.0,4.0,9.0,False,minecraft:birch_forest,slope,minecraft:overworld:step.16:city.city_jingchao_capital:p.50,True
-2880,4928,73.0,4.0,9.0,False,minecraft:birch_forest,slope,minecraft:overworld:step.16:city.city_jingchao_capital:p.50,True
-2864,4928,72.0,3.0,9.0,False,minecraft:birch_forest,slope,minecraft:overworld:step.16:city.city_jingchao_capital:p.50,True
-2848,4928,71.0,2.0,10.0,False,minecraft:birch_forest,slope,minecraft:overworld:step.16:city.city_jingchao_capital:p.50,True
-2832,4928,70.0,4.0,9.0,False,minecraft:birch_forest,slope,minecraft:overworld:step.16:city.city_jingchao_capital:p.50,True
-2816,4928,69.0,5.0,7.0,False,minecraft:birch_forest,slope,minecraft:overworld:step.16:city.city_jingchao_capital:p.50,True
-2800,4928,66.0,3.0,6.0,False,minecraft:forest,slope,minecraft:overworld:step.16:city.city_jingchao_capital:p.50,True
-2784,4928,64.0,2.0,5.0,False,minecraft:stony_shore,plain,minecraft:overworld:step.16:city.city_jingchao_capital:p.58,True
-2768,4928,65.0,1.0,4.0,False,minecraft:forest,plain,minecraft:overworld:step.16:city.city_jingchao_capital:p.58,True
-2752,4928,65.0,2.0,5.0,False,minecraft:forest,plain,minecraft:overworld:step.16:city.city_jingchao_capital:p.58,True
-2736,4928,64.0,2.0,5.0,False,minecraft:forest,plain,minecraft:overworld:step.16:city.city_jingchao_capital:p.58,True
-2720,4928,63.0,3.0,5.0,False,minecraft:stony_shore,slope,minecraft:overworld:step.16:city.city_jingchao_capital:p.55,True
-2704,4928,63.0,2.0,5.0,False,minecraft:stony_shore,plain,minecraft:overworld:step.16:city.city_jingchao_capital:p.58,True
-2688,4928,63.0,2.0,5.0,False,minecraft:stony_shore,plain,minecraft:overworld:step.16:city.city_jingchao_capital:p.58,True
-2672,4928,63.0,2.0,5.0,False,minecraft:stony_shore,shore,minecraft:overworld:step.16:city.city_jingchao_capital:p.2,True
-2656,4928,63.0,1.0,5.0,False,minecraft:stony_shore,shore,minecraft:overworld:step.16:city.city_jingchao_capital:p.2,True
-2640,4928,62.0,2.0,4.0,False,minecraft:stony_shore,shore,minecraft:overworld:step.16:city.city_jingchao_capital:p.2,True
-2624,4928,61.0,1.0,4.0,True,minecraft:ocean,water,minecraft:overworld:step.16:city.city_jingchao_capital:p.51,True
-2608,4928,60.0,1.0,4.0,True,minecraft:ocean,water,minecraft:overworld:step.16:city.city_jingchao_capital:p.51,True
-2592,4928,61.0,1.0,3.0,True,minecraft:ocean,water,minecraft:overworld:step.16:city.city_jingchao_capital:p.51,True
-2576,4928,60.0,1.0,3.0,True,minecraft:ocean,water,minecraft:overworld:step.16:city.city_jingchao_capital:p.51,True
-2560,4928,61.0,2.0,2.0,True,minecraft:ocean,water,minecraft:overworld:step.16:city.city_jingchao_capital:p.51,True
-2544,4928,61.0,2.0,2.0,True,minecraft:ocean,water,minecraft:overworld:step.16:city.city_jingchao_capital:p.51,True
-2528,4928,60.0,1.0,3.0,True,minecraft:ocean,water,minecraft:overworld:step.16:city.city_jingchao_capital:p.51,True
-2512,4928,61.0,2.0,3.0,True,minecraft:ocean,water,minecraft:overworld:step.16:city.city_jingchao_capital:p.51,True
-2496,4928,61.0,2.0,4.0,True,minecraft:ocean,water,minecraft:overworld:step.16:city.city_jingchao_capital:p.51,True
-2480,4928,61.0,2.0,4.0,True,minecraft:ocean,water,minecraft:overworld:step.16:city.city_jingchao_capital:p.51,True
-2464,4928,62.0,2.0,5.0,False,minecraft:stony_shore,shore,minecraft:overworld:step.16:city.city_jingchao_capital:p.2,True
-2448,4928,63.0,2.0,4.0,False,minecraft:stony_shore,shore,minecraft:overworld:step.16:city.city_jingchao_capital:p.2,True
-2432,4928,62.0,1.0,3.0,False,minecraft:stony_shore,shore,minecraft:overworld:step.16:city.city_jingchao_capital:p.2,True
-3440,4944,58.0,3.0,6.0,True,minecraft:forest,water,minecraft:overworld:step.16:city.city_jingchao_capital:p.1,True
-3424,4944,61.0,3.0,6.0,True,minecraft:forest,water,minecraft:overworld:step.16:city.city_jingchao_capital:p.1,True
-3408,4944,62.0,4.0,5.0,False,minecraft:forest,shore,minecraft:overworld:step.16:city.city_jingchao_capital:p.2,True
-3392,4944,63.0,1.0,6.0,False,minecraft:forest,shore,minecraft:overworld:step.16:city.city_jingchao_capital:p.2,True
-3376,4944,63.0,1.0,4.0,False,minecraft:forest,shore,minecraft:overworld:step.16:city.city_jingchao_capital:p.2,True
-3360,4944,64.0,1.0,3.0,False,minecraft:forest,plain,minecraft:overworld:step.16:city.city_jingchao_capital:p.3,True
-3344,4944,64.0,1.0,3.0,False,minecraft:forest,plain,minecraft:overworld:step.16:city.city_jingchao_capital:p.3,True
-3328,4944,65.0,1.0,4.0,False,minecraft:forest,plain,minecraft:overworld:step.16:city.city_jingchao_capital:p.3,True
-3312,4944,65.0,1.0,4.0,False,minecraft:forest,plain,minecraft:overworld:step.16:city.city_jingchao_capital:p.3,True
-3296,4944,66.0,2.0,4.0,False,minecraft:forest,plain,minecraft:overworld:step.16:city.city_jingchao_capital:p.3,True
-3280,4944,66.0,1.0,4.0,False,minecraft:forest,plain,minecraft:overworld:step.16:city.city_jingchao_capital:p.3,True
-3264,4944,67.0,1.0,4.0,False,minecraft:forest,plain,minecraft:overworld:step.16:city.city_jingchao_capital:p.3,True
-3248,4944,67.0,1.0,3.0,False,minecraft:forest,plain,minecraft:overworld:step.16:city.city_jingchao_capital:p.3,True
-3232,4944,68.0,1.0,4.0,False,minecraft:forest,plain,minecraft:overworld:step.16:city.city_jingchao_capital:p.3,True
-3216,4944,69.0,2.0,4.0,False,minecraft:birch_forest,plain,minecraft:overworld:step.16:city.city_jingchao_capital:p.3,True
-3200,4944,70.0,2.0,4.0,False,minecraft:birch_forest,plain,minecraft:overworld:step.16:city.city_jingchao_capital:p.3,True
-3184,4944,70.0,1.0,4.0,False,minecraft:birch_forest,plain,minecraft:overworld:step.16:city.city_jingchao_capital:p.3,True
-3168,4944,70.0,1.0,2.0,False,minecraft:forest,plain,minecraft:overworld:step.16:city.city_jingchao_capital:p.3,True
-3152,4944,70.0,1.0,3.0,False,minecraft:forest,plain,minecraft:overworld:step.16:city.city_jingchao_capital:p.3,True
-3136,4944,70.0,1.0,3.0,False,minecraft:forest,plain,minecraft:overworld:step.16:city.city_jingchao_capital:p.3,True
-3120,4944,70.0,1.0,2.0,False,minecraft:birch_forest,plain,minecraft:overworld:step.16:city.city_jingchao_capital:p.3,True
-3104,4944,69.0,2.0,2.0,False,minecraft:birch_forest,plain,minecraft:overworld:step.16:city.city_jingchao_capital:p.3,True
-3088,4944,70.0,1.0,2.0,False,minecraft:birch_forest,plain,minecraft:overworld:step.16:city.city_jingchao_capital:p.3,True
-3072,4944,70.0,1.0,2.0,False,minecraft:birch_forest,plain,minecraft:overworld:step.16:city.city_jingchao_capital:p.3,True
-3056,4944,70.0,1.0,2.0,False,minecraft:birch_forest,plain,minecraft:overworld:step.16:city.city_jingchao_capital:p.3,True
-3040,4944,70.0,1.0,4.0,False,minecraft:birch_forest,plain,minecraft:overworld:step.16:city.city_jingchao_capital:p.3,True
-3024,4944,71.0,2.0,6.0,False,minecraft:birch_forest,slope,minecraft:overworld:step.16:city.city_jingchao_capital:p.50,True
-3008,4944,73.0,2.0,6.0,False,minecraft:birch_forest,slope,minecraft:overworld:step.16:city.city_jingchao_capital:p.50,True
-2992,4944,74.0,3.0,6.0,False,minecraft:birch_forest,slope,minecraft:overworld:step.16:city.city_jingchao_capital:p.50,True
-2976,4944,72.0,3.0,8.0,False,minecraft:birch_forest,slope,minecraft:overworld:step.16:city.city_jingchao_capital:p.50,True
-2960,4944,72.0,4.0,8.0,False,minecraft:birch_forest,slope,minecraft:overworld:step.16:city.city_jingchao_capital:p.50,True
-2944,4944,71.0,3.0,8.0,False,minecraft:birch_forest,slope,minecraft:overworld:step.16:city.city_jingchao_capital:p.50,True
-2928,4944,69.0,4.0,8.0,False,minecraft:birch_forest,slope,minecraft:overworld:step.16:city.city_jingchao_capital:p.50,True
-2912,4944,69.0,4.0,9.0,False,minecraft:birch_forest,slope,minecraft:overworld:step.16:city.city_jingchao_capital:p.50,True
-2896,4944,69.0,4.0,9.0,False,minecraft:birch_forest,slope,minecraft:overworld:step.16:city.city_jingchao_capital:p.50,True
-2880,4944,69.0,4.0,9.0,False,minecraft:birch_forest,slope,minecraft:overworld:step.16:city.city_jingchao_capital:p.50,True
-2864,4944,70.0,3.0,9.0,False,minecraft:birch_forest,slope,minecraft:overworld:step.16:city.city_jingchao_capital:p.50,True
-2848,4944,69.0,3.0,10.0,False,minecraft:birch_forest,slope,minecraft:overworld:step.16:city.city_jingchao_capital:p.50,True
-2832,4944,69.0,4.0,9.0,False,minecraft:birch_forest,slope,minecraft:overworld:step.16:city.city_jingchao_capital:p.50,True
-2816,4944,67.0,3.0,7.0,False,minecraft:birch_forest,slope,minecraft:overworld:step.16:city.city_jingchao_capital:p.50,True
-2800,4944,66.0,3.0,6.0,False,minecraft:forest,slope,minecraft:overworld:step.16:city.city_jingchao_capital:p.50,True
-2784,4944,65.0,1.0,5.0,False,minecraft:forest,plain,minecraft:overworld:step.16:city.city_jingchao_capital:p.58,True
-2768,4944,64.0,1.0,4.0,False,minecraft:forest,plain,minecraft:overworld:step.16:city.city_jingchao_capital:p.58,True
-2752,4944,64.0,1.0,5.0,False,minecraft:forest,plain,minecraft:overworld:step.16:city.city_jingchao_capital:p.58,True
-2736,4944,63.0,2.0,4.0,False,minecraft:forest,plain,minecraft:overworld:step.16:city.city_jingchao_capital:p.58,True
-2720,4944,62.0,2.0,4.0,False,minecraft:forest,plain,minecraft:overworld:step.16:city.city_jingchao_capital:p.58,True
-2704,4944,62.0,2.0,4.0,False,minecraft:stony_shore,plain,minecraft:overworld:step.16:city.city_jingchao_capital:p.58,True
-2688,4944,62.0,1.0,3.0,False,minecraft:stony_shore,plain,minecraft:overworld:step.16:city.city_jingchao_capital:p.58,True
-2672,4944,62.0,1.0,3.0,False,minecraft:stony_shore,shore,minecraft:overworld:step.16:city.city_jingchao_capital:p.2,True
-2656,4944,62.0,2.0,5.0,False,minecraft:stony_shore,shore,minecraft:overworld:step.16:city.city_jingchao_capital:p.2,True
-2640,4944,62.0,2.0,4.0,False,minecraft:stony_shore,shore,minecraft:overworld:step.16:city.city_jingchao_capital:p.2,True
-2624,4944,61.0,3.0,4.0,True,minecraft:ocean,water,minecraft:overworld:step.16:city.city_jingchao_capital:p.51,True
-2608,4944,60.0,2.0,4.0,True,minecraft:ocean,water,minecraft:overworld:step.16:city.city_jingchao_capital:p.51,True
-2592,4944,60.0,1.0,4.0,True,minecraft:ocean,water,minecraft:overworld:step.16:city.city_jingchao_capital:p.51,True
-2576,4944,60.0,1.0,4.0,True,minecraft:ocean,water,minecraft:overworld:step.16:city.city_jingchao_capital:p.51,True
-2560,4944,60.0,1.0,3.0,True,minecraft:ocean,water,minecraft:overworld:step.16:city.city_jingchao_capital:p.51,True
-2544,4944,59.0,2.0,3.0,True,minecraft:ocean,water,minecraft:overworld:step.16:city.city_jingchao_capital:p.51,True
-2528,4944,59.0,2.0,3.0,True,minecraft:ocean,water,minecraft:overworld:step.16:city.city_jingchao_capital:p.51,True
-2512,4944,59.0,2.0,3.0,True,minecraft:ocean,water,minecraft:overworld:step.16:city.city_jingchao_capital:p.51,True
-2496,4944,60.0,1.0,4.0,True,minecraft:ocean,water,minecraft:overworld:step.16:city.city_jingchao_capital:p.51,True
-2480,4944,60.0,2.0,4.0,True,minecraft:ocean,water,minecraft:overworld:step.16:city.city_jingchao_capital:p.51,True
-2464,4944,61.0,2.0,4.0,True,minecraft:ocean,water,minecraft:overworld:step.16:city.city_jingchao_capital:p.51,True
-2448,4944,62.0,1.0,3.0,False,minecraft:stony_shore,shore,minecraft:overworld:step.16:city.city_jingchao_capital:p.2,True
-2432,4944,61.0,2.0,3.0,True,minecraft:ocean,water,minecraft:overworld:step.16:city.city_jingchao_capital:p.51,True
-3440,4960,58.0,3.0,5.0,True,minecraft:forest,water,minecraft:overworld:step.16:city.city_jingchao_capital:p.1,True
-3424,4960,58.0,4.0,6.0,True,minecraft:forest,water,minecraft:overworld:step.16:city.city_jingchao_capital:p.1,True
-3408,4960,62.0,4.0,5.0,False,minecraft:forest,shore,minecraft:overworld:step.16:city.city_jingchao_capital:p.2,True
-3392,4960,63.0,3.0,6.0,False,minecraft:forest,shore,minecraft:overworld:step.16:city.city_jingchao_capital:p.2,True
-3376,4960,63.0,1.0,6.0,False,minecraft:forest,shore,minecraft:overworld:step.16:city.city_jingchao_capital:p.2,True
-3360,4960,63.0,1.0,3.0,False,minecraft:forest,plain,minecraft:overworld:step.16:city.city_jingchao_capital:p.3,True
-3344,4960,64.0,1.0,3.0,False,minecraft:forest,plain,minecraft:overworld:step.16:city.city_jingchao_capital:p.3,True
-3328,4960,64.0,1.0,4.0,False,minecraft:forest,plain,minecraft:overworld:step.16:city.city_jingchao_capital:p.3,True
-3312,4960,65.0,2.0,3.0,False,minecraft:forest,plain,minecraft:overworld:step.16:city.city_jingchao_capital:p.3,True
-3296,4960,65.0,1.0,4.0,False,minecraft:forest,plain,minecraft:overworld:step.16:city.city_jingchao_capital:p.3,True
-3280,4960,66.0,1.0,3.0,False,minecraft:forest,plain,minecraft:overworld:step.16:city.city_jingchao_capital:p.3,True
-3264,4960,66.0,1.0,4.0,False,minecraft:forest,plain,minecraft:overworld:step.16:city.city_jingchao_capital:p.3,True
-3248,4960,67.0,1.0,4.0,False,minecraft:forest,plain,minecraft:overworld:step.16:city.city_jingchao_capital:p.3,True
-3232,4960,67.0,2.0,5.0,False,minecraft:forest,plain,minecraft:overworld:step.16:city.city_jingchao_capital:p.3,True
-3216,4960,68.0,2.0,5.0,False,minecraft:birch_forest,plain,minecraft:overworld:step.16:city.city_jingchao_capital:p.3,True
-3200,4960,69.0,3.0,5.0,False,minecraft:birch_forest,slope,minecraft:overworld:step.16:city.city_jingchao_capital:p.19,True
-3184,4960,69.0,1.0,5.0,False,minecraft:birch_forest,plain,minecraft:overworld:step.16:city.city_jingchao_capital:p.3,True
-3168,4960,69.0,1.0,4.0,False,minecraft:forest,plain,minecraft:overworld:step.16:city.city_jingchao_capital:p.3,True
-3152,4960,69.0,1.0,4.0,False,minecraft:forest,plain,minecraft:overworld:step.16:city.city_jingchao_capital:p.3,True
-3136,4960,70.0,1.0,4.0,False,minecraft:forest,plain,minecraft:overworld:step.16:city.city_jingchao_capital:p.3,True
-3120,4960,71.0,2.0,3.0,False,minecraft:birch_forest,plain,minecraft:overworld:step.16:city.city_jingchao_capital:p.3,True
-3104,4960,70.0,1.0,2.0,False,minecraft:birch_forest,plain,minecraft:overworld:step.16:city.city_jingchao_capital:p.3,True
-3088,4960,70.0,1.0,2.0,False,minecraft:birch_forest,plain,minecraft:overworld:step.16:city.city_jingchao_capital:p.3,True
-3072,4960,69.0,1.0,2.0,False,minecraft:birch_forest,plain,minecraft:overworld:step.16:city.city_jingchao_capital:p.3,True
-3056,4960,69.0,1.0,2.0,False,minecraft:birch_forest,plain,minecraft:overworld:step.16:city.city_jingchao_capital:p.3,True
-3040,4960,70.0,1.0,4.0,False,minecraft:birch_forest,plain,minecraft:overworld:step.16:city.city_jingchao_capital:p.3,True
-3024,4960,71.0,2.0,6.0,False,minecraft:birch_forest,slope,minecraft:overworld:step.16:city.city_jingchao_capital:p.50,True
-3008,4960,73.0,2.0,6.0,False,minecraft:birch_forest,slope,minecraft:overworld:step.16:city.city_jingchao_capital:p.50,True
-2992,4960,73.0,3.0,6.0,False,minecraft:birch_forest,slope,minecraft:overworld:step.16:city.city_jingchao_capital:p.50,True
-2976,4960,71.0,3.0,8.0,False,minecraft:birch_forest,slope,minecraft:overworld:step.16:city.city_jingchao_capital:p.50,True
-2960,4960,70.0,3.0,8.0,False,minecraft:birch_forest,slope,minecraft:overworld:step.16:city.city_jingchao_capital:p.50,True
-2944,4960,68.0,4.0,7.0,False,minecraft:birch_forest,slope,minecraft:overworld:step.16:city.city_jingchao_capital:p.50,True
-2928,4960,68.0,3.0,7.0,False,minecraft:birch_forest,slope,minecraft:overworld:step.16:city.city_jingchao_capital:p.50,True
-2912,4960,67.0,2.0,7.0,False,minecraft:birch_forest,slope,minecraft:overworld:step.16:city.city_jingchao_capital:p.50,True
-2896,4960,66.0,3.0,7.0,False,minecraft:birch_forest,slope,minecraft:overworld:step.16:city.city_jingchao_capital:p.50,True
-2880,4960,67.0,3.0,7.0,False,minecraft:birch_forest,slope,minecraft:overworld:step.16:city.city_jingchao_capital:p.50,True
-2864,4960,67.0,3.0,7.0,False,minecraft:birch_forest,slope,minecraft:overworld:step.16:city.city_jingchao_capital:p.50,True
-2848,4960,67.0,3.0,8.0,False,minecraft:birch_forest,slope,minecraft:overworld:step.16:city.city_jingchao_capital:p.50,True
-2832,4960,66.0,3.0,7.0,False,minecraft:birch_forest,slope,minecraft:overworld:step.16:city.city_jingchao_capital:p.50,True
-2816,4960,65.0,4.0,7.0,False,minecraft:forest,slope,minecraft:overworld:step.16:city.city_jingchao_capital:p.50,True
-2800,4960,65.0,2.0,6.0,False,minecraft:forest,slope,minecraft:overworld:step.16:city.city_jingchao_capital:p.50,True
-2784,4960,65.0,2.0,5.0,False,minecraft:forest,plain,minecraft:overworld:step.16:city.city_jingchao_capital:p.58,True
-2768,4960,65.0,2.0,6.0,False,minecraft:forest,slope,minecraft:overworld:step.16:city.city_jingchao_capital:p.50,True
-2752,4960,65.0,2.0,6.0,False,minecraft:forest,slope,minecraft:overworld:step.16:city.city_jingchao_capital:p.50,True
-2736,4960,64.0,2.0,5.0,False,minecraft:forest,plain,minecraft:overworld:step.16:city.city_jingchao_capital:p.58,True
-2720,4960,64.0,2.0,5.0,False,minecraft:forest,plain,minecraft:overworld:step.16:city.city_jingchao_capital:p.58,True
-2704,4960,63.0,2.0,5.0,False,minecraft:forest,plain,minecraft:overworld:step.16:city.city_jingchao_capital:p.58,True
-2688,4960,63.0,2.0,5.0,False,minecraft:forest,plain,minecraft:overworld:step.16:city.city_jingchao_capital:p.58,True
-2672,4960,63.0,2.0,6.0,False,minecraft:stony_shore,slope,minecraft:overworld:step.16:city.city_jingchao_capital:p.59,True
-2656,4960,63.0,1.0,4.0,False,minecraft:stony_shore,shore,minecraft:overworld:step.16:city.city_jingchao_capital:p.2,True
-2640,4960,64.0,3.0,4.0,False,minecraft:stony_shore,shore,minecraft:overworld:step.16:city.city_jingchao_capital:p.2,True
-2624,4960,62.0,2.0,4.0,False,minecraft:stony_shore,shore,minecraft:overworld:step.16:city.city_jingchao_capital:p.2,True
-2608,4960,61.0,2.0,4.0,True,minecraft:ocean,water,minecraft:overworld:step.16:city.city_jingchao_capital:p.51,True
-2592,4960,61.0,2.0,4.0,True,minecraft:ocean,water,minecraft:overworld:step.16:city.city_jingchao_capital:p.51,True
-2576,4960,60.0,2.0,5.0,True,minecraft:ocean,water,minecraft:overworld:step.16:city.city_jingchao_capital:p.51,True
-2560,4960,60.0,2.0,3.0,True,minecraft:ocean,water,minecraft:overworld:step.16:city.city_jingchao_capital:p.51,True
-2544,4960,59.0,2.0,3.0,True,minecraft:ocean,water,minecraft:overworld:step.16:city.city_jingchao_capital:p.51,True
-2528,4960,60.0,1.0,3.0,True,minecraft:ocean,water,minecraft:overworld:step.16:city.city_jingchao_capital:p.51,True
-2512,4960,59.0,1.0,2.0,True,minecraft:ocean,water,minecraft:overworld:step.16:city.city_jingchao_capital:p.51,True
-2496,4960,59.0,1.0,3.0,True,minecraft:ocean,water,minecraft:overworld:step.16:city.city_jingchao_capital:p.51,True
-2480,4960,60.0,1.0,4.0,True,minecraft:ocean,water,minecraft:overworld:step.16:city.city_jingchao_capital:p.51,True
-2464,4960,61.0,1.0,4.0,True,minecraft:ocean,water,minecraft:overworld:step.16:city.city_jingchao_capital:p.51,True
-2448,4960,61.0,1.0,3.0,True,minecraft:ocean,water,minecraft:overworld:step.16:city.city_jingchao_capital:p.51,True
-2432,4960,61.0,1.0,3.0,True,minecraft:ocean,water,minecraft:overworld:step.16:city.city_jingchao_capital:p.51,True
-3440,4976,58.0,2.0,5.0,True,minecraft:forest,water,minecraft:overworld:step.16:city.city_jingchao_capital:p.1,True
-3424,4976,58.0,4.0,6.0,True,minecraft:forest,water,minecraft:overworld:step.16:city.city_jingchao_capital:p.1,True
-3408,4976,60.0,3.0,6.0,True,minecraft:forest,water,minecraft:overworld:step.16:city.city_jingchao_capital:p.1,True
-3392,4976,63.0,5.0,7.0,False,minecraft:forest,shore,minecraft:overworld:step.16:city.city_jingchao_capital:p.2,True
-3376,4976,63.0,1.0,7.0,False,minecraft:forest,shore,minecraft:overworld:step.16:city.city_jingchao_capital:p.2,True
-3360,4976,63.0,1.0,7.0,False,minecraft:forest,shore,minecraft:overworld:step.16:city.city_jingchao_capital:p.2,True
-3344,4976,63.0,1.0,4.0,False,minecraft:forest,plain,minecraft:overworld:step.16:city.city_jingchao_capital:p.3,True
-3328,4976,63.0,2.0,4.0,False,minecraft:forest,plain,minecraft:overworld:step.16:city.city_jingchao_capital:p.3,True
-3312,4976,65.0,2.0,3.0,False,minecraft:forest,plain,minecraft:overworld:step.16:city.city_jingchao_capital:p.3,True
-3296,4976,65.0,1.0,4.0,False,minecraft:forest,plain,minecraft:overworld:step.16:city.city_jingchao_capital:p.3,True
-3280,4976,66.0,2.0,4.0,False,minecraft:forest,plain,minecraft:overworld:step.16:city.city_jingchao_capital:p.3,True
-3264,4976,66.0,1.0,5.0,False,minecraft:forest,plain,minecraft:overworld:step.16:city.city_jingchao_capital:p.3,True
-3248,4976,66.0,1.0,5.0,False,minecraft:forest,plain,minecraft:overworld:step.16:city.city_jingchao_capital:p.3,True
-3232,4976,66.0,2.0,5.0,False,minecraft:forest,plain,minecraft:overworld:step.16:city.city_jingchao_capital:p.3,True
-3216,4976,66.0,3.0,5.0,False,minecraft:forest,slope,minecraft:overworld:step.16:city.city_jingchao_capital:p.19,True
-3200,4976,68.0,3.0,5.0,False,minecraft:birch_forest,slope,minecraft:overworld:step.16:city.city_jingchao_capital:p.19,True
-3184,4976,69.0,3.0,5.0,False,minecraft:birch_forest,slope,minecraft:overworld:step.16:city.city_jingchao_capital:p.19,True
-3168,4976,68.0,1.0,4.0,False,minecraft:birch_forest,plain,minecraft:overworld:step.16:city.city_jingchao_capital:p.3,True
-3152,4976,69.0,2.0,5.0,False,minecraft:forest,plain,minecraft:overworld:step.16:city.city_jingchao_capital:p.3,True
-3136,4976,70.0,2.0,4.0,False,minecraft:forest,plain,minecraft:overworld:step.16:city.city_jingchao_capital:p.3,True
-3120,4976,71.0,2.0,4.0,False,minecraft:birch_forest,plain,minecraft:overworld:step.16:city.city_jingchao_capital:p.3,True
-3104,4976,71.0,1.0,3.0,False,minecraft:birch_forest,plain,minecraft:overworld:step.16:city.city_jingchao_capital:p.3,True
-3088,4976,70.0,1.0,3.0,False,minecraft:birch_forest,plain,minecraft:overworld:step.16:city.city_jingchao_capital:p.3,True
-3072,4976,70.0,1.0,3.0,False,minecraft:birch_forest,plain,minecraft:overworld:step.16:city.city_jingchao_capital:p.3,True
-3056,4976,69.0,1.0,3.0,False,minecraft:birch_forest,plain,minecraft:overworld:step.16:city.city_jingchao_capital:p.3,True
-3040,4976,69.0,2.0,5.0,False,minecraft:birch_forest,plain,minecraft:overworld:step.16:city.city_jingchao_capital:p.3,True
-3024,4976,71.0,2.0,6.0,False,minecraft:birch_forest,slope,minecraft:overworld:step.16:city.city_jingchao_capital:p.50,True
-3008,4976,72.0,2.0,6.0,False,minecraft:birch_forest,slope,minecraft:overworld:step.16:city.city_jingchao_capital:p.50,True
-2992,4976,72.0,2.0,5.0,False,minecraft:birch_forest,plain,minecraft:overworld:step.16:city.city_jingchao_capital:p.60,True
-2976,4976,70.0,3.0,7.0,False,minecraft:birch_forest,slope,minecraft:overworld:step.16:city.city_jingchao_capital:p.50,True
-2960,4976,69.0,2.0,7.0,False,minecraft:birch_forest,slope,minecraft:overworld:step.16:city.city_jingchao_capital:p.50,True
-2944,4976,67.0,3.0,6.0,False,minecraft:birch_forest,slope,minecraft:overworld:step.16:city.city_jingchao_capital:p.50,True
-2928,4976,67.0,1.0,7.0,False,minecraft:birch_forest,slope,minecraft:overworld:step.16:city.city_jingchao_capital:p.50,True
-2912,4976,66.0,2.0,6.0,False,minecraft:birch_forest,slope,minecraft:overworld:step.16:city.city_jingchao_capital:p.50,True
-2896,4976,66.0,2.0,5.0,False,minecraft:birch_forest,plain,minecraft:overworld:step.16:city.city_jingchao_capital:p.61,True
-2880,4976,66.0,2.0,5.0,False,minecraft:birch_forest,plain,minecraft:overworld:step.16:city.city_jingchao_capital:p.61,True
-2864,4976,67.0,1.0,5.0,False,minecraft:birch_forest,plain,minecraft:overworld:step.16:city.city_jingchao_capital:p.61,True
-2848,4976,68.0,2.0,5.0,False,minecraft:forest,plain,minecraft:overworld:step.16:city.city_jingchao_capital:p.61,True
-2832,4976,67.0,2.0,5.0,False,minecraft:forest,plain,minecraft:overworld:step.16:city.city_jingchao_capital:p.61,True
-2816,4976,67.0,2.0,5.0,False,minecraft:forest,plain,minecraft:overworld:step.16:city.city_jingchao_capital:p.61,True
-2800,4976,67.0,2.0,6.0,False,minecraft:forest,slope,minecraft:overworld:step.16:city.city_jingchao_capital:p.50,True
-2784,4976,67.0,2.0,6.0,False,minecraft:forest,slope,minecraft:overworld:step.16:city.city_jingchao_capital:p.50,True
-2768,4976,65.0,3.0,7.0,False,minecraft:forest,slope,minecraft:overworld:step.16:city.city_jingchao_capital:p.50,True
-2752,4976,66.0,2.0,8.0,False,minecraft:forest,slope,minecraft:overworld:step.16:city.city_jingchao_capital:p.50,True
-2736,4976,65.0,2.0,6.0,False,minecraft:forest,slope,minecraft:overworld:step.16:city.city_jingchao_capital:p.50,True
-2720,4976,65.0,2.0,6.0,False,minecraft:forest,slope,minecraft:overworld:step.16:city.city_jingchao_capital:p.50,True
-2704,4976,65.0,2.0,6.0,False,minecraft:forest,slope,minecraft:overworld:step.16:city.city_jingchao_capital:p.50,True
-2688,4976,65.0,2.0,5.0,False,minecraft:forest,plain,minecraft:overworld:step.16:city.city_jingchao_capital:p.58,True
-2672,4976,64.0,1.0,6.0,False,minecraft:forest,shore,minecraft:overworld:step.16:city.city_jingchao_capital:p.2,True
-2656,4976,64.0,3.0,4.0,False,minecraft:forest,shore,minecraft:overworld:step.16:city.city_jingchao_capital:p.2,True
-2640,4976,63.0,2.0,4.0,False,minecraft:stony_shore,shore,minecraft:overworld:step.16:city.city_jingchao_capital:p.2,True
-2624,4976,61.0,3.0,4.0,True,minecraft:ocean,water,minecraft:overworld:step.16:city.city_jingchao_capital:p.62,True
-2608,4976,63.0,2.0,4.0,False,minecraft:stony_shore,shore,minecraft:overworld:step.16:city.city_jingchao_capital:p.2,True
-2592,4976,62.0,2.0,4.0,False,minecraft:stony_shore,shore,minecraft:overworld:step.16:city.city_jingchao_capital:p.2,True
-2576,4976,62.0,2.0,5.0,False,minecraft:stony_shore,shore,minecraft:overworld:step.16:city.city_jingchao_capital:p.2,True
-2560,4976,61.0,2.0,3.0,True,minecraft:ocean,water,minecraft:overworld:step.16:city.city_jingchao_capital:p.51,True
-2544,4976,59.0,3.0,3.0,True,minecraft:ocean,water,minecraft:overworld:step.16:city.city_jingchao_capital:p.51,True
-2528,4976,59.0,1.0,3.0,True,minecraft:ocean,water,minecraft:overworld:step.16:city.city_jingchao_capital:p.51,True
-2512,4976,59.0,1.0,1.0,True,minecraft:ocean,water,minecraft:overworld:step.16:city.city_jingchao_capital:p.51,True
-2496,4976,59.0,1.0,2.0,True,minecraft:ocean,water,minecraft:overworld:step.16:city.city_jingchao_capital:p.51,True
-2480,4976,60.0,1.0,3.0,True,minecraft:ocean,water,minecraft:overworld:step.16:city.city_jingchao_capital:p.51,True
-2464,4976,60.0,1.0,3.0,True,minecraft:ocean,water,minecraft:overworld:step.16:city.city_jingchao_capital:p.51,True
-2448,4976,61.0,1.0,2.0,True,minecraft:ocean,water,minecraft:overworld:step.16:city.city_jingchao_capital:p.51,True
-2432,4976,60.0,1.0,2.0,True,minecraft:ocean,water,minecraft:overworld:step.16:city.city_jingchao_capital:p.51,True
-3440,4992,58.0,2.0,5.0,True,minecraft:forest,water,minecraft:overworld:step.16:city.city_jingchao_capital:p.1,True
-3424,4992,58.0,2.0,6.0,True,minecraft:forest,water,minecraft:overworld:step.16:city.city_jingchao_capital:p.1,True
-3408,4992,58.0,5.0,6.0,True,minecraft:forest,water,minecraft:overworld:step.16:city.city_jingchao_capital:p.1,True
-3392,4992,62.0,5.0,6.0,False,minecraft:forest,shore,minecraft:overworld:step.16:city.city_jingchao_capital:p.2,True
-3376,4992,62.0,4.0,7.0,False,minecraft:forest,shore,minecraft:overworld:step.16:city.city_jingchao_capital:p.2,True
-3360,4992,62.0,1.0,7.0,False,minecraft:forest,shore,minecraft:overworld:step.16:city.city_jingchao_capital:p.2,True
-3344,4992,63.0,1.0,7.0,False,minecraft:forest,shore,minecraft:overworld:step.16:city.city_jingchao_capital:p.2,True
-3328,4992,63.0,2.0,4.0,False,minecraft:forest,plain,minecraft:overworld:step.16:city.city_jingchao_capital:p.3,True
-3312,4992,64.0,1.0,4.0,False,minecraft:forest,plain,minecraft:overworld:step.16:city.city_jingchao_capital:p.3,True
-3296,4992,64.0,2.0,3.0,False,minecraft:forest,plain,minecraft:overworld:step.16:city.city_jingchao_capital:p.3,True
-3280,4992,65.0,2.0,4.0,False,minecraft:forest,plain,minecraft:overworld:step.16:city.city_jingchao_capital:p.3,True
-3264,4992,66.0,2.0,4.0,False,minecraft:forest,plain,minecraft:overworld:step.16:city.city_jingchao_capital:p.3,True
-3248,4992,65.0,1.0,5.0,False,minecraft:forest,plain,minecraft:overworld:step.16:city.city_jingchao_capital:p.3,True
-3232,4992,65.0,1.0,5.0,False,minecraft:forest,plain,minecraft:overworld:step.16:city.city_jingchao_capital:p.3,True
-3216,4992,65.0,3.0,4.0,False,minecraft:forest,slope,minecraft:overworld:step.16:city.city_jingchao_capital:p.19,True
-3200,4992,66.0,3.0,4.0,False,minecraft:forest,slope,minecraft:overworld:step.16:city.city_jingchao_capital:p.19,True
-3184,4992,67.0,2.0,4.0,False,minecraft:birch_forest,plain,minecraft:overworld:step.16:city.city_jingchao_capital:p.3,True
-3168,4992,67.0,2.0,5.0,False,minecraft:forest,plain,minecraft:overworld:step.16:city.city_jingchao_capital:p.3,True
-3152,4992,68.0,2.0,5.0,False,minecraft:forest,plain,minecraft:overworld:step.16:city.city_jingchao_capital:p.3,True
-3136,4992,69.0,2.0,5.0,False,minecraft:forest,plain,minecraft:overworld:step.16:city.city_jingchao_capital:p.3,True
-3120,4992,70.0,2.0,5.0,False,minecraft:birch_forest,plain,minecraft:overworld:step.16:city.city_jingchao_capital:p.3,True
-3104,4992,70.0,2.0,4.0,False,minecraft:birch_forest,plain,minecraft:overworld:step.16:city.city_jingchao_capital:p.3,True
-3088,4992,70.0,2.0,4.0,False,minecraft:birch_forest,plain,minecraft:overworld:step.16:city.city_jingchao_capital:p.3,True
-3072,4992,70.0,2.0,3.0,False,minecraft:birch_forest,plain,minecraft:overworld:step.16:city.city_jingchao_capital:p.3,True
-3056,4992,70.0,2.0,3.0,False,minecraft:birch_forest,plain,minecraft:overworld:step.16:city.city_jingchao_capital:p.3,True
-3040,4992,69.0,2.0,5.0,False,minecraft:birch_forest,plain,minecraft:overworld:step.16:city.city_jingchao_capital:p.3,True
-3024,4992,70.0,2.0,5.0,False,minecraft:birch_forest,plain,minecraft:overworld:step.16:city.city_jingchao_capital:p.3,True
-3008,4992,71.0,2.0,5.0,False,minecraft:birch_forest,plain,minecraft:overworld:step.16:city.city_jingchao_capital:p.3,True
-2992,4992,72.0,3.0,5.0,False,minecraft:birch_forest,slope,minecraft:overworld:step.16:city.city_jingchao_capital:p.50,True
-2976,4992,71.0,2.0,6.0,False,minecraft:birch_forest,slope,minecraft:overworld:step.16:city.city_jingchao_capital:p.50,True
-2960,4992,69.0,2.0,7.0,False,minecraft:birch_forest,slope,minecraft:overworld:step.16:city.city_jingchao_capital:p.50,True
-2944,4992,67.0,2.0,5.0,False,minecraft:birch_forest,plain,minecraft:overworld:step.16:city.city_jingchao_capital:p.61,True
-2928,4992,67.0,1.0,5.0,False,minecraft:birch_forest,plain,minecraft:overworld:step.16:city.city_jingchao_capital:p.61,True
-2912,4992,67.0,2.0,3.0,False,minecraft:birch_forest,plain,minecraft:overworld:step.16:city.city_jingchao_capital:p.61,True
-2896,4992,68.0,3.0,3.0,False,minecraft:birch_forest,slope,minecraft:overworld:step.16:city.city_jingchao_capital:p.63,True
-2880,4992,67.0,2.0,3.0,False,minecraft:birch_forest,plain,minecraft:overworld:step.16:city.city_jingchao_capital:p.61,True
-2864,4992,67.0,2.0,3.0,False,minecraft:forest,plain,minecraft:overworld:step.16:city.city_jingchao_capital:p.61,True
-2848,4992,68.0,3.0,4.0,False,minecraft:forest,slope,minecraft:overworld:step.16:city.city_jingchao_capital:p.64,True
-2832,4992,68.0,1.0,5.0,False,minecraft:forest,plain,minecraft:overworld:step.16:city.city_jingchao_capital:p.61,True
-2816,4992,69.0,2.0,5.0,False,minecraft:forest,plain,minecraft:overworld:step.16:city.city_jingchao_capital:p.61,True
-2800,4992,69.0,2.0,5.0,False,minecraft:forest,plain,minecraft:overworld:step.16:city.city_jingchao_capital:p.61,True
-2784,4992,68.0,3.0,5.0,False,minecraft:forest,slope,minecraft:overworld:step.16:city.city_jingchao_capital:p.50,True
-2768,4992,67.0,3.0,6.0,False,minecraft:forest,slope,minecraft:overworld:step.16:city.city_jingchao_capital:p.50,True
-2752,4992,67.0,2.0,6.0,False,minecraft:forest,slope,minecraft:overworld:step.16:city.city_jingchao_capital:p.50,True
-2736,4992,67.0,2.0,5.0,False,minecraft:forest,plain,minecraft:overworld:step.16:city.city_jingchao_capital:p.65,True
-2720,4992,67.0,2.0,5.0,False,minecraft:forest,plain,minecraft:overworld:step.16:city.city_jingchao_capital:p.65,True
-2704,4992,67.0,3.0,5.0,False,minecraft:forest,slope,minecraft:overworld:step.16:city.city_jingchao_capital:p.50,True
-2688,4992,65.0,2.0,5.0,False,minecraft:forest,shore,minecraft:overworld:step.16:city.city_jingchao_capital:p.2,True
-2672,4992,64.0,2.0,6.0,False,minecraft:forest,shore,minecraft:overworld:step.16:city.city_jingchao_capital:p.2,True
-2656,4992,63.0,2.0,4.0,False,minecraft:forest,shore,minecraft:overworld:step.16:city.city_jingchao_capital:p.2,True
-2640,4992,61.0,3.0,3.0,True,minecraft:forest,water,minecraft:overworld:step.16:city.city_jingchao_capital:p.66,True
-2624,4992,63.0,2.0,3.0,False,minecraft:forest,shore,minecraft:overworld:step.16:city.city_jingchao_capital:p.2,True
-2608,4992,64.0,3.0,4.0,False,minecraft:forest,shore,minecraft:overworld:step.16:city.city_jingchao_capital:p.2,True
-2592,4992,62.0,2.0,4.0,False,minecraft:forest,shore,minecraft:overworld:step.16:city.city_jingchao_capital:p.2,True
-2576,4992,61.0,1.0,5.0,True,minecraft:forest,water,minecraft:overworld:step.16:city.city_jingchao_capital:p.51,True
-2560,4992,62.0,3.0,3.0,False,minecraft:forest,shore,minecraft:overworld:step.16:city.city_jingchao_capital:p.85,True
-2544,4992,60.0,2.0,3.0,True,minecraft:forest,water,minecraft:overworld:step.16:city.city_jingchao_capital:p.51,True
-2528,4992,59.0,1.0,3.0,True,minecraft:ocean,water,minecraft:overworld:step.16:city.city_jingchao_capital:p.51,True
-2512,4992,59.0,1.0,2.0,True,minecraft:ocean,water,minecraft:overworld:step.16:city.city_jingchao_capital:p.51,True
-2496,4992,59.0,1.0,3.0,True,minecraft:ocean,water,minecraft:overworld:step.16:city.city_jingchao_capital:p.51,True
-2480,4992,60.0,1.0,3.0,True,minecraft:ocean,water,minecraft:overworld:step.16:city.city_jingchao_capital:p.51,True
-2464,4992,60.0,1.0,3.0,True,minecraft:ocean,water,minecraft:overworld:step.16:city.city_jingchao_capital:p.51,True
-2448,4992,61.0,1.0,2.0,True,minecraft:ocean,water,minecraft:overworld:step.16:city.city_jingchao_capital:p.51,True
-2432,4992,61.0,1.0,2.0,True,minecraft:ocean,water,minecraft:overworld:step.16:city.city_jingchao_capital:p.51,True
-3440,5008,60.0,3.0,4.0,True,minecraft:forest,water,minecraft:overworld:step.16:city.city_jingchao_capital:p.1,True
-3424,5008,57.0,3.0,6.0,True,minecraft:forest,water,minecraft:overworld:step.16:city.city_jingchao_capital:p.1,True
-3408,5008,57.0,5.0,6.0,True,minecraft:forest,water,minecraft:overworld:step.16:city.city_jingchao_capital:p.1,True
-3392,5008,58.0,4.0,6.0,True,minecraft:forest,water,minecraft:overworld:step.16:city.city_jingchao_capital:p.1,True
-3376,5008,61.0,4.0,6.0,True,minecraft:forest,water,minecraft:overworld:step.16:city.city_jingchao_capital:p.1,True
-3360,5008,62.0,4.0,6.0,False,minecraft:forest,shore,minecraft:overworld:step.16:city.city_jingchao_capital:p.2,True
-3344,5008,63.0,2.0,7.0,False,minecraft:forest,shore,minecraft:overworld:step.16:city.city_jingchao_capital:p.2,True
-3328,5008,63.0,1.0,7.0,False,minecraft:forest,shore,minecraft:overworld:step.16:city.city_jingchao_capital:p.2,True
-3312,5008,63.0,1.0,4.0,False,minecraft:forest,plain,minecraft:overworld:step.16:city.city_jingchao_capital:p.3,True
-3296,5008,63.0,2.0,4.0,False,minecraft:forest,plain,minecraft:overworld:step.16:city.city_jingchao_capital:p.3,True
-3280,5008,64.0,2.0,4.0,False,minecraft:forest,plain,minecraft:overworld:step.16:city.city_jingchao_capital:p.3,True
-3264,5008,65.0,2.0,4.0,False,minecraft:forest,plain,minecraft:overworld:step.16:city.city_jingchao_capital:p.3,True
-3248,5008,65.0,1.0,3.0,False,minecraft:forest,plain,minecraft:overworld:step.16:city.city_jingchao_capital:p.3,True
-3232,5008,65.0,0.0,4.0,False,minecraft:forest,plain,minecraft:overworld:step.16:city.city_jingchao_capital:p.3,True
-3216,5008,65.0,1.0,5.0,False,minecraft:forest,plain,minecraft:overworld:step.16:city.city_jingchao_capital:p.3,True
-3200,5008,66.0,1.0,5.0,False,minecraft:forest,plain,minecraft:overworld:step.16:city.city_jingchao_capital:p.3,True
-3184,5008,66.0,1.0,4.0,False,minecraft:forest,plain,minecraft:overworld:step.16:city.city_jingchao_capital:p.3,True
-3168,5008,67.0,1.0,5.0,False,minecraft:forest,plain,minecraft:overworld:step.16:city.city_jingchao_capital:p.3,True
-3152,5008,67.0,2.0,5.0,False,minecraft:forest,plain,minecraft:overworld:step.16:city.city_jingchao_capital:p.3,True
-3136,5008,68.0,2.0,5.0,False,minecraft:forest,plain,minecraft:overworld:step.16:city.city_jingchao_capital:p.3,True
-3120,5008,68.0,2.0,5.0,False,minecraft:birch_forest,plain,minecraft:overworld:step.16:city.city_jingchao_capital:p.3,True
-3104,5008,68.0,2.0,5.0,False,minecraft:birch_forest,plain,minecraft:overworld:step.16:city.city_jingchao_capital:p.3,True
-3088,5008,68.0,2.0,4.0,False,minecraft:birch_forest,plain,minecraft:overworld:step.16:city.city_jingchao_capital:p.3,True
-3072,5008,68.0,2.0,4.0,False,minecraft:birch_forest,plain,minecraft:overworld:step.16:city.city_jingchao_capital:p.3,True
-3056,5008,68.0,2.0,4.0,False,minecraft:birch_forest,plain,minecraft:overworld:step.16:city.city_jingchao_capital:p.3,True
-3040,5008,68.0,2.0,5.0,False,minecraft:birch_forest,plain,minecraft:overworld:step.16:city.city_jingchao_capital:p.3,True
-3024,5008,69.0,2.0,5.0,False,minecraft:birch_forest,plain,minecraft:overworld:step.16:city.city_jingchao_capital:p.3,True
-3008,5008,69.0,3.0,5.0,False,minecraft:birch_forest,slope,minecraft:overworld:step.16:city.city_jingchao_capital:p.50,True
-2992,5008,70.0,2.0,6.0,False,minecraft:birch_forest,slope,minecraft:overworld:step.16:city.city_jingchao_capital:p.50,True
-2976,5008,70.0,2.0,6.0,False,minecraft:birch_forest,slope,minecraft:overworld:step.16:city.city_jingchao_capital:p.50,True
-2960,5008,69.0,2.0,6.0,False,minecraft:birch_forest,slope,minecraft:overworld:step.16:city.city_jingchao_capital:p.50,True
-2944,5008,68.0,2.0,5.0,False,minecraft:birch_forest,plain,minecraft:overworld:step.16:city.city_jingchao_capital:p.61,True
-2928,5008,68.0,2.0,4.0,False,minecraft:birch_forest,plain,minecraft:overworld:step.16:city.city_jingchao_capital:p.61,True
-2912,5008,66.0,2.0,3.0,False,minecraft:birch_forest,plain,minecraft:overworld:step.16:city.city_jingchao_capital:p.61,True
-2896,5008,65.0,3.0,3.0,False,minecraft:birch_forest,slope,minecraft:overworld:step.16:city.city_jingchao_capital:p.63,True
-2880,5008,67.0,2.0,3.0,False,minecraft:birch_forest,plain,minecraft:overworld:step.16:city.city_jingchao_capital:p.61,True
-2864,5008,65.0,3.0,3.0,False,minecraft:forest,slope,minecraft:overworld:step.16:city.city_jingchao_capital:p.67,True
-2848,5008,67.0,2.0,4.0,False,minecraft:forest,plain,minecraft:overworld:step.16:city.city_jingchao_capital:p.61,True
-2832,5008,68.0,1.0,5.0,False,minecraft:forest,plain,minecraft:overworld:step.16:city.city_jingchao_capital:p.61,True
-2816,5008,68.0,2.0,4.0,False,minecraft:forest,plain,minecraft:overworld:step.16:city.city_jingchao_capital:p.61,True
-2800,5008,70.0,3.0,5.0,False,minecraft:forest,slope,minecraft:overworld:step.16:city.city_jingchao_capital:p.50,True
-2784,5008,70.0,3.0,5.0,False,minecraft:forest,slope,minecraft:overworld:step.16:city.city_jingchao_capital:p.50,True
-2768,5008,68.0,2.0,6.0,False,minecraft:forest,slope,minecraft:overworld:step.16:city.city_jingchao_capital:p.50,True
-2752,5008,68.0,1.0,7.0,False,minecraft:forest,slope,minecraft:overworld:step.16:city.city_jingchao_capital:p.50,True
-2736,5008,68.0,2.0,5.0,False,minecraft:forest,plain,minecraft:overworld:step.16:city.city_jingchao_capital:p.65,True
-2720,5008,66.0,2.0,7.0,False,minecraft:forest,slope,minecraft:overworld:step.16:city.city_jingchao_capital:p.68,True
-2704,5008,65.0,2.0,7.0,False,minecraft:forest,shore,minecraft:overworld:step.16:city.city_jingchao_capital:p.2,True
-2688,5008,64.0,3.0,6.0,False,minecraft:forest,shore,minecraft:overworld:step.16:city.city_jingchao_capital:p.2,True
-2672,5008,63.0,2.0,6.0,False,minecraft:forest,shore,minecraft:overworld:step.16:city.city_jingchao_capital:p.2,True
-2656,5008,62.0,2.0,4.0,False,minecraft:forest,shore,minecraft:overworld:step.16:city.city_jingchao_capital:p.2,True
-2640,5008,63.0,2.0,3.0,False,minecraft:forest,shore,minecraft:overworld:step.16:city.city_jingchao_capital:p.2,True
-2624,5008,64.0,3.0,3.0,False,minecraft:forest,shore,minecraft:overworld:step.16:city.city_jingchao_capital:p.2,True
-2608,5008,63.0,2.0,3.0,False,minecraft:forest,shore,minecraft:overworld:step.16:city.city_jingchao_capital:p.2,True
-2592,5008,61.0,3.0,3.0,True,minecraft:forest,water,minecraft:overworld:step.16:city.city_jingchao_capital:p.51,True
-2576,5008,61.0,1.0,5.0,True,minecraft:forest,water,minecraft:overworld:step.16:city.city_jingchao_capital:p.51,True
-2560,5008,61.0,1.0,4.0,True,minecraft:forest,water,minecraft:overworld:step.16:city.city_jingchao_capital:p.51,True
-2544,5008,60.0,2.0,4.0,True,minecraft:forest,water,minecraft:overworld:step.16:city.city_jingchao_capital:p.51,True
-2528,5008,60.0,1.0,3.0,True,minecraft:forest,water,minecraft:overworld:step.16:city.city_jingchao_capital:p.51,True
-2512,5008,60.0,1.0,3.0,True,minecraft:forest,water,minecraft:overworld:step.16:city.city_jingchao_capital:p.51,True
-2496,5008,60.0,1.0,3.0,True,minecraft:forest,water,minecraft:overworld:step.16:city.city_jingchao_capital:p.51,True
-2480,5008,60.0,2.0,3.0,True,minecraft:ocean,water,minecraft:overworld:step.16:city.city_jingchao_capital:p.51,True
-2464,5008,60.0,2.0,3.0,True,minecraft:ocean,water,minecraft:overworld:step.16:city.city_jingchao_capital:p.51,True
-2448,5008,60.0,2.0,3.0,True,minecraft:ocean,water,minecraft:overworld:step.16:city.city_jingchao_capital:p.51,True
-2432,5008,60.0,2.0,3.0,True,minecraft:ocean,water,minecraft:overworld:step.16:city.city_jingchao_capital:p.51,True
-3440,5024,60.0,3.0,4.0,True,minecraft:forest,water,minecraft:overworld:step.16:city.city_jingchao_capital:p.1,True
-3424,5024,60.0,3.0,5.0,True,minecraft:forest,water,minecraft:overworld:step.16:city.city_jingchao_capital:p.1,True
-3408,5024,57.0,4.0,5.0,True,minecraft:forest,water,minecraft:overworld:step.16:city.city_jingchao_capital:p.1,True
-3392,5024,57.0,4.0,5.0,True,minecraft:forest,water,minecraft:overworld:step.16:city.city_jingchao_capital:p.1,True
-3376,5024,58.0,4.0,6.0,True,minecraft:forest,water,minecraft:overworld:step.16:city.city_jingchao_capital:p.1,True
-3360,5024,61.0,3.0,6.0,True,minecraft:forest,water,minecraft:overworld:step.16:city.city_jingchao_capital:p.1,True
-3344,5024,62.0,4.0,6.0,False,minecraft:forest,shore,minecraft:overworld:step.16:city.city_jingchao_capital:p.2,True
-3328,5024,63.0,1.0,6.0,False,minecraft:forest,shore,minecraft:overworld:step.16:city.city_jingchao_capital:p.2,True
-3312,5024,63.0,1.0,6.0,False,minecraft:forest,shore,minecraft:overworld:step.16:city.city_jingchao_capital:p.2,True
-3296,5024,63.0,1.0,4.0,False,minecraft:forest,plain,minecraft:overworld:step.16:city.city_jingchao_capital:p.3,True
-3280,5024,63.0,2.0,4.0,False,minecraft:forest,plain,minecraft:overworld:step.16:city.city_jingchao_capital:p.3,True
-3264,5024,64.0,1.0,4.0,False,minecraft:forest,plain,minecraft:overworld:step.16:city.city_jingchao_capital:p.3,True
-3248,5024,65.0,1.0,3.0,False,minecraft:forest,plain,minecraft:overworld:step.16:city.city_jingchao_capital:p.3,True
-3232,5024,65.0,1.0,2.0,False,minecraft:forest,plain,minecraft:overworld:step.16:city.city_jingchao_capital:p.3,True
-3216,5024,65.0,1.0,3.0,False,minecraft:forest,plain,minecraft:overworld:step.16:city.city_jingchao_capital:p.3,True
-3200,5024,65.0,1.0,3.0,False,minecraft:forest,plain,minecraft:overworld:step.16:city.city_jingchao_capital:p.3,True
-3184,5024,66.0,1.0,3.0,False,minecraft:forest,plain,minecraft:overworld:step.16:city.city_jingchao_capital:p.3,True
-3168,5024,66.0,1.0,4.0,False,minecraft:forest,plain,minecraft:overworld:step.16:city.city_jingchao_capital:p.3,True
-3152,5024,66.0,2.0,5.0,False,minecraft:forest,plain,minecraft:overworld:step.16:city.city_jingchao_capital:p.3,True
-3136,5024,67.0,1.0,4.0,False,minecraft:forest,plain,minecraft:overworld:step.16:city.city_jingchao_capital:p.3,True
-3120,5024,67.0,1.0,4.0,False,minecraft:birch_forest,plain,minecraft:overworld:step.16:city.city_jingchao_capital:p.3,True
-3104,5024,68.0,1.0,4.0,False,minecraft:birch_forest,plain,minecraft:overworld:step.16:city.city_jingchao_capital:p.3,True
-3088,5024,68.0,0.0,3.0,False,minecraft:birch_forest,plain,minecraft:overworld:step.16:city.city_jingchao_capital:p.3,True
-3072,5024,68.0,0.0,3.0,False,minecraft:birch_forest,plain,minecraft:overworld:step.16:city.city_jingchao_capital:p.3,True
-3056,5024,68.0,1.0,3.0,False,minecraft:birch_forest,plain,minecraft:overworld:step.16:city.city_jingchao_capital:p.3,True
-3040,5024,68.0,1.0,4.0,False,minecraft:birch_forest,plain,minecraft:overworld:step.16:city.city_jingchao_capital:p.3,True
-3024,5024,68.0,1.0,5.0,False,minecraft:birch_forest,plain,minecraft:overworld:step.16:city.city_jingchao_capital:p.3,True
-3008,5024,69.0,1.0,6.0,False,minecraft:birch_forest,slope,minecraft:overworld:step.16:city.city_jingchao_capital:p.50,True
-2992,5024,70.0,1.0,6.0,False,minecraft:birch_forest,slope,minecraft:overworld:step.16:city.city_jingchao_capital:p.50,True
-2976,5024,69.0,3.0,6.0,False,minecraft:birch_forest,slope,minecraft:overworld:step.16:city.city_jingchao_capital:p.50,True
-2960,5024,69.0,3.0,6.0,False,minecraft:birch_forest,slope,minecraft:overworld:step.16:city.city_jingchao_capital:p.50,True
-2944,5024,67.0,2.0,5.0,False,minecraft:birch_forest,plain,minecraft:overworld:step.16:city.city_jingchao_capital:p.61,True
-2928,5024,66.0,2.0,4.0,False,minecraft:birch_forest,plain,minecraft:overworld:step.16:city.city_jingchao_capital:p.61,True
-2912,5024,66.0,2.0,3.0,False,minecraft:birch_forest,plain,minecraft:overworld:step.16:city.city_jingchao_capital:p.61,True
-2896,5024,66.0,1.0,3.0,False,minecraft:birch_forest,plain,minecraft:overworld:step.16:city.city_jingchao_capital:p.61,True
-2880,5024,66.0,1.0,3.0,False,minecraft:birch_forest,plain,minecraft:overworld:step.16:city.city_jingchao_capital:p.61,True
-2864,5024,66.0,1.0,3.0,False,minecraft:forest,plain,minecraft:overworld:step.16:city.city_jingchao_capital:p.61,True
-2848,5024,67.0,2.0,4.0,False,minecraft:forest,plain,minecraft:overworld:step.16:city.city_jingchao_capital:p.61,True
-2832,5024,67.0,1.0,5.0,False,minecraft:forest,plain,minecraft:overworld:step.16:city.city_jingchao_capital:p.61,True
-2816,5024,67.0,3.0,5.0,False,minecraft:forest,slope,minecraft:overworld:step.16:city.city_jingchao_capital:p.50,True
-2800,5024,68.0,2.0,5.0,False,minecraft:forest,plain,minecraft:overworld:step.16:city.city_jingchao_capital:p.69,True
-2784,5024,67.0,3.0,6.0,False,minecraft:forest,slope,minecraft:overworld:step.16:city.city_jingchao_capital:p.50,True
-2768,5024,67.0,3.0,7.0,False,minecraft:forest,slope,minecraft:overworld:step.16:city.city_jingchao_capital:p.50,True
-2752,5024,67.0,3.0,8.0,False,minecraft:forest,slope,minecraft:overworld:step.16:city.city_jingchao_capital:p.50,True
-2736,5024,67.0,4.0,6.0,False,minecraft:forest,slope,minecraft:overworld:step.16:city.city_jingchao_capital:p.50,True
-2720,5024,66.0,3.0,7.0,False,minecraft:forest,shore,minecraft:overworld:step.16:city.city_jingchao_capital:p.2,True
-2704,5024,65.0,4.0,7.0,False,minecraft:forest,shore,minecraft:overworld:step.16:city.city_jingchao_capital:p.2,True
-2688,5024,64.0,3.0,6.0,False,minecraft:forest,shore,minecraft:overworld:step.16:city.city_jingchao_capital:p.2,True
-2672,5024,63.0,2.0,6.0,False,minecraft:forest,shore,minecraft:overworld:step.16:city.city_jingchao_capital:p.2,True
-2656,5024,63.0,1.0,4.0,False,minecraft:forest,shore,minecraft:overworld:step.16:city.city_jingchao_capital:p.2,True
-2640,5024,62.0,2.0,4.0,False,minecraft:forest,shore,minecraft:overworld:step.16:city.city_jingchao_capital:p.2,True
-2624,5024,63.0,1.0,4.0,False,minecraft:forest,shore,minecraft:overworld:step.16:city.city_jingchao_capital:p.2,True
-2608,5024,63.0,2.0,4.0,False,minecraft:forest,shore,minecraft:overworld:step.16:city.city_jingchao_capital:p.2,True
-2592,5024,62.0,1.0,4.0,False,minecraft:forest,shore,minecraft:overworld:step.16:city.city_jingchao_capital:p.2,True
-2576,5024,61.0,2.0,4.0,True,minecraft:forest,water,minecraft:overworld:step.16:city.city_jingchao_capital:p.51,True
-2560,5024,61.0,2.0,4.0,True,minecraft:forest,water,minecraft:overworld:step.16:city.city_jingchao_capital:p.51,True
-2544,5024,61.0,1.0,4.0,True,minecraft:forest,water,minecraft:overworld:step.16:city.city_jingchao_capital:p.51,True
-2528,5024,61.0,1.0,5.0,True,minecraft:forest,water,minecraft:overworld:step.16:city.city_jingchao_capital:p.51,True
-2512,5024,61.0,1.0,5.0,True,minecraft:forest,water,minecraft:overworld:step.16:city.city_jingchao_capital:p.51,True
-2496,5024,60.0,2.0,5.0,True,minecraft:forest,water,minecraft:overworld:step.16:city.city_jingchao_capital:p.51,True
-2480,5024,61.0,1.0,5.0,True,minecraft:forest,water,minecraft:overworld:step.16:city.city_jingchao_capital:p.51,True
-2464,5024,62.0,2.0,5.0,False,minecraft:beach,shore,minecraft:overworld:step.16:city.city_jingchao_capital:p.2,True
-2448,5024,62.0,2.0,3.0,False,minecraft:beach,shore,minecraft:overworld:step.16:city.city_jingchao_capital:p.2,True
-2432,5024,61.0,2.0,3.0,True,minecraft:ocean,water,minecraft:overworld:step.16:city.city_jingchao_capital:p.51,True
-3440,5040,61.0,1.0,5.0,True,minecraft:forest,water,minecraft:overworld:step.16:city.city_jingchao_capital:p.1,True
-3424,5040,61.0,4.0,5.0,True,minecraft:forest,water,minecraft:overworld:step.16:city.city_jingchao_capital:p.1,True
-3408,5040,60.0,3.0,5.0,True,minecraft:forest,water,minecraft:overworld:step.16:city.city_jingchao_capital:p.1,True
-3392,5040,58.0,3.0,5.0,True,minecraft:forest,water,minecraft:overworld:step.16:city.city_jingchao_capital:p.1,True
-3376,5040,58.0,3.0,6.0,True,minecraft:forest,water,minecraft:overworld:step.16:city.city_jingchao_capital:p.1,True
-3360,5040,58.0,4.0,6.0,True,minecraft:forest,water,minecraft:overworld:step.16:city.city_jingchao_capital:p.1,True
-3344,5040,62.0,4.0,5.0,False,minecraft:forest,shore,minecraft:overworld:step.16:city.city_jingchao_capital:p.2,True
-3328,5040,62.0,3.0,5.0,False,minecraft:forest,shore,minecraft:overworld:step.16:city.city_jingchao_capital:p.2,True
-3312,5040,62.0,1.0,5.0,False,minecraft:forest,shore,minecraft:overworld:step.16:city.city_jingchao_capital:p.2,True
-3296,5040,62.0,1.0,6.0,False,minecraft:forest,shore,minecraft:overworld:step.16:city.city_jingchao_capital:p.2,True
-3280,5040,63.0,1.0,4.0,False,minecraft:forest,plain,minecraft:overworld:step.16:city.city_jingchao_capital:p.3,True
-3264,5040,64.0,1.0,3.0,False,minecraft:forest,plain,minecraft:overworld:step.16:city.city_jingchao_capital:p.3,True
-3248,5040,64.0,1.0,3.0,False,minecraft:forest,plain,minecraft:overworld:step.16:city.city_jingchao_capital:p.3,True
-3232,5040,64.0,1.0,2.0,False,minecraft:forest,plain,minecraft:overworld:step.16:city.city_jingchao_capital:p.3,True
-3216,5040,65.0,1.0,2.0,False,minecraft:forest,plain,minecraft:overworld:step.16:city.city_jingchao_capital:p.3,True
-3200,5040,65.0,1.0,3.0,False,minecraft:forest,plain,minecraft:overworld:step.16:city.city_jingchao_capital:p.3,True
-3184,5040,66.0,1.0,2.0,False,minecraft:forest,plain,minecraft:overworld:step.16:city.city_jingchao_capital:p.3,True
-3168,5040,66.0,1.0,3.0,False,minecraft:forest,plain,minecraft:overworld:step.16:city.city_jingchao_capital:p.3,True
-3152,5040,66.0,1.0,3.0,False,minecraft:forest,plain,minecraft:overworld:step.16:city.city_jingchao_capital:p.3,True
-3136,5040,66.0,1.0,2.0,False,minecraft:forest,plain,minecraft:overworld:step.16:city.city_jingchao_capital:p.3,True
-3120,5040,67.0,1.0,3.0,False,minecraft:birch_forest,plain,minecraft:overworld:step.16:city.city_jingchao_capital:p.3,True
-3104,5040,68.0,1.0,3.0,False,minecraft:birch_forest,plain,minecraft:overworld:step.16:city.city_jingchao_capital:p.3,True
-3088,5040,68.0,1.0,2.0,False,minecraft:birch_forest,plain,minecraft:overworld:step.16:city.city_jingchao_capital:p.3,True
-3072,5040,68.0,1.0,2.0,False,minecraft:birch_forest,plain,minecraft:overworld:step.16:city.city_jingchao_capital:p.3,True
-3056,5040,68.0,1.0,2.0,False,minecraft:birch_forest,plain,minecraft:overworld:step.16:city.city_jingchao_capital:p.3,True
-3040,5040,67.0,2.0,3.0,False,minecraft:birch_forest,plain,minecraft:overworld:step.16:city.city_jingchao_capital:p.3,True
-3024,5040,69.0,2.0,4.0,False,minecraft:birch_forest,plain,minecraft:overworld:step.16:city.city_jingchao_capital:p.3,True
-3008,5040,69.0,1.0,4.0,False,minecraft:birch_forest,plain,minecraft:overworld:step.16:city.city_jingchao_capital:p.3,True
-2992,5040,69.0,3.0,4.0,False,minecraft:birch_forest,slope,minecraft:overworld:step.16:city.city_jingchao_capital:p.50,True
-2976,5040,69.0,3.0,4.0,False,minecraft:birch_forest,slope,minecraft:overworld:step.16:city.city_jingchao_capital:p.50,True
-2960,5040,66.0,3.0,4.0,False,minecraft:birch_forest,slope,minecraft:overworld:step.16:city.city_jingchao_capital:p.50,True
-2944,5040,66.0,3.0,4.0,False,minecraft:birch_forest,slope,minecraft:overworld:step.16:city.city_jingchao_capital:p.50,True
-2928,5040,67.0,1.0,4.0,False,minecraft:birch_forest,plain,minecraft:overworld:step.16:city.city_jingchao_capital:p.61,True
-2912,5040,67.0,1.0,3.0,False,minecraft:birch_forest,plain,minecraft:overworld:step.16:city.city_jingchao_capital:p.61,True
-2896,5040,66.0,1.0,3.0,False,minecraft:birch_forest,plain,minecraft:overworld:step.16:city.city_jingchao_capital:p.61,True
-2880,5040,66.0,1.0,3.0,False,minecraft:birch_forest,plain,minecraft:overworld:step.16:city.city_jingchao_capital:p.61,True
-2864,5040,67.0,1.0,3.0,False,minecraft:birch_forest,plain,minecraft:overworld:step.16:city.city_jingchao_capital:p.61,True
-2848,5040,67.0,1.0,3.0,False,minecraft:forest,plain,minecraft:overworld:step.16:city.city_jingchao_capital:p.61,True
-2832,5040,67.0,1.0,6.0,False,minecraft:forest,slope,minecraft:overworld:step.16:city.city_jingchao_capital:p.50,True
-2816,5040,68.0,2.0,6.0,False,minecraft:forest,slope,minecraft:overworld:step.16:city.city_jingchao_capital:p.50,True
-2800,5040,67.0,2.0,7.0,False,minecraft:forest,slope,minecraft:overworld:step.16:city.city_jingchao_capital:p.50,True
-2784,5040,66.0,2.0,8.0,False,minecraft:forest,slope,minecraft:overworld:step.16:city.city_jingchao_capital:p.50,True
-2768,5040,65.0,2.0,8.0,False,minecraft:forest,slope,minecraft:overworld:step.16:city.city_jingchao_capital:p.50,True
-2752,5040,65.0,2.0,9.0,False,minecraft:forest,shore,minecraft:overworld:step.16:city.city_jingchao_capital:p.2,True
-2736,5040,64.0,3.0,7.0,False,minecraft:forest,shore,minecraft:overworld:step.16:city.city_jingchao_capital:p.2,True
-2720,5040,63.0,4.0,7.0,False,minecraft:forest,shore,minecraft:overworld:step.16:city.city_jingchao_capital:p.2,True
-2704,5040,63.0,3.0,7.0,False,minecraft:forest,shore,minecraft:overworld:step.16:city.city_jingchao_capital:p.2,True
-2688,5040,61.0,4.0,5.0,True,minecraft:forest,water,minecraft:overworld:step.16:city.city_jingchao_capital:p.70,True
-2672,5040,62.0,2.0,4.0,False,minecraft:forest,shore,minecraft:overworld:step.16:city.city_jingchao_capital:p.2,True
-2656,5040,63.0,2.0,4.0,False,minecraft:forest,shore,minecraft:overworld:step.16:city.city_jingchao_capital:p.2,True
-2640,5040,64.0,2.0,3.0,False,minecraft:forest,shore,minecraft:overworld:step.16:city.city_jingchao_capital:p.2,True
-2624,5040,64.0,2.0,4.0,False,minecraft:forest,plain,minecraft:overworld:step.16:city.city_jingchao_capital:p.71,True
-2608,5040,63.0,2.0,4.0,False,minecraft:forest,shore,minecraft:overworld:step.16:city.city_jingchao_capital:p.2,True
-2592,5040,63.0,2.0,4.0,False,minecraft:forest,shore,minecraft:overworld:step.16:city.city_jingchao_capital:p.2,True
-2576,5040,63.0,2.0,5.0,False,minecraft:forest,shore,minecraft:overworld:step.16:city.city_jingchao_capital:p.2,True
-2560,5040,62.0,1.0,4.0,False,minecraft:forest,shore,minecraft:overworld:step.16:city.city_jingchao_capital:p.2,True
-2544,5040,62.0,1.0,4.0,False,minecraft:forest,shore,minecraft:overworld:step.16:city.city_jingchao_capital:p.2,True
-2528,5040,61.0,2.0,4.0,True,minecraft:forest,water,minecraft:overworld:step.16:city.city_jingchao_capital:p.51,True
-2512,5040,62.0,2.0,4.0,False,minecraft:forest,shore,minecraft:overworld:step.16:city.city_jingchao_capital:p.2,True
-2496,5040,62.0,2.0,4.0,False,minecraft:forest,shore,minecraft:overworld:step.16:city.city_jingchao_capital:p.2,True
-2480,5040,62.0,2.0,4.0,False,minecraft:forest,shore,minecraft:overworld:step.16:city.city_jingchao_capital:p.2,True
-2464,5040,62.0,1.0,4.0,False,minecraft:beach,shore,minecraft:overworld:step.16:city.city_jingchao_capital:p.2,True
-2448,5040,62.0,1.0,4.0,False,minecraft:beach,shore,minecraft:overworld:step.16:city.city_jingchao_capital:p.2,True
-2432,5040,62.0,1.0,3.0,False,minecraft:beach,shore,minecraft:overworld:step.16:city.city_jingchao_capital:p.2,True
-3440,5056,61.0,1.0,5.0,True,minecraft:forest,water,minecraft:overworld:step.16:city.city_jingchao_capital:p.1,True
-3424,5056,61.0,1.0,5.0,True,minecraft:forest,water,minecraft:overworld:step.16:city.city_jingchao_capital:p.1,True
-3408,5056,61.0,3.0,5.0,True,minecraft:forest,water,minecraft:overworld:step.16:city.city_jingchao_capital:p.1,True
-3392,5056,61.0,3.0,5.0,True,minecraft:forest,water,minecraft:overworld:step.16:city.city_jingchao_capital:p.1,True
-3376,5056,58.0,4.0,5.0,True,minecraft:forest,water,minecraft:overworld:step.16:city.city_jingchao_capital:p.1,True
-3360,5056,58.0,4.0,6.0,True,minecraft:forest,water,minecraft:overworld:step.16:city.city_jingchao_capital:p.1,True
-3344,5056,59.0,3.0,5.0,True,minecraft:forest,water,minecraft:overworld:step.16:city.city_jingchao_capital:p.1,True
-3328,5056,62.0,3.0,5.0,False,minecraft:forest,shore,minecraft:overworld:step.16:city.city_jingchao_capital:p.2,True
-3312,5056,63.0,4.0,4.0,False,minecraft:forest,shore,minecraft:overworld:step.16:city.city_jingchao_capital:p.2,True
-3296,5056,62.0,1.0,5.0,False,minecraft:forest,shore,minecraft:overworld:step.16:city.city_jingchao_capital:p.2,True
-3280,5056,63.0,1.0,6.0,False,minecraft:forest,shore,minecraft:overworld:step.16:city.city_jingchao_capital:p.2,True
-3264,5056,64.0,1.0,6.0,False,minecraft:forest,slope,minecraft:overworld:step.16:city.city_jingchao_capital:p.20,True
-3248,5056,64.0,1.0,3.0,False,minecraft:forest,plain,minecraft:overworld:step.16:city.city_jingchao_capital:p.3,True
-3232,5056,64.0,2.0,2.0,False,minecraft:forest,plain,minecraft:overworld:step.16:city.city_jingchao_capital:p.3,True
-3216,5056,65.0,1.0,2.0,False,minecraft:forest,plain,minecraft:overworld:step.16:city.city_jingchao_capital:p.3,True
-3200,5056,65.0,1.0,2.0,False,minecraft:forest,plain,minecraft:overworld:step.16:city.city_jingchao_capital:p.3,True
-3184,5056,65.0,1.0,1.0,False,minecraft:forest,plain,minecraft:overworld:step.16:city.city_jingchao_capital:p.3,True
-3168,5056,66.0,1.0,2.0,False,minecraft:forest,plain,minecraft:overworld:step.16:city.city_jingchao_capital:p.3,True
-3152,5056,66.0,0.0,2.0,False,minecraft:forest,plain,minecraft:overworld:step.16:city.city_jingchao_capital:p.3,True
-3136,5056,66.0,1.0,2.0,False,minecraft:forest,plain,minecraft:overworld:step.16:city.city_jingchao_capital:p.3,True
-3120,5056,67.0,1.0,3.0,False,minecraft:birch_forest,plain,minecraft:overworld:step.16:city.city_jingchao_capital:p.3,True
-3104,5056,68.0,1.0,3.0,False,minecraft:birch_forest,plain,minecraft:overworld:step.16:city.city_jingchao_capital:p.3,True
-3088,5056,68.0,1.0,3.0,False,minecraft:birch_forest,plain,minecraft:overworld:step.16:city.city_jingchao_capital:p.3,True
-3072,5056,69.0,2.0,3.0,False,minecraft:birch_forest,plain,minecraft:overworld:step.16:city.city_jingchao_capital:p.3,True
-3056,5056,68.0,1.0,4.0,False,minecraft:birch_forest,plain,minecraft:overworld:step.16:city.city_jingchao_capital:p.3,True
-3040,5056,67.0,2.0,4.0,False,minecraft:birch_forest,plain,minecraft:overworld:step.16:city.city_jingchao_capital:p.3,True
-3024,5056,68.0,2.0,5.0,False,minecraft:birch_forest,plain,minecraft:overworld:step.16:city.city_jingchao_capital:p.3,True
-3008,5056,69.0,3.0,5.0,False,minecraft:birch_forest,slope,minecraft:overworld:step.16:city.city_jingchao_capital:p.23,True
-2992,5056,68.0,2.0,5.0,False,minecraft:birch_forest,plain,minecraft:overworld:step.16:city.city_jingchao_capital:p.72,True
-2976,5056,66.0,3.0,4.0,False,minecraft:birch_forest,slope,minecraft:overworld:step.16:city.city_jingchao_capital:p.50,True
-2960,5056,67.0,2.0,4.0,False,minecraft:birch_forest,plain,minecraft:overworld:step.16:city.city_jingchao_capital:p.61,True
-2944,5056,67.0,1.0,3.0,False,minecraft:birch_forest,plain,minecraft:overworld:step.16:city.city_jingchao_capital:p.61,True
-2928,5056,67.0,1.0,4.0,False,minecraft:birch_forest,plain,minecraft:overworld:step.16:city.city_jingchao_capital:p.61,True
-2912,5056,67.0,1.0,5.0,False,minecraft:birch_forest,plain,minecraft:overworld:step.16:city.city_jingchao_capital:p.61,True
-2896,5056,67.0,1.0,5.0,False,minecraft:birch_forest,plain,minecraft:overworld:step.16:city.city_jingchao_capital:p.61,True
-2880,5056,67.0,1.0,5.0,False,minecraft:birch_forest,plain,minecraft:overworld:step.16:city.city_jingchao_capital:p.61,True
-2864,5056,67.0,1.0,5.0,False,minecraft:birch_forest,plain,minecraft:overworld:step.16:city.city_jingchao_capital:p.61,True
-2848,5056,67.0,1.0,6.0,False,minecraft:birch_forest,slope,minecraft:overworld:step.16:city.city_jingchao_capital:p.50,True
-2832,5056,67.0,2.0,6.0,False,minecraft:forest,slope,minecraft:overworld:step.16:city.city_jingchao_capital:p.50,True
-2816,5056,67.0,3.0,5.0,False,minecraft:forest,slope,minecraft:overworld:step.16:city.city_jingchao_capital:p.50,True
-2800,5056,66.0,2.0,5.0,False,minecraft:forest,plain,minecraft:overworld:step.16:city.city_jingchao_capital:p.73,True
-2784,5056,65.0,2.0,7.0,False,minecraft:forest,slope,minecraft:overworld:step.16:city.city_jingchao_capital:p.50,True
-2768,5056,65.0,3.0,7.0,False,minecraft:forest,shore,minecraft:overworld:step.16:city.city_jingchao_capital:p.2,True
-2752,5056,64.0,2.0,6.0,False,minecraft:forest,shore,minecraft:overworld:step.16:city.city_jingchao_capital:p.2,True
-2736,5056,63.0,2.0,6.0,False,minecraft:forest,shore,minecraft:overworld:step.16:city.city_jingchao_capital:p.2,True
-2720,5056,62.0,2.0,6.0,False,minecraft:forest,shore,minecraft:overworld:step.16:city.city_jingchao_capital:p.2,True
-2704,5056,62.0,1.0,6.0,False,minecraft:forest,shore,minecraft:overworld:step.16:city.city_jingchao_capital:p.2,True
-2688,5056,62.0,1.0,5.0,False,minecraft:forest,shore,minecraft:overworld:step.16:city.city_jingchao_capital:p.2,True
-2672,5056,63.0,2.0,4.0,False,minecraft:forest,shore,minecraft:overworld:step.16:city.city_jingchao_capital:p.2,True
-2656,5056,64.0,2.0,4.0,False,minecraft:forest,shore,minecraft:overworld:step.16:city.city_jingchao_capital:p.2,True
-2640,5056,65.0,2.0,3.0,False,minecraft:forest,plain,minecraft:overworld:step.16:city.city_jingchao_capital:p.71,True
-2624,5056,65.0,2.0,3.0,False,minecraft:forest,plain,minecraft:overworld:step.16:city.city_jingchao_capital:p.71,True
-2608,5056,64.0,1.0,4.0,False,minecraft:forest,plain,minecraft:overworld:step.16:city.city_jingchao_capital:p.71,True
-2592,5056,63.0,2.0,4.0,False,minecraft:forest,shore,minecraft:overworld:step.16:city.city_jingchao_capital:p.2,True
-2576,5056,62.0,2.0,4.0,False,minecraft:forest,shore,minecraft:overworld:step.16:city.city_jingchao_capital:p.2,True
-2560,5056,63.0,1.0,4.0,False,minecraft:forest,shore,minecraft:overworld:step.16:city.city_jingchao_capital:p.2,True
-2544,5056,63.0,2.0,4.0,False,minecraft:forest,shore,minecraft:overworld:step.16:city.city_jingchao_capital:p.2,True
-2528,5056,62.0,1.0,5.0,False,minecraft:forest,shore,minecraft:overworld:step.16:city.city_jingchao_capital:p.2,True
-2512,5056,63.0,2.0,5.0,False,minecraft:forest,shore,minecraft:overworld:step.16:city.city_jingchao_capital:p.2,True
-2496,5056,64.0,2.0,5.0,False,minecraft:forest,shore,minecraft:overworld:step.16:city.city_jingchao_capital:p.2,True
-2480,5056,63.0,1.0,5.0,False,minecraft:forest,shore,minecraft:overworld:step.16:city.city_jingchao_capital:p.2,True
-2464,5056,62.0,2.0,5.0,False,minecraft:forest,shore,minecraft:overworld:step.16:city.city_jingchao_capital:p.2,True
-2448,5056,62.0,1.0,4.0,False,minecraft:beach,shore,minecraft:overworld:step.16:city.city_jingchao_capital:p.2,True
-2432,5056,63.0,1.0,3.0,False,minecraft:beach,shore,minecraft:overworld:step.16:city.city_jingchao_capital:p.2,True
-3440,5072,60.0,1.0,3.0,True,minecraft:forest,water,minecraft:overworld:step.16:city.city_jingchao_capital:p.1,True
-3424,5072,61.0,1.0,4.0,True,minecraft:forest,water,minecraft:overworld:step.16:city.city_jingchao_capital:p.1,True
-3408,5072,62.0,1.0,4.0,False,minecraft:forest,shore,minecraft:overworld:step.16:city.city_jingchao_capital:p.21,True
-3392,5072,62.0,4.0,4.0,False,minecraft:forest,shore,minecraft:overworld:step.16:city.city_jingchao_capital:p.21,True
-3376,5072,58.0,4.0,4.0,True,minecraft:forest,water,minecraft:overworld:step.16:city.city_jingchao_capital:p.1,True
-3360,5072,58.0,3.0,4.0,True,minecraft:forest,water,minecraft:overworld:step.16:city.city_jingchao_capital:p.1,True
-3344,5072,59.0,3.0,5.0,True,minecraft:forest,water,minecraft:overworld:step.16:city.city_jingchao_capital:p.1,True
-3328,5072,59.0,4.0,5.0,True,minecraft:forest,water,minecraft:overworld:step.16:city.city_jingchao_capital:p.1,True
-3312,5072,61.0,2.0,4.0,True,minecraft:forest,water,minecraft:overworld:step.16:city.city_jingchao_capital:p.1,True
-3296,5072,63.0,4.0,5.0,False,minecraft:forest,shore,minecraft:overworld:step.16:city.city_jingchao_capital:p.2,True
-3280,5072,63.0,4.0,6.0,False,minecraft:forest,shore,minecraft:overworld:step.16:city.city_jingchao_capital:p.2,True
-3264,5072,64.0,1.0,7.0,False,minecraft:forest,shore,minecraft:overworld:step.16:city.city_jingchao_capital:p.2,True
-3248,5072,65.0,1.0,6.0,False,minecraft:forest,slope,minecraft:overworld:step.16:city.city_jingchao_capital:p.22,True
-3232,5072,65.0,1.0,3.0,False,minecraft:forest,plain,minecraft:overworld:step.16:city.city_jingchao_capital:p.3,True
-3216,5072,66.0,2.0,3.0,False,minecraft:forest,plain,minecraft:overworld:step.16:city.city_jingchao_capital:p.3,True
-3200,5072,66.0,1.0,3.0,False,minecraft:forest,plain,minecraft:overworld:step.16:city.city_jingchao_capital:p.3,True
-3184,5072,66.0,1.0,2.0,False,minecraft:forest,plain,minecraft:overworld:step.16:city.city_jingchao_capital:p.3,True
-3168,5072,66.0,1.0,2.0,False,minecraft:forest,plain,minecraft:overworld:step.16:city.city_jingchao_capital:p.3,True
-3152,5072,66.0,1.0,2.0,False,minecraft:forest,plain,minecraft:overworld:step.16:city.city_jingchao_capital:p.3,True
-3136,5072,66.0,1.0,2.0,False,minecraft:birch_forest,plain,minecraft:overworld:step.16:city.city_jingchao_capital:p.3,True
-3120,5072,67.0,1.0,3.0,False,minecraft:birch_forest,plain,minecraft:overworld:step.16:city.city_jingchao_capital:p.3,True
-3104,5072,68.0,1.0,3.0,False,minecraft:birch_forest,plain,minecraft:overworld:step.16:city.city_jingchao_capital:p.3,True
-3088,5072,69.0,2.0,6.0,False,minecraft:birch_forest,slope,minecraft:overworld:step.16:city.city_jingchao_capital:p.23,True
-3072,5072,69.0,3.0,6.0,False,minecraft:birch_forest,slope,minecraft:overworld:step.16:city.city_jingchao_capital:p.23,True
-3056,5072,67.0,2.0,6.0,False,minecraft:birch_forest,slope,minecraft:overworld:step.16:city.city_jingchao_capital:p.23,True
-3040,5072,67.0,2.0,6.0,False,minecraft:birch_forest,slope,minecraft:overworld:step.16:city.city_jingchao_capital:p.23,True
-3024,5072,68.0,3.0,6.0,False,minecraft:birch_forest,slope,minecraft:overworld:step.16:city.city_jingchao_capital:p.23,True
-3008,5072,66.0,3.0,6.0,False,minecraft:birch_forest,slope,minecraft:overworld:step.16:city.city_jingchao_capital:p.23,True
-2992,5072,66.0,3.0,4.0,False,minecraft:birch_forest,slope,minecraft:overworld:step.16:city.city_jingchao_capital:p.23,True
-2976,5072,66.0,2.0,3.0,False,minecraft:birch_forest,plain,minecraft:overworld:step.16:city.city_jingchao_capital:p.61,True
-2960,5072,67.0,1.0,3.0,False,minecraft:birch_forest,plain,minecraft:overworld:step.16:city.city_jingchao_capital:p.61,True
-2944,5072,67.0,1.0,6.0,False,minecraft:birch_forest,slope,minecraft:overworld:step.16:city.city_jingchao_capital:p.50,True
-2928,5072,68.0,1.0,6.0,False,minecraft:birch_forest,slope,minecraft:overworld:step.16:city.city_jingchao_capital:p.50,True
-2912,5072,68.0,2.0,6.0,False,minecraft:birch_forest,slope,minecraft:overworld:step.16:city.city_jingchao_capital:p.50,True
-2896,5072,67.0,4.0,6.0,False,minecraft:birch_forest,slope,minecraft:overworld:step.16:city.city_jingchao_capital:p.50,True
-2880,5072,67.0,4.0,6.0,False,minecraft:birch_forest,slope,minecraft:overworld:step.16:city.city_jingchao_capital:p.50,True
-2864,5072,67.0,4.0,6.0,False,minecraft:birch_forest,slope,minecraft:overworld:step.16:city.city_jingchao_capital:p.50,True
-2848,5072,66.0,4.0,7.0,False,minecraft:birch_forest,slope,minecraft:overworld:step.16:city.city_jingchao_capital:p.50,True
-2832,5072,66.0,3.0,6.0,False,minecraft:birch_forest,slope,minecraft:overworld:step.16:city.city_jingchao_capital:p.50,True
-2816,5072,65.0,3.0,5.0,False,minecraft:forest,slope,minecraft:overworld:step.16:city.city_jingchao_capital:p.50,True
-2800,5072,64.0,3.0,5.0,False,minecraft:forest,slope,minecraft:overworld:step.16:city.city_jingchao_capital:p.50,True
-2784,5072,64.0,2.0,7.0,False,minecraft:forest,shore,minecraft:overworld:step.16:city.city_jingchao_capital:p.2,True
-2768,5072,63.0,2.0,6.0,False,minecraft:forest,shore,minecraft:overworld:step.16:city.city_jingchao_capital:p.2,True
-2752,5072,62.0,3.0,6.0,False,minecraft:forest,shore,minecraft:overworld:step.16:city.city_jingchao_capital:p.2,True
-2736,5072,62.0,2.0,5.0,False,minecraft:forest,shore,minecraft:overworld:step.16:city.city_jingchao_capital:p.2,True
-2720,5072,61.0,2.0,5.0,True,minecraft:forest,water,minecraft:overworld:step.16:city.city_jingchao_capital:p.74,True
-2704,5072,61.0,1.0,4.0,True,minecraft:forest,water,minecraft:overworld:step.16:city.city_jingchao_capital:p.74,True
-2688,5072,62.0,2.0,5.0,False,minecraft:forest,shore,minecraft:overworld:step.16:city.city_jingchao_capital:p.2,True
-2672,5072,63.0,1.0,4.0,False,minecraft:forest,shore,minecraft:overworld:step.16:city.city_jingchao_capital:p.2,True
-2656,5072,64.0,1.0,4.0,False,minecraft:forest,shore,minecraft:overworld:step.16:city.city_jingchao_capital:p.2,True
-2640,5072,64.0,1.0,3.0,False,minecraft:forest,plain,minecraft:overworld:step.16:city.city_jingchao_capital:p.71,True
-2624,5072,64.0,1.0,2.0,False,minecraft:forest,plain,minecraft:overworld:step.16:city.city_jingchao_capital:p.71,True
-2608,5072,65.0,2.0,4.0,False,minecraft:forest,plain,minecraft:overworld:step.16:city.city_jingchao_capital:p.71,True
-2592,5072,64.0,2.0,4.0,False,minecraft:forest,plain,minecraft:overworld:step.16:city.city_jingchao_capital:p.71,True
-2576,5072,63.0,2.0,4.0,False,minecraft:forest,shore,minecraft:overworld:step.16:city.city_jingchao_capital:p.2,True
-2560,5072,64.0,2.0,5.0,False,minecraft:forest,shore,minecraft:overworld:step.16:city.city_jingchao_capital:p.2,True
-2544,5072,63.0,2.0,5.0,False,minecraft:forest,shore,minecraft:overworld:step.16:city.city_jingchao_capital:p.2,True
-2528,5072,62.0,3.0,5.0,False,minecraft:forest,shore,minecraft:overworld:step.16:city.city_jingchao_capital:p.2,True
-2512,5072,63.0,2.0,5.0,False,minecraft:forest,shore,minecraft:overworld:step.16:city.city_jingchao_capital:p.2,True
-2496,5072,64.0,1.0,5.0,False,minecraft:forest,shore,minecraft:overworld:step.16:city.city_jingchao_capital:p.2,True
-2480,5072,64.0,2.0,4.0,False,minecraft:forest,shore,minecraft:overworld:step.16:city.city_jingchao_capital:p.2,True
-2464,5072,62.0,3.0,4.0,False,minecraft:forest,slope,minecraft:overworld:step.16:city.city_jingchao_capital:p.88,True
-2448,5072,62.0,2.0,4.0,False,minecraft:forest,plain,minecraft:overworld:step.16:city.city_jingchao_capital:p.71,True
-2432,5072,62.0,1.0,3.0,False,minecraft:beach,shore,minecraft:overworld:step.16:city.city_jingchao_capital:p.2,True
-3440,5088,60.0,1.0,3.0,True,minecraft:forest,water,minecraft:overworld:step.16:city.city_jingchao_capital:p.1,True
-3424,5088,61.0,1.0,2.0,True,minecraft:forest,water,minecraft:overworld:step.16:city.city_jingchao_capital:p.1,True
-3408,5088,62.0,1.0,4.0,False,minecraft:forest,shore,minecraft:overworld:step.16:city.city_jingchao_capital:p.21,True
-3392,5088,62.0,4.0,4.0,False,minecraft:forest,shore,minecraft:overworld:step.16:city.city_jingchao_capital:p.21,True
-3376,5088,61.0,3.0,4.0,True,minecraft:forest,water,minecraft:overworld:step.16:city.city_jingchao_capital:p.1,True
-3360,5088,59.0,3.0,4.0,True,minecraft:forest,water,minecraft:overworld:step.16:city.city_jingchao_capital:p.1,True
-3344,5088,59.0,3.0,5.0,True,minecraft:forest,water,minecraft:overworld:step.16:city.city_jingchao_capital:p.1,True
-3328,5088,59.0,2.0,5.0,True,minecraft:forest,water,minecraft:overworld:step.16:city.city_jingchao_capital:p.1,True
-3312,5088,59.0,4.0,4.0,True,minecraft:forest,water,minecraft:overworld:step.16:city.city_jingchao_capital:p.1,True
-3296,5088,59.0,4.0,5.0,True,minecraft:forest,water,minecraft:overworld:step.16:city.city_jingchao_capital:p.1,True
-3280,5088,63.0,4.0,6.0,False,minecraft:forest,shore,minecraft:overworld:step.16:city.city_jingchao_capital:p.2,True
-3264,5088,64.0,4.0,7.0,False,minecraft:forest,shore,minecraft:overworld:step.16:city.city_jingchao_capital:p.2,True
-3248,5088,65.0,1.0,6.0,False,minecraft:forest,shore,minecraft:overworld:step.16:city.city_jingchao_capital:p.2,True
-3232,5088,65.0,1.0,5.0,False,minecraft:forest,plain,minecraft:overworld:step.16:city.city_jingchao_capital:p.3,True
-3216,5088,66.0,1.0,3.0,False,minecraft:forest,plain,minecraft:overworld:step.16:city.city_jingchao_capital:p.3,True
-3200,5088,66.0,1.0,3.0,False,minecraft:forest,plain,minecraft:overworld:step.16:city.city_jingchao_capital:p.3,True
-3184,5088,66.0,1.0,2.0,False,minecraft:forest,plain,minecraft:overworld:step.16:city.city_jingchao_capital:p.3,True
-3168,5088,66.0,1.0,2.0,False,minecraft:birch_forest,plain,minecraft:overworld:step.16:city.city_jingchao_capital:p.3,True
-3152,5088,66.0,1.0,2.0,False,minecraft:birch_forest,plain,minecraft:overworld:step.16:city.city_jingchao_capital:p.3,True
-3136,5088,67.0,1.0,2.0,False,minecraft:birch_forest,plain,minecraft:overworld:step.16:city.city_jingchao_capital:p.3,True
-3120,5088,67.0,1.0,5.0,False,minecraft:birch_forest,plain,minecraft:overworld:step.16:city.city_jingchao_capital:p.3,True
-3104,5088,68.0,2.0,7.0,False,minecraft:birch_forest,slope,minecraft:overworld:step.16:city.city_jingchao_capital:p.24,True
-3088,5088,69.0,3.0,7.0,False,minecraft:birch_forest,shore,minecraft:overworld:step.16:city.city_jingchao_capital:p.2,True
-3072,5088,67.0,4.0,7.0,False,minecraft:birch_forest,slope,minecraft:overworld:step.16:city.city_jingchao_capital:p.23,True
-3056,5088,66.0,3.0,7.0,False,minecraft:birch_forest,slope,minecraft:overworld:step.16:city.city_jingchao_capital:p.23,True
-3040,5088,66.0,3.0,7.0,False,minecraft:birch_forest,slope,minecraft:overworld:step.16:city.city_jingchao_capital:p.23,True
-3024,5088,65.0,3.0,7.0,False,minecraft:birch_forest,slope,minecraft:overworld:step.16:city.city_jingchao_capital:p.23,True
-3008,5088,66.0,2.0,6.0,False,minecraft:birch_forest,slope,minecraft:overworld:step.16:city.city_jingchao_capital:p.23,True
-2992,5088,67.0,1.0,4.0,False,minecraft:birch_forest,plain,minecraft:overworld:step.16:city.city_jingchao_capital:p.61,True
-2976,5088,66.0,1.0,3.0,False,minecraft:birch_forest,plain,minecraft:overworld:step.16:city.city_jingchao_capital:p.61,True
-2960,5088,67.0,1.0,6.0,False,minecraft:birch_forest,slope,minecraft:overworld:step.16:city.city_jingchao_capital:p.50,True
-2944,5088,68.0,1.0,7.0,False,minecraft:birch_forest,slope,minecraft:overworld:step.16:city.city_jingchao_capital:p.50,True
-2928,5088,68.0,4.0,6.0,False,minecraft:birch_forest,slope,minecraft:overworld:step.16:city.city_jingchao_capital:p.50,True
-2912,5088,69.0,3.0,6.0,False,minecraft:birch_forest,slope,minecraft:overworld:step.16:city.city_jingchao_capital:p.50,True
-2896,5088,70.0,3.0,6.0,False,minecraft:birch_forest,slope,minecraft:overworld:step.16:city.city_jingchao_capital:p.50,True
-2880,5088,71.0,4.0,7.0,False,minecraft:birch_forest,slope,minecraft:overworld:step.16:city.city_jingchao_capital:p.50,True
-2864,5088,70.0,4.0,6.0,False,minecraft:birch_forest,slope,minecraft:overworld:step.16:city.city_jingchao_capital:p.50,True
-2848,5088,69.0,3.0,7.0,False,minecraft:birch_forest,slope,minecraft:overworld:step.16:city.city_jingchao_capital:p.50,True
-2832,5088,68.0,3.0,6.0,False,minecraft:birch_forest,slope,minecraft:overworld:step.16:city.city_jingchao_capital:p.50,True
-2816,5088,67.0,3.0,6.0,False,minecraft:birch_forest,slope,minecraft:overworld:step.16:city.city_jingchao_capital:p.50,True
-2800,5088,66.0,2.0,6.0,False,minecraft:forest,shore,minecraft:overworld:step.16:city.city_jingchao_capital:p.2,True
-2784,5088,65.0,2.0,6.0,False,minecraft:forest,shore,minecraft:overworld:step.16:city.city_jingchao_capital:p.2,True
-2768,5088,63.0,2.0,5.0,False,minecraft:forest,shore,minecraft:overworld:step.16:city.city_jingchao_capital:p.2,True
-2752,5088,61.0,2.0,5.0,True,minecraft:forest,water,minecraft:overworld:step.16:city.city_jingchao_capital:p.74,True
-2736,5088,61.0,1.0,5.0,True,minecraft:forest,water,minecraft:overworld:step.16:city.city_jingchao_capital:p.74,True
-2720,5088,61.0,1.0,4.0,True,minecraft:forest,water,minecraft:overworld:step.16:city.city_jingchao_capital:p.74,True
-2704,5088,61.0,1.0,4.0,True,minecraft:forest,water,minecraft:overworld:step.16:city.city_jingchao_capital:p.74,True
-2688,5088,62.0,2.0,5.0,False,minecraft:forest,shore,minecraft:overworld:step.16:city.city_jingchao_capital:p.2,True
-2672,5088,64.0,2.0,4.0,False,minecraft:forest,shore,minecraft:overworld:step.16:city.city_jingchao_capital:p.2,True
-2656,5088,64.0,2.0,3.0,False,minecraft:forest,shore,minecraft:overworld:step.16:city.city_jingchao_capital:p.2,True
-2640,5088,64.0,1.0,4.0,False,minecraft:forest,plain,minecraft:overworld:step.16:city.city_jingchao_capital:p.71,True
-2624,5088,65.0,1.0,3.0,False,minecraft:forest,plain,minecraft:overworld:step.16:city.city_jingchao_capital:p.71,True
-2608,5088,64.0,1.0,5.0,False,minecraft:forest,plain,minecraft:overworld:step.16:city.city_jingchao_capital:p.71,True
-2592,5088,64.0,2.0,5.0,False,minecraft:forest,plain,minecraft:overworld:step.16:city.city_jingchao_capital:p.71,True
-2576,5088,64.0,2.0,5.0,False,minecraft:forest,plain,minecraft:overworld:step.16:city.city_jingchao_capital:p.71,True
-2560,5088,65.0,2.0,5.0,False,minecraft:forest,plain,minecraft:overworld:step.16:city.city_jingchao_capital:p.71,True
-2544,5088,65.0,3.0,5.0,False,minecraft:forest,slope,minecraft:overworld:step.16:city.city_jingchao_capital:p.91,True
-2528,5088,63.0,3.0,5.0,False,minecraft:forest,shore,minecraft:overworld:step.16:city.city_jingchao_capital:p.2,True
-2512,5088,64.0,2.0,4.0,False,minecraft:forest,plain,minecraft:overworld:step.16:city.city_jingchao_capital:p.71,True
-2496,5088,65.0,2.0,4.0,False,minecraft:forest,plain,minecraft:overworld:step.16:city.city_jingchao_capital:p.71,True
-2480,5088,65.0,3.0,4.0,False,minecraft:forest,slope,minecraft:overworld:step.16:city.city_jingchao_capital:p.92,True
-2464,5088,64.0,2.0,4.0,False,minecraft:forest,plain,minecraft:overworld:step.16:city.city_jingchao_capital:p.71,True
-2448,5088,63.0,2.0,4.0,False,minecraft:forest,plain,minecraft:overworld:step.16:city.city_jingchao_capital:p.71,True
-2432,5088,62.0,2.0,3.0,False,minecraft:forest,plain,minecraft:overworld:step.16:city.city_jingchao_capital:p.71,True
-3440,5104,61.0,1.0,3.0,True,minecraft:forest,water,minecraft:overworld:step.16:city.city_jingchao_capital:p.1,True
-3424,5104,61.0,1.0,3.0,True,minecraft:forest,water,minecraft:overworld:step.16:city.city_jingchao_capital:p.1,True
-3408,5104,61.0,1.0,4.0,True,minecraft:forest,water,minecraft:overworld:step.16:city.city_jingchao_capital:p.1,True
-3392,5104,61.0,1.0,4.0,True,minecraft:forest,water,minecraft:overworld:step.16:city.city_jingchao_capital:p.1,True
-3376,5104,62.0,3.0,4.0,False,minecraft:forest,shore,minecraft:overworld:step.16:city.city_jingchao_capital:p.25,True
-3360,5104,62.0,3.0,4.0,False,minecraft:forest,shore,minecraft:overworld:step.16:city.city_jingchao_capital:p.25,True
-3344,5104,59.0,3.0,4.0,True,minecraft:forest,water,minecraft:overworld:step.16:city.city_jingchao_capital:p.1,True
-3328,5104,59.0,3.0,5.0,True,minecraft:forest,water,minecraft:overworld:step.16:city.city_jingchao_capital:p.1,True
-3312,5104,60.0,1.0,4.0,True,minecraft:forest,water,minecraft:overworld:step.16:city.city_jingchao_capital:p.1,True
-3296,5104,60.0,3.0,5.0,True,minecraft:forest,water,minecraft:overworld:step.16:city.city_jingchao_capital:p.1,True
-3280,5104,60.0,4.0,6.0,True,minecraft:forest,water,minecraft:overworld:step.16:city.city_jingchao_capital:p.1,True
-3264,5104,64.0,4.0,7.0,False,minecraft:forest,shore,minecraft:overworld:step.16:city.city_jingchao_capital:p.2,True
-3248,5104,65.0,3.0,6.0,False,minecraft:forest,shore,minecraft:overworld:step.16:city.city_jingchao_capital:p.2,True
-3232,5104,66.0,2.0,6.0,False,minecraft:forest,shore,minecraft:overworld:step.16:city.city_jingchao_capital:p.2,True
-3216,5104,66.0,1.0,6.0,False,minecraft:forest,slope,minecraft:overworld:step.16:city.city_jingchao_capital:p.26,True
-3200,5104,67.0,1.0,3.0,False,minecraft:forest,plain,minecraft:overworld:step.16:city.city_jingchao_capital:p.3,True
-3184,5104,67.0,1.0,3.0,False,minecraft:birch_forest,plain,minecraft:overworld:step.16:city.city_jingchao_capital:p.3,True
-3168,5104,66.0,1.0,3.0,False,minecraft:birch_forest,plain,minecraft:overworld:step.16:city.city_jingchao_capital:p.3,True
-3152,5104,67.0,1.0,5.0,False,minecraft:birch_forest,plain,minecraft:overworld:step.16:city.city_jingchao_capital:p.3,True
-3136,5104,66.0,1.0,6.0,False,minecraft:birch_forest,slope,minecraft:overworld:step.16:city.city_jingchao_capital:p.27,True
-3120,5104,67.0,1.0,8.0,False,minecraft:birch_forest,slope,minecraft:overworld:step.16:city.city_jingchao_capital:p.27,True
-3104,5104,67.0,3.0,8.0,False,minecraft:birch_forest,shore,minecraft:overworld:step.16:city.city_jingchao_capital:p.2,True
-3088,5104,66.0,4.0,8.0,False,minecraft:birch_forest,shore,minecraft:overworld:step.16:city.city_jingchao_capital:p.2,True
-3072,5104,66.0,4.0,8.0,False,minecraft:birch_forest,shore,minecraft:overworld:step.16:city.city_jingchao_capital:p.2,True
-3056,5104,63.0,4.0,8.0,False,minecraft:birch_forest,slope,minecraft:overworld:step.16:city.city_jingchao_capital:p.23,True
-3040,5104,63.0,3.0,7.0,False,minecraft:birch_forest,slope,minecraft:overworld:step.16:city.city_jingchao_capital:p.23,True
-3024,5104,65.0,2.0,6.0,False,minecraft:birch_forest,slope,minecraft:overworld:step.16:city.city_jingchao_capital:p.23,True
-3008,5104,66.0,1.0,5.0,False,minecraft:birch_forest,plain,minecraft:overworld:step.16:city.city_jingchao_capital:p.75,True
-2992,5104,67.0,1.0,6.0,False,minecraft:birch_forest,slope,minecraft:overworld:step.16:city.city_jingchao_capital:p.50,True
-2976,5104,67.0,1.0,6.0,False,minecraft:birch_forest,slope,minecraft:overworld:step.16:city.city_jingchao_capital:p.50,True
-2960,5104,67.0,1.0,7.0,False,minecraft:birch_forest,slope,minecraft:overworld:step.16:city.city_jingchao_capital:p.50,True
-2944,5104,68.0,4.0,7.0,False,minecraft:birch_forest,slope,minecraft:overworld:step.16:city.city_jingchao_capital:p.50,True
-2928,5104,69.0,4.0,6.0,False,minecraft:birch_forest,slope,minecraft:overworld:step.16:city.city_jingchao_capital:p.50,True
-2912,5104,72.0,4.0,6.0,False,minecraft:birch_forest,slope,minecraft:overworld:step.16:city.city_jingchao_capital:p.50,True
-2896,5104,72.0,3.0,6.0,False,minecraft:birch_forest,slope,minecraft:overworld:step.16:city.city_jingchao_capital:p.50,True
-2880,5104,72.0,3.0,7.0,False,minecraft:birch_forest,slope,minecraft:overworld:step.16:city.city_jingchao_capital:p.50,True
-2864,5104,70.0,2.0,6.0,False,minecraft:birch_forest,slope,minecraft:overworld:step.16:city.city_jingchao_capital:p.50,True
-2848,5104,69.0,1.0,7.0,False,minecraft:birch_forest,slope,minecraft:overworld:step.16:city.city_jingchao_capital:p.50,True
-2832,5104,68.0,2.0,6.0,False,minecraft:birch_forest,slope,minecraft:overworld:step.16:city.city_jingchao_capital:p.50,True
-2816,5104,67.0,2.0,6.0,False,minecraft:birch_forest,slope,minecraft:overworld:step.16:city.city_jingchao_capital:p.50,True
-2800,5104,66.0,3.0,6.0,False,minecraft:birch_forest,slope,minecraft:overworld:step.16:city.city_jingchao_capital:p.50,True
-2784,5104,64.0,2.0,6.0,False,minecraft:forest,shore,minecraft:overworld:step.16:city.city_jingchao_capital:p.2,True
-2768,5104,63.0,2.0,5.0,False,minecraft:forest,shore,minecraft:overworld:step.16:city.city_jingchao_capital:p.2,True
-2752,5104,62.0,1.0,5.0,False,minecraft:forest,shore,minecraft:overworld:step.16:city.city_jingchao_capital:p.2,True
-2736,5104,62.0,2.0,3.0,False,minecraft:forest,shore,minecraft:overworld:step.16:city.city_jingchao_capital:p.2,True
-2720,5104,60.0,2.0,3.0,True,minecraft:forest,water,minecraft:overworld:step.16:city.city_jingchao_capital:p.74,True
-2704,5104,61.0,2.0,4.0,True,minecraft:forest,water,minecraft:overworld:step.16:city.city_jingchao_capital:p.74,True
-2688,5104,62.0,2.0,5.0,False,minecraft:forest,shore,minecraft:overworld:step.16:city.city_jingchao_capital:p.2,True
-2672,5104,62.0,3.0,4.0,False,minecraft:forest,shore,minecraft:overworld:step.16:city.city_jingchao_capital:p.2,True
-2656,5104,65.0,3.0,3.0,False,minecraft:forest,shore,minecraft:overworld:step.16:city.city_jingchao_capital:p.2,True
-2640,5104,65.0,1.0,4.0,False,minecraft:forest,plain,minecraft:overworld:step.16:city.city_jingchao_capital:p.71,True
-2624,5104,65.0,1.0,3.0,False,minecraft:forest,plain,minecraft:overworld:step.16:city.city_jingchao_capital:p.71,True
-2608,5104,65.0,1.0,4.0,False,minecraft:forest,plain,minecraft:overworld:step.16:city.city_jingchao_capital:p.71,True
-2592,5104,65.0,2.0,4.0,False,minecraft:forest,plain,minecraft:overworld:step.16:city.city_jingchao_capital:p.71,True
-2576,5104,66.0,2.0,4.0,False,minecraft:forest,plain,minecraft:overworld:step.16:city.city_jingchao_capital:p.71,True
-2560,5104,66.0,2.0,5.0,False,minecraft:forest,plain,minecraft:overworld:step.16:city.city_jingchao_capital:p.71,True
-2544,5104,66.0,3.0,5.0,False,minecraft:forest,slope,minecraft:overworld:step.16:city.city_jingchao_capital:p.91,True
-2528,5104,64.0,2.0,5.0,False,minecraft:forest,plain,minecraft:overworld:step.16:city.city_jingchao_capital:p.71,True
-2512,5104,64.0,2.0,4.0,False,minecraft:forest,plain,minecraft:overworld:step.16:city.city_jingchao_capital:p.71,True
-2496,5104,65.0,1.0,4.0,False,minecraft:forest,plain,minecraft:overworld:step.16:city.city_jingchao_capital:p.71,True
-2480,5104,66.0,2.0,4.0,False,minecraft:forest,plain,minecraft:overworld:step.16:city.city_jingchao_capital:p.71,True
-2464,5104,65.0,2.0,4.0,False,minecraft:forest,plain,minecraft:overworld:step.16:city.city_jingchao_capital:p.71,True
-2448,5104,64.0,2.0,4.0,False,minecraft:forest,plain,minecraft:overworld:step.16:city.city_jingchao_capital:p.71,True
-2432,5104,63.0,1.0,3.0,False,minecraft:forest,plain,minecraft:overworld:step.16:city.city_jingchao_capital:p.71,True
-3440,5120,61.0,2.0,3.0,True,minecraft:forest,water,minecraft:overworld:step.16:city.city_jingchao_capital:p.1,True
-3424,5120,61.0,2.0,3.0,True,minecraft:forest,water,minecraft:overworld:step.16:city.city_jingchao_capital:p.1,True
-3408,5120,60.0,1.0,3.0,True,minecraft:forest,water,minecraft:overworld:step.16:city.city_jingchao_capital:p.1,True
-3392,5120,61.0,1.0,3.0,True,minecraft:forest,water,minecraft:overworld:step.16:city.city_jingchao_capital:p.1,True
-3376,5120,61.0,1.0,3.0,True,minecraft:forest,water,minecraft:overworld:step.16:city.city_jingchao_capital:p.1,True
-3360,5120,61.0,2.0,3.0,True,minecraft:forest,water,minecraft:overworld:step.16:city.city_jingchao_capital:p.1,True
-3344,5120,62.0,3.0,3.0,False,minecraft:forest,shore,minecraft:overworld:step.16:city.city_jingchao_capital:p.94,True
-3328,5120,60.0,2.0,3.0,True,minecraft:forest,water,minecraft:overworld:step.16:city.city_jingchao_capital:p.1,True
-3312,5120,60.0,2.0,4.0,True,minecraft:forest,water,minecraft:overworld:step.16:city.city_jingchao_capital:p.1,True
-3296,5120,60.0,0.0,5.0,True,minecraft:forest,water,minecraft:overworld:step.16:city.city_jingchao_capital:p.1,True
-3280,5120,60.0,4.0,6.0,True,minecraft:forest,water,minecraft:overworld:step.16:city.city_jingchao_capital:p.1,True
-3264,5120,62.0,3.0,7.0,False,minecraft:forest,shore,minecraft:overworld:step.16:city.city_jingchao_capital:p.2,True
-3248,5120,64.0,3.0,7.0,False,minecraft:forest,shore,minecraft:overworld:step.16:city.city_jingchao_capital:p.2,True
-3232,5120,65.0,4.0,7.0,False,minecraft:forest,shore,minecraft:overworld:step.16:city.city_jingchao_capital:p.2,True
-3216,5120,66.0,2.0,7.0,False,minecraft:forest,shore,minecraft:overworld:step.16:city.city_jingchao_capital:p.2,True
-3200,5120,66.0,2.0,6.0,False,minecraft:forest,slope,minecraft:overworld:step.16:city.city_jingchao_capital:p.95,True
-3184,5120,66.0,2.0,4.0,False,minecraft:forest,plain,minecraft:overworld:step.16:city.city_jingchao_capital:p.3,True
-3168,5120,66.0,1.0,4.0,False,minecraft:birch_forest,plain,minecraft:overworld:step.16:city.city_jingchao_capital:p.3,True
-3152,5120,66.0,1.0,5.0,False,minecraft:birch_forest,plain,minecraft:overworld:step.16:city.city_jingchao_capital:p.3,True
-3136,5120,66.0,4.0,6.0,False,minecraft:birch_forest,slope,minecraft:overworld:step.16:city.city_jingchao_capital:p.27,True
-3120,5120,66.0,4.0,8.0,False,minecraft:birch_forest,shore,minecraft:overworld:step.16:city.city_jingchao_capital:p.2,True
-3104,5120,66.0,5.0,8.0,False,minecraft:birch_forest,shore,minecraft:overworld:step.16:city.city_jingchao_capital:p.2,True
-3088,5120,64.0,3.0,8.0,False,minecraft:birch_forest,shore,minecraft:overworld:step.16:city.city_jingchao_capital:p.2,True
-3072,5120,62.0,4.0,8.0,False,minecraft:birch_forest,shore,minecraft:overworld:step.16:city.city_jingchao_capital:p.2,True
-3056,5120,62.0,4.0,8.0,False,minecraft:birch_forest,shore,minecraft:overworld:step.16:city.city_jingchao_capital:p.2,True
-3040,5120,64.0,2.0,6.0,False,minecraft:birch_forest,slope,minecraft:overworld:step.16:city.city_jingchao_capital:p.23,True
-3024,5120,65.0,2.0,5.0,False,minecraft:birch_forest,plain,minecraft:overworld:step.16:city.city_jingchao_capital:p.75,True
-3008,5120,66.0,2.0,4.0,False,minecraft:birch_forest,plain,minecraft:overworld:step.16:city.city_jingchao_capital:p.75,True
-2992,5120,67.0,1.0,8.0,False,minecraft:birch_forest,slope,minecraft:overworld:step.16:city.city_jingchao_capital:p.50,True
-2976,5120,67.0,3.0,8.0,False,minecraft:birch_forest,slope,minecraft:overworld:step.16:city.city_jingchao_capital:p.50,True
-2960,5120,67.0,5.0,7.0,False,minecraft:birch_forest,slope,minecraft:overworld:step.16:city.city_jingchao_capital:p.50,True
-2944,5120,68.0,5.0,7.0,False,minecraft:birch_forest,slope,minecraft:overworld:step.16:city.city_jingchao_capital:p.50,True
-2928,5120,72.0,4.0,6.0,False,minecraft:birch_forest,slope,minecraft:overworld:step.16:city.city_jingchao_capital:p.50,True
-2912,5120,73.0,4.0,5.0,False,minecraft:birch_forest,slope,minecraft:overworld:step.16:city.city_jingchao_capital:p.50,True
-2896,5120,72.0,2.0,5.0,False,minecraft:birch_forest,terrace,minecraft:overworld:step.16:city.city_jingchao_capital:p.101,True
-2880,5120,71.0,2.0,5.0,False,minecraft:birch_forest,terrace,minecraft:overworld:step.16:city.city_jingchao_capital:p.101,True
-2864,5120,69.0,3.0,6.0,False,minecraft:birch_forest,slope,minecraft:overworld:step.16:city.city_jingchao_capital:p.50,True
-2848,5120,69.0,2.0,7.0,False,minecraft:birch_forest,slope,minecraft:overworld:step.16:city.city_jingchao_capital:p.50,True
-2832,5120,68.0,2.0,6.0,False,minecraft:birch_forest,slope,minecraft:overworld:step.16:city.city_jingchao_capital:p.50,True
-2816,5120,66.0,2.0,6.0,False,minecraft:birch_forest,slope,minecraft:overworld:step.16:city.city_jingchao_capital:p.50,True
-2800,5120,65.0,2.0,6.0,False,minecraft:birch_forest,slope,minecraft:overworld:step.16:city.city_jingchao_capital:p.50,True
-2784,5120,63.0,3.0,6.0,False,minecraft:forest,slope,minecraft:overworld:step.16:city.city_jingchao_capital:p.50,True
-2768,5120,62.0,2.0,5.0,False,minecraft:forest,shore,minecraft:overworld:step.16:city.city_jingchao_capital:p.2,True
-2752,5120,62.0,1.0,5.0,False,minecraft:forest,shore,minecraft:overworld:step.16:city.city_jingchao_capital:p.2,True
-2736,5120,62.0,2.0,3.0,False,minecraft:forest,shore,minecraft:overworld:step.16:city.city_jingchao_capital:p.2,True
-2720,5120,62.0,2.0,3.0,False,minecraft:forest,shore,minecraft:overworld:step.16:city.city_jingchao_capital:p.2,True
-2704,5120,62.0,2.0,4.0,False,minecraft:forest,shore,minecraft:overworld:step.16:city.city_jingchao_capital:p.2,True
-2688,5120,63.0,2.0,5.0,False,minecraft:forest,shore,minecraft:overworld:step.16:city.city_jingchao_capital:p.2,True
-2672,5120,64.0,2.0,4.0,False,minecraft:forest,shore,minecraft:overworld:step.16:city.city_jingchao_capital:p.2,True
-2656,5120,65.0,3.0,3.0,False,minecraft:forest,slope,minecraft:overworld:step.16:city.city_jingchao_capital:p.102,True
-2640,5120,65.0,1.0,4.0,False,minecraft:forest,plain,minecraft:overworld:step.16:city.city_jingchao_capital:p.71,True
-2624,5120,65.0,1.0,4.0,False,minecraft:forest,plain,minecraft:overworld:step.16:city.city_jingchao_capital:p.71,True
-2608,5120,66.0,2.0,3.0,False,minecraft:forest,plain,minecraft:overworld:step.16:city.city_jingchao_capital:p.71,True
-2592,5120,66.0,1.0,3.0,False,minecraft:forest,plain,minecraft:overworld:step.16:city.city_jingchao_capital:p.71,True
-2576,5120,67.0,2.0,3.0,False,minecraft:forest,terrace,minecraft:overworld:step.16:city.city_jingchao_capital:p.103,True
-2560,5120,67.0,2.0,4.0,False,minecraft:forest,terrace,minecraft:overworld:step.16:city.city_jingchao_capital:p.103,True
-2544,5120,66.0,2.0,4.0,False,minecraft:forest,plain,minecraft:overworld:step.16:city.city_jingchao_capital:p.71,True
-2528,5120,64.0,2.0,4.0,False,minecraft:forest,plain,minecraft:overworld:step.16:city.city_jingchao_capital:p.71,True
-2512,5120,65.0,1.0,3.0,False,minecraft:forest,plain,minecraft:overworld:step.16:city.city_jingchao_capital:p.71,True
-2496,5120,66.0,2.0,3.0,False,minecraft:forest,plain,minecraft:overworld:step.16:city.city_jingchao_capital:p.71,True
-2480,5120,66.0,1.0,3.0,False,minecraft:forest,plain,minecraft:overworld:step.16:city.city_jingchao_capital:p.71,True
-2464,5120,65.0,1.0,4.0,False,minecraft:forest,plain,minecraft:overworld:step.16:city.city_jingchao_capital:p.71,True
-2448,5120,64.0,1.0,4.0,False,minecraft:forest,plain,minecraft:overworld:step.16:city.city_jingchao_capital:p.71,True
-2432,5120,64.0,2.0,3.0,False,minecraft:forest,plain,minecraft:overworld:step.16:city.city_jingchao_capital:p.71,True
-3440,5136,59.0,2.0,2.0,True,minecraft:forest,water,minecraft:overworld:step.16:city.city_jingchao_capital:p.1,True
-3424,5136,59.0,2.0,2.0,True,minecraft:forest,water,minecraft:overworld:step.16:city.city_jingchao_capital:p.1,True
-3408,5136,60.0,1.0,3.0,True,minecraft:forest,water,minecraft:overworld:step.16:city.city_jingchao_capital:p.1,True
-3392,5136,60.0,1.0,3.0,True,minecraft:forest,water,minecraft:overworld:step.16:city.city_jingchao_capital:p.1,True
-3376,5136,61.0,1.0,3.0,True,minecraft:forest,water,minecraft:overworld:step.16:city.city_jingchao_capital:p.1,True
-3360,5136,61.0,1.0,3.0,True,minecraft:forest,water,minecraft:overworld:step.16:city.city_jingchao_capital:p.1,True
-3344,5136,62.0,2.0,3.0,False,minecraft:forest,shore,minecraft:overworld:step.16:city.city_jingchao_capital:p.94,True
-3328,5136,62.0,3.0,4.0,False,minecraft:forest,shore,minecraft:overworld:step.16:city.city_jingchao_capital:p.94,True
-3312,5136,60.0,2.0,4.0,True,minecraft:forest,water,minecraft:overworld:step.16:city.city_jingchao_capital:p.1,True
-3296,5136,60.0,1.0,6.0,True,minecraft:forest,water,minecraft:overworld:step.16:city.city_jingchao_capital:p.1,True
-3280,5136,60.0,2.0,7.0,True,minecraft:forest,water,minecraft:overworld:step.16:city.city_jingchao_capital:p.1,True
-3264,5136,61.0,3.0,8.0,True,minecraft:forest,water,minecraft:overworld:step.16:city.city_jingchao_capital:p.1,True
-3248,5136,61.0,4.0,7.0,True,minecraft:forest,water,minecraft:overworld:step.16:city.city_jingchao_capital:p.1,True
-3232,5136,64.0,4.0,8.0,False,minecraft:forest,shore,minecraft:overworld:step.16:city.city_jingchao_capital:p.2,True
-3216,5136,64.0,3.0,8.0,False,minecraft:forest,shore,minecraft:overworld:step.16:city.city_jingchao_capital:p.2,True
-3200,5136,64.0,2.0,8.0,False,minecraft:forest,shore,minecraft:overworld:step.16:city.city_jingchao_capital:p.2,True
-3184,5136,65.0,2.0,6.0,False,minecraft:forest,shore,minecraft:overworld:step.16:city.city_jingchao_capital:p.2,True
-3168,5136,66.0,3.0,5.0,False,minecraft:forest,slope,minecraft:overworld:step.16:city.city_jingchao_capital:p.96,True
-3152,5136,65.0,2.0,5.0,False,minecraft:forest,plain,minecraft:overworld:step.16:city.city_jingchao_capital:p.3,True
-3136,5136,65.0,3.0,6.0,False,minecraft:birch_forest,shore,minecraft:overworld:step.16:city.city_jingchao_capital:p.2,True
-3120,5136,62.0,4.0,6.0,False,minecraft:birch_forest,shore,minecraft:overworld:step.16:city.city_jingchao_capital:p.2,True
-3104,5136,62.0,4.0,6.0,False,minecraft:birch_forest,shore,minecraft:overworld:step.16:city.city_jingchao_capital:p.2,True
-3088,5136,61.0,5.0,6.0,True,minecraft:birch_forest,water,minecraft:overworld:step.16:city.city_jingchao_capital:p.1,True
-3072,5136,62.0,2.0,6.0,False,minecraft:birch_forest,shore,minecraft:overworld:step.16:city.city_jingchao_capital:p.2,True
-3056,5136,63.0,2.0,5.0,False,minecraft:birch_forest,shore,minecraft:overworld:step.16:city.city_jingchao_capital:p.2,True
-3040,5136,64.0,2.0,5.0,False,minecraft:birch_forest,shore,minecraft:overworld:step.16:city.city_jingchao_capital:p.2,True
-3024,5136,64.0,2.0,7.0,False,minecraft:birch_forest,slope,minecraft:overworld:step.16:city.city_jingchao_capital:p.50,True
-3008,5136,66.0,2.0,8.0,False,minecraft:birch_forest,slope,minecraft:overworld:step.16:city.city_jingchao_capital:p.50,True
-2992,5136,67.0,2.0,10.0,False,minecraft:birch_forest,slope,minecraft:overworld:step.16:city.city_jingchao_capital:p.50,True
-2976,5136,67.0,5.0,9.0,False,minecraft:birch_forest,slope,minecraft:overworld:step.16:city.city_jingchao_capital:p.50,True
-2960,5136,70.0,3.0,7.0,False,minecraft:birch_forest,slope,minecraft:overworld:step.16:city.city_jingchao_capital:p.50,True
-2944,5136,72.0,5.0,6.0,False,minecraft:birch_forest,slope,minecraft:overworld:step.16:city.city_jingchao_capital:p.50,True
-2928,5136,73.0,5.0,6.0,False,minecraft:birch_forest,slope,minecraft:overworld:step.16:city.city_jingchao_capital:p.50,True
-2912,5136,72.0,1.0,5.0,False,minecraft:birch_forest,terrace,minecraft:overworld:step.16:city.city_jingchao_capital:p.101,True
-2896,5136,71.0,2.0,4.0,False,minecraft:birch_forest,terrace,minecraft:overworld:step.16:city.city_jingchao_capital:p.101,True
-2880,5136,70.0,2.0,6.0,False,minecraft:birch_forest,slope,minecraft:overworld:step.16:city.city_jingchao_capital:p.50,True
-2864,5136,69.0,2.0,6.0,False,minecraft:birch_forest,slope,minecraft:overworld:step.16:city.city_jingchao_capital:p.50,True
-2848,5136,68.0,2.0,7.0,False,minecraft:birch_forest,slope,minecraft:overworld:step.16:city.city_jingchao_capital:p.50,True
-2832,5136,67.0,2.0,6.0,False,minecraft:birch_forest,slope,minecraft:overworld:step.16:city.city_jingchao_capital:p.50,True
-2816,5136,66.0,2.0,6.0,False,minecraft:birch_forest,slope,minecraft:overworld:step.16:city.city_jingchao_capital:p.50,True
-2800,5136,64.0,2.0,6.0,False,minecraft:birch_forest,slope,minecraft:overworld:step.16:city.city_jingchao_capital:p.50,True
-2784,5136,63.0,2.0,5.0,False,minecraft:forest,plain,minecraft:overworld:step.16:city.city_jingchao_capital:p.104,True
-2768,5136,62.0,1.0,5.0,False,minecraft:forest,plain,minecraft:overworld:step.16:city.city_jingchao_capital:p.104,True
-2752,5136,62.0,0.0,4.0,False,minecraft:forest,shore,minecraft:overworld:step.16:city.city_jingchao_capital:p.2,True
-2736,5136,62.0,0.0,3.0,False,minecraft:forest,shore,minecraft:overworld:step.16:city.city_jingchao_capital:p.2,True
-2720,5136,62.0,0.0,3.0,False,minecraft:forest,shore,minecraft:overworld:step.16:city.city_jingchao_capital:p.2,True
-2704,5136,62.0,1.0,4.0,False,minecraft:forest,shore,minecraft:overworld:step.16:city.city_jingchao_capital:p.2,True
-2688,5136,63.0,1.0,5.0,False,minecraft:forest,shore,minecraft:overworld:step.16:city.city_jingchao_capital:p.2,True
-2672,5136,63.0,2.0,4.0,False,minecraft:forest,plain,minecraft:overworld:step.16:city.city_jingchao_capital:p.71,True
-2656,5136,64.0,2.0,3.0,False,minecraft:forest,plain,minecraft:overworld:step.16:city.city_jingchao_capital:p.71,True
-2640,5136,64.0,1.0,4.0,False,minecraft:forest,plain,minecraft:overworld:step.16:city.city_jingchao_capital:p.71,True
-2624,5136,64.0,2.0,4.0,False,minecraft:forest,plain,minecraft:overworld:step.16:city.city_jingchao_capital:p.71,True
-2608,5136,65.0,2.0,3.0,False,minecraft:forest,plain,minecraft:overworld:step.16:city.city_jingchao_capital:p.71,True
-2592,5136,67.0,2.0,3.0,False,minecraft:forest,terrace,minecraft:overworld:step.16:city.city_jingchao_capital:p.103,True
-2576,5136,67.0,1.0,2.0,False,minecraft:forest,terrace,minecraft:overworld:step.16:city.city_jingchao_capital:p.103,True
-2560,5136,67.0,2.0,3.0,False,minecraft:forest,terrace,minecraft:overworld:step.16:city.city_jingchao_capital:p.103,True
-2544,5136,65.0,2.0,3.0,False,minecraft:forest,plain,minecraft:overworld:step.16:city.city_jingchao_capital:p.71,True
-2528,5136,64.0,2.0,3.0,False,minecraft:forest,plain,minecraft:overworld:step.16:city.city_jingchao_capital:p.71,True
-2512,5136,65.0,1.0,2.0,False,minecraft:forest,plain,minecraft:overworld:step.16:city.city_jingchao_capital:p.71,True
-2496,5136,66.0,1.0,2.0,False,minecraft:forest,plain,minecraft:overworld:step.16:city.city_jingchao_capital:p.71,True
-2480,5136,66.0,1.0,2.0,False,minecraft:forest,plain,minecraft:overworld:step.16:city.city_jingchao_capital:p.71,True
-2464,5136,65.0,1.0,3.0,False,minecraft:forest,plain,minecraft:overworld:step.16:city.city_jingchao_capital:p.71,True
-2448,5136,64.0,1.0,4.0,False,minecraft:forest,plain,minecraft:overworld:step.16:city.city_jingchao_capital:p.71,True
-2432,5136,63.0,1.0,3.0,False,minecraft:forest,shore,minecraft:overworld:step.16:city.city_jingchao_capital:p.2,True
-3440,5152,59.0,0.0,2.0,True,minecraft:forest,water,minecraft:overworld:step.16:city.city_jingchao_capital:p.1,True
-3424,5152,59.0,1.0,2.0,True,minecraft:forest,water,minecraft:overworld:step.16:city.city_jingchao_capital:p.1,True
-3408,5152,60.0,1.0,2.0,True,minecraft:forest,water,minecraft:overworld:step.16:city.city_jingchao_capital:p.1,True
-3392,5152,60.0,1.0,2.0,True,minecraft:forest,water,minecraft:overworld:step.16:city.city_jingchao_capital:p.1,True
-3376,5152,61.0,1.0,3.0,True,minecraft:forest,water,minecraft:overworld:step.16:city.city_jingchao_capital:p.1,True
-3360,5152,61.0,1.0,2.0,True,minecraft:forest,water,minecraft:overworld:step.16:city.city_jingchao_capital:p.1,True
-3344,5152,61.0,1.0,3.0,True,minecraft:forest,water,minecraft:overworld:step.16:city.city_jingchao_capital:p.1,True
-3328,5152,62.0,3.0,4.0,False,minecraft:forest,shore,minecraft:overworld:step.16:city.city_jingchao_capital:p.94,True
-3312,5152,59.0,3.0,4.0,True,minecraft:forest,water,minecraft:overworld:step.16:city.city_jingchao_capital:p.1,True
-3296,5152,59.0,1.0,4.0,True,minecraft:forest,water,minecraft:overworld:step.16:city.city_jingchao_capital:p.1,True
-3280,5152,59.0,2.0,6.0,True,minecraft:forest,water,minecraft:overworld:step.16:city.city_jingchao_capital:p.1,True
-3264,5152,60.0,1.0,7.0,True,minecraft:forest,water,minecraft:overworld:step.16:city.city_jingchao_capital:p.1,True
-3248,5152,60.0,4.0,8.0,True,minecraft:forest,water,minecraft:overworld:step.16:city.city_jingchao_capital:p.1,True
-3232,5152,61.0,3.0,7.0,True,minecraft:forest,water,minecraft:overworld:step.16:city.city_jingchao_capital:p.1,True
-3216,5152,63.0,4.0,7.0,False,minecraft:forest,shore,minecraft:overworld:step.16:city.city_jingchao_capital:p.2,True
-3200,5152,63.0,2.0,7.0,False,minecraft:forest,shore,minecraft:overworld:step.16:city.city_jingchao_capital:p.2,True
-3184,5152,64.0,2.0,6.0,False,minecraft:forest,shore,minecraft:overworld:step.16:city.city_jingchao_capital:p.2,True
-3168,5152,64.0,2.0,6.0,False,minecraft:forest,shore,minecraft:overworld:step.16:city.city_jingchao_capital:p.2,True
-3152,5152,63.0,3.0,5.0,False,minecraft:birch_forest,slope,minecraft:overworld:step.16:city.city_jingchao_capital:p.97,True
-3136,5152,63.0,2.0,5.0,False,minecraft:birch_forest,shore,minecraft:overworld:step.16:city.city_jingchao_capital:p.2,True
-3120,5152,62.0,3.0,5.0,False,minecraft:birch_forest,shore,minecraft:overworld:step.16:city.city_jingchao_capital:p.2,True
-3104,5152,62.0,1.0,5.0,False,minecraft:birch_forest,shore,minecraft:overworld:step.16:city.city_jingchao_capital:p.2,True
-3088,5152,61.0,1.0,5.0,True,minecraft:birch_forest,water,minecraft:overworld:step.16:city.city_jingchao_capital:p.1,True
-3072,5152,61.0,2.0,5.0,True,minecraft:birch_forest,water,minecraft:overworld:step.16:city.city_jingchao_capital:p.1,True
-3056,5152,62.0,2.0,4.0,False,minecraft:birch_forest,shore,minecraft:overworld:step.16:city.city_jingchao_capital:p.2,True
-3040,5152,63.0,1.0,6.0,False,minecraft:birch_forest,shore,minecraft:overworld:step.16:city.city_jingchao_capital:p.2,True
-3024,5152,64.0,2.0,8.0,False,minecraft:birch_forest,shore,minecraft:overworld:step.16:city.city_jingchao_capital:p.2,True
-3008,5152,65.0,4.0,9.0,False,minecraft:birch_forest,slope,minecraft:overworld:step.16:city.city_jingchao_capital:p.50,True
-2992,5152,66.0,5.0,11.0,False,minecraft:birch_forest,slope,minecraft:overworld:step.16:city.city_jingchao_capital:p.50,True
-2976,5152,67.0,6.0,9.0,False,minecraft:birch_forest,slope,minecraft:overworld:step.16:city.city_jingchao_capital:p.50,True
-2960,5152,72.0,5.0,7.0,False,minecraft:birch_forest,slope,minecraft:overworld:step.16:city.city_jingchao_capital:p.50,True
-2944,5152,73.0,3.0,6.0,False,minecraft:birch_forest,slope,minecraft:overworld:step.16:city.city_jingchao_capital:p.50,True
-2928,5152,73.0,1.0,6.0,False,minecraft:birch_forest,slope,minecraft:overworld:step.16:city.city_jingchao_capital:p.50,True
-2912,5152,72.0,1.0,5.0,False,minecraft:birch_forest,terrace,minecraft:overworld:step.16:city.city_jingchao_capital:p.101,True
-2896,5152,72.0,2.0,5.0,False,minecraft:birch_forest,terrace,minecraft:overworld:step.16:city.city_jingchao_capital:p.101,True
-2880,5152,70.0,2.0,6.0,False,minecraft:birch_forest,slope,minecraft:overworld:step.16:city.city_jingchao_capital:p.50,True
-2864,5152,69.0,2.0,6.0,False,minecraft:birch_forest,slope,minecraft:overworld:step.16:city.city_jingchao_capital:p.50,True
-2848,5152,68.0,2.0,6.0,False,minecraft:birch_forest,slope,minecraft:overworld:step.16:city.city_jingchao_capital:p.50,True
-2832,5152,66.0,2.0,5.0,False,minecraft:birch_forest,plain,minecraft:overworld:step.16:city.city_jingchao_capital:p.100,True
-2816,5152,65.0,2.0,6.0,False,minecraft:birch_forest,slope,minecraft:overworld:step.16:city.city_jingchao_capital:p.50,True
-2800,5152,64.0,2.0,6.0,False,minecraft:birch_forest,slope,minecraft:overworld:step.16:city.city_jingchao_capital:p.50,True
-2784,5152,63.0,1.0,5.0,False,minecraft:forest,plain,minecraft:overworld:step.16:city.city_jingchao_capital:p.104,True
-2768,5152,62.0,1.0,4.0,False,minecraft:forest,shore,minecraft:overworld:step.16:city.city_jingchao_capital:p.2,True
-2752,5152,62.0,1.0,2.0,False,minecraft:forest,shore,minecraft:overworld:step.16:city.city_jingchao_capital:p.2,True
-2736,5152,62.0,1.0,2.0,False,minecraft:forest,shore,minecraft:overworld:step.16:city.city_jingchao_capital:p.2,True
-2720,5152,62.0,1.0,2.0,False,minecraft:forest,shore,minecraft:overworld:step.16:city.city_jingchao_capital:p.2,True
-2704,5152,62.0,1.0,3.0,False,minecraft:forest,shore,minecraft:overworld:step.16:city.city_jingchao_capital:p.2,True
-2688,5152,62.0,1.0,4.0,False,minecraft:forest,shore,minecraft:overworld:step.16:city.city_jingchao_capital:p.2,True
-2672,5152,62.0,2.0,4.0,False,minecraft:forest,shore,minecraft:overworld:step.16:city.city_jingchao_capital:p.2,True
-2656,5152,63.0,1.0,3.0,False,minecraft:forest,plain,minecraft:overworld:step.16:city.city_jingchao_capital:p.71,True
-2640,5152,64.0,1.0,4.0,False,minecraft:forest,plain,minecraft:overworld:step.16:city.city_jingchao_capital:p.71,True
-2624,5152,65.0,1.0,4.0,False,minecraft:forest,plain,minecraft:overworld:step.16:city.city_jingchao_capital:p.71,True
-2608,5152,65.0,2.0,3.0,False,minecraft:forest,plain,minecraft:overworld:step.16:city.city_jingchao_capital:p.71,True
-2592,5152,66.0,1.0,3.0,False,minecraft:forest,plain,minecraft:overworld:step.16:city.city_jingchao_capital:p.71,True
-2576,5152,66.0,1.0,3.0,False,minecraft:forest,plain,minecraft:overworld:step.16:city.city_jingchao_capital:p.71,True
-2560,5152,66.0,1.0,3.0,False,minecraft:forest,plain,minecraft:overworld:step.16:city.city_jingchao_capital:p.71,True
-2544,5152,65.0,2.0,3.0,False,minecraft:forest,plain,minecraft:overworld:step.16:city.city_jingchao_capital:p.71,True
-2528,5152,65.0,1.0,3.0,False,minecraft:forest,plain,minecraft:overworld:step.16:city.city_jingchao_capital:p.71,True
-2512,5152,65.0,1.0,2.0,False,minecraft:forest,plain,minecraft:overworld:step.16:city.city_jingchao_capital:p.71,True
-2496,5152,65.0,1.0,2.0,False,minecraft:forest,plain,minecraft:overworld:step.16:city.city_jingchao_capital:p.71,True
-2480,5152,65.0,1.0,2.0,False,minecraft:forest,plain,minecraft:overworld:step.16:city.city_jingchao_capital:p.71,True
-2464,5152,65.0,1.0,3.0,False,minecraft:forest,plain,minecraft:overworld:step.16:city.city_jingchao_capital:p.71,True
-2448,5152,64.0,1.0,4.0,False,minecraft:forest,plain,minecraft:overworld:step.16:city.city_jingchao_capital:p.71,True
-2432,5152,63.0,1.0,3.0,False,minecraft:forest,plain,minecraft:overworld:step.16:city.city_jingchao_capital:p.71,True
-3440,5168,59.0,0.0,1.0,True,minecraft:forest,water,minecraft:overworld:step.16:city.city_jingchao_capital:p.1,True
-3424,5168,59.0,1.0,1.0,True,minecraft:forest,water,minecraft:overworld:step.16:city.city_jingchao_capital:p.1,True
-3408,5168,59.0,1.0,2.0,True,minecraft:forest,water,minecraft:overworld:step.16:city.city_jingchao_capital:p.1,True
-3392,5168,60.0,1.0,2.0,True,minecraft:forest,water,minecraft:overworld:step.16:city.city_jingchao_capital:p.1,True
-3376,5168,61.0,1.0,3.0,True,minecraft:forest,water,minecraft:overworld:step.16:city.city_jingchao_capital:p.1,True
-3360,5168,61.0,1.0,2.0,True,minecraft:forest,water,minecraft:overworld:step.16:city.city_jingchao_capital:p.1,True
-3344,5168,61.0,1.0,3.0,True,minecraft:forest,water,minecraft:overworld:step.16:city.city_jingchao_capital:p.1,True
-3328,5168,61.0,2.0,4.0,True,minecraft:forest,water,minecraft:overworld:step.16:city.city_jingchao_capital:p.1,True
-3312,5168,60.0,2.0,4.0,True,minecraft:forest,water,minecraft:overworld:step.16:city.city_jingchao_capital:p.1,True
-3296,5168,58.0,2.0,4.0,True,minecraft:forest,water,minecraft:overworld:step.16:city.city_jingchao_capital:p.1,True
-3280,5168,59.0,1.0,3.0,True,minecraft:forest,water,minecraft:overworld:step.16:city.city_jingchao_capital:p.1,True
-3264,5168,59.0,1.0,6.0,True,minecraft:forest,water,minecraft:overworld:step.16:city.city_jingchao_capital:p.1,True
-3248,5168,59.0,2.0,6.0,True,minecraft:forest,water,minecraft:overworld:step.16:city.city_jingchao_capital:p.1,True
-3232,5168,59.0,4.0,5.0,True,minecraft:forest,water,minecraft:overworld:step.16:city.city_jingchao_capital:p.1,True
-3216,5168,61.0,2.0,6.0,True,minecraft:forest,water,minecraft:overworld:step.16:city.city_jingchao_capital:p.1,True
-3200,5168,62.0,2.0,7.0,False,minecraft:forest,shore,minecraft:overworld:step.16:city.city_jingchao_capital:p.2,True
-3184,5168,62.0,2.0,6.0,False,minecraft:forest,shore,minecraft:overworld:step.16:city.city_jingchao_capital:p.2,True
-3168,5168,62.0,2.0,6.0,False,minecraft:forest,shore,minecraft:overworld:step.16:city.city_jingchao_capital:p.2,True
-3152,5168,62.0,2.0,5.0,False,minecraft:forest,shore,minecraft:overworld:step.16:city.city_jingchao_capital:p.2,True
-3136,5168,63.0,1.0,5.0,False,minecraft:birch_forest,shore,minecraft:overworld:step.16:city.city_jingchao_capital:p.2,True
-3120,5168,62.0,1.0,5.0,False,minecraft:birch_forest,shore,minecraft:overworld:step.16:city.city_jingchao_capital:p.2,True
-3104,5168,61.0,1.0,5.0,True,minecraft:birch_forest,water,minecraft:overworld:step.16:city.city_jingchao_capital:p.1,True
-3088,5168,61.0,1.0,3.0,True,minecraft:birch_forest,water,minecraft:overworld:step.16:city.city_jingchao_capital:p.1,True
-3072,5168,61.0,1.0,4.0,True,minecraft:birch_forest,water,minecraft:overworld:step.16:city.city_jingchao_capital:p.1,True
-3056,5168,62.0,1.0,6.0,False,minecraft:birch_forest,shore,minecraft:overworld:step.16:city.city_jingchao_capital:p.2,True
-3040,5168,63.0,2.0,6.0,False,minecraft:birch_forest,shore,minecraft:overworld:step.16:city.city_jingchao_capital:p.2,True
-3024,5168,63.0,4.0,8.0,False,minecraft:birch_forest,shore,minecraft:overworld:step.16:city.city_jingchao_capital:p.2,True
-3008,5168,64.0,5.0,9.0,False,minecraft:birch_forest,slope,minecraft:overworld:step.16:city.city_jingchao_capital:p.50,True
-2992,5168,69.0,5.0,11.0,False,minecraft:birch_forest,slope,minecraft:overworld:step.16:city.city_jingchao_capital:p.50,True
-2976,5168,71.0,5.0,9.0,False,minecraft:birch_forest,slope,minecraft:overworld:step.16:city.city_jingchao_capital:p.50,True
-2960,5168,73.0,6.0,7.0,False,minecraft:birch_forest,slope,minecraft:overworld:step.16:city.city_jingchao_capital:p.50,True
-2944,5168,73.0,2.0,6.0,False,minecraft:birch_forest,slope,minecraft:overworld:step.16:city.city_jingchao_capital:p.50,True
-2928,5168,72.0,1.0,4.0,False,minecraft:birch_forest,terrace,minecraft:overworld:step.16:city.city_jingchao_capital:p.101,True
-2912,5168,72.0,2.0,5.0,False,minecraft:birch_forest,terrace,minecraft:overworld:step.16:city.city_jingchao_capital:p.101,True
-2896,5168,71.0,2.0,5.0,False,minecraft:birch_forest,terrace,minecraft:overworld:step.16:city.city_jingchao_capital:p.101,True
-2880,5168,70.0,2.0,5.0,False,minecraft:birch_forest,terrace,minecraft:overworld:step.16:city.city_jingchao_capital:p.101,True
-2864,5168,69.0,2.0,6.0,False,minecraft:birch_forest,slope,minecraft:overworld:step.16:city.city_jingchao_capital:p.50,True
-2848,5168,67.0,2.0,5.0,False,minecraft:birch_forest,plain,minecraft:overworld:step.16:city.city_jingchao_capital:p.100,True
-2832,5168,66.0,2.0,5.0,False,minecraft:birch_forest,plain,minecraft:overworld:step.16:city.city_jingchao_capital:p.100,True
-2816,5168,65.0,1.0,5.0,False,minecraft:birch_forest,plain,minecraft:overworld:step.16:city.city_jingchao_capital:p.100,True
-2800,5168,64.0,1.0,5.0,False,minecraft:birch_forest,plain,minecraft:overworld:step.16:city.city_jingchao_capital:p.100,True
-2784,5168,63.0,1.0,5.0,False,minecraft:forest,shore,minecraft:overworld:step.16:city.city_jingchao_capital:p.2,True
-2768,5168,63.0,2.0,3.0,False,minecraft:forest,shore,minecraft:overworld:step.16:city.city_jingchao_capital:p.2,True
-2752,5168,62.0,1.0,2.0,False,minecraft:forest,shore,minecraft:overworld:step.16:city.city_jingchao_capital:p.2,True
-2736,5168,61.0,1.0,2.0,True,minecraft:forest,water,minecraft:overworld:step.16:city.city_jingchao_capital:p.105,True
-2720,5168,61.0,1.0,2.0,True,minecraft:forest,water,minecraft:overworld:step.16:city.city_jingchao_capital:p.105,True
-2704,5168,61.0,1.0,2.0,True,minecraft:forest,water,minecraft:overworld:step.16:city.city_jingchao_capital:p.105,True
-2688,5168,62.0,1.0,3.0,False,minecraft:forest,shore,minecraft:overworld:step.16:city.city_jingchao_capital:p.2,True
-2672,5168,62.0,1.0,3.0,False,minecraft:forest,shore,minecraft:overworld:step.16:city.city_jingchao_capital:p.2,True
-2656,5168,63.0,1.0,3.0,False,minecraft:forest,shore,minecraft:overworld:step.16:city.city_jingchao_capital:p.2,True
-2640,5168,64.0,1.0,4.0,False,minecraft:forest,plain,minecraft:overworld:step.16:city.city_jingchao_capital:p.71,True
-2624,5168,65.0,1.0,4.0,False,minecraft:forest,plain,minecraft:overworld:step.16:city.city_jingchao_capital:p.71,True
-2608,5168,66.0,1.0,3.0,False,minecraft:forest,plain,minecraft:overworld:step.16:city.city_jingchao_capital:p.71,True
-2592,5168,66.0,1.0,3.0,False,minecraft:forest,plain,minecraft:overworld:step.16:city.city_jingchao_capital:p.71,True
-2576,5168,65.0,1.0,4.0,False,minecraft:forest,plain,minecraft:overworld:step.16:city.city_jingchao_capital:p.71,True
-2560,5168,66.0,2.0,4.0,False,minecraft:forest,plain,minecraft:overworld:step.16:city.city_jingchao_capital:p.71,True
-2544,5168,65.0,1.0,4.0,False,minecraft:forest,plain,minecraft:overworld:step.16:city.city_jingchao_capital:p.71,True
-2528,5168,64.0,1.0,4.0,False,minecraft:forest,plain,minecraft:overworld:step.16:city.city_jingchao_capital:p.71,True
-2512,5168,64.0,1.0,3.0,False,minecraft:forest,plain,minecraft:overworld:step.16:city.city_jingchao_capital:p.71,True
-2496,5168,65.0,1.0,3.0,False,minecraft:forest,plain,minecraft:overworld:step.16:city.city_jingchao_capital:p.71,True
-2480,5168,65.0,1.0,3.0,False,minecraft:forest,plain,minecraft:overworld:step.16:city.city_jingchao_capital:p.71,True
-2464,5168,65.0,1.0,4.0,False,minecraft:forest,plain,minecraft:overworld:step.16:city.city_jingchao_capital:p.71,True
-2448,5168,64.0,1.0,4.0,False,minecraft:forest,plain,minecraft:overworld:step.16:city.city_jingchao_capital:p.71,True
-2432,5168,63.0,1.0,3.0,False,minecraft:forest,plain,minecraft:overworld:step.16:city.city_jingchao_capital:p.71,True
-3440,5184,59.0,0.0,1.0,True,minecraft:forest,water,minecraft:overworld:step.16:city.city_jingchao_capital:p.1,True
-3424,5184,59.0,0.0,1.0,True,minecraft:forest,water,minecraft:overworld:step.16:city.city_jingchao_capital:p.1,True
-3408,5184,59.0,1.0,2.0,True,minecraft:forest,water,minecraft:overworld:step.16:city.city_jingchao_capital:p.1,True
-3392,5184,60.0,1.0,2.0,True,minecraft:forest,water,minecraft:overworld:step.16:city.city_jingchao_capital:p.1,True
-3376,5184,60.0,1.0,2.0,True,minecraft:forest,water,minecraft:overworld:step.16:city.city_jingchao_capital:p.1,True
-3360,5184,60.0,1.0,2.0,True,minecraft:forest,water,minecraft:overworld:step.16:city.city_jingchao_capital:p.1,True
-3344,5184,60.0,1.0,3.0,True,minecraft:forest,water,minecraft:overworld:step.16:city.city_jingchao_capital:p.1,True
-3328,5184,60.0,1.0,4.0,True,minecraft:forest,water,minecraft:overworld:step.16:city.city_jingchao_capital:p.1,True
-3312,5184,59.0,2.0,4.0,True,minecraft:forest,water,minecraft:overworld:step.16:city.city_jingchao_capital:p.1,True
-3296,5184,58.0,2.0,4.0,True,minecraft:forest,water,minecraft:overworld:step.16:city.city_jingchao_capital:p.1,True
-3280,5184,58.0,1.0,2.0,True,minecraft:forest,water,minecraft:overworld:step.16:city.city_jingchao_capital:p.1,True
-3264,5184,59.0,1.0,3.0,True,minecraft:forest,water,minecraft:overworld:step.16:city.city_jingchao_capital:p.1,True
-3248,5184,59.0,1.0,5.0,True,minecraft:forest,water,minecraft:overworld:step.16:city.city_jingchao_capital:p.1,True
-3232,5184,59.0,2.0,4.0,True,minecraft:forest,water,minecraft:overworld:step.16:city.city_jingchao_capital:p.1,True
-3216,5184,60.0,2.0,5.0,True,minecraft:forest,water,minecraft:overworld:step.16:city.city_jingchao_capital:p.1,True
-3200,5184,60.0,2.0,5.0,True,minecraft:forest,water,minecraft:overworld:step.16:city.city_jingchao_capital:p.1,True
-3184,5184,61.0,1.0,4.0,True,minecraft:forest,water,minecraft:overworld:step.16:city.city_jingchao_capital:p.1,True
-3168,5184,62.0,1.0,4.0,False,minecraft:forest,shore,minecraft:overworld:step.16:city.city_jingchao_capital:p.2,True
-3152,5184,62.0,1.0,3.0,False,minecraft:birch_forest,shore,minecraft:overworld:step.16:city.city_jingchao_capital:p.2,True
-3136,5184,62.0,1.0,4.0,False,minecraft:birch_forest,shore,minecraft:overworld:step.16:city.city_jingchao_capital:p.2,True
-3120,5184,62.0,1.0,3.0,False,minecraft:birch_forest,shore,minecraft:overworld:step.16:city.city_jingchao_capital:p.2,True
-3104,5184,61.0,1.0,3.0,True,minecraft:birch_forest,water,minecraft:overworld:step.16:city.city_jingchao_capital:p.1,True
-3088,5184,61.0,1.0,3.0,True,minecraft:birch_forest,water,minecraft:overworld:step.16:city.city_jingchao_capital:p.1,True
-3072,5184,61.0,1.0,5.0,True,minecraft:birch_forest,water,minecraft:overworld:step.16:city.city_jingchao_capital:p.1,True
-3056,5184,61.0,3.0,6.0,True,minecraft:birch_forest,water,minecraft:overworld:step.16:city.city_jingchao_capital:p.1,True
-3040,5184,62.0,4.0,7.0,False,minecraft:birch_forest,shore,minecraft:overworld:step.16:city.city_jingchao_capital:p.2,True
-3024,5184,62.0,5.0,8.0,False,minecraft:birch_forest,shore,minecraft:overworld:step.16:city.city_jingchao_capital:p.2,True
-3008,5184,67.0,5.0,9.0,False,minecraft:birch_forest,shore,minecraft:overworld:step.16:city.city_jingchao_capital:p.2,True
-2992,5184,69.0,5.0,11.0,False,minecraft:birch_forest,slope,minecraft:overworld:step.16:city.city_jingchao_capital:p.50,True
-2976,5184,71.0,2.0,9.0,False,minecraft:birch_forest,slope,minecraft:overworld:step.16:city.city_jingchao_capital:p.50,True
-2960,5184,72.0,2.0,7.0,False,minecraft:birch_forest,slope,minecraft:overworld:step.16:city.city_jingchao_capital:p.50,True
-2944,5184,72.0,2.0,6.0,False,minecraft:birch_forest,slope,minecraft:overworld:step.16:city.city_jingchao_capital:p.50,True
-2928,5184,71.0,2.0,5.0,False,minecraft:birch_forest,terrace,minecraft:overworld:step.16:city.city_jingchao_capital:p.101,True
-2912,5184,71.0,2.0,6.0,False,minecraft:birch_forest,slope,minecraft:overworld:step.16:city.city_jingchao_capital:p.50,True
-2896,5184,70.0,2.0,6.0,False,minecraft:birch_forest,slope,minecraft:overworld:step.16:city.city_jingchao_capital:p.50,True
-2880,5184,69.0,2.0,6.0,False,minecraft:birch_forest,slope,minecraft:overworld:step.16:city.city_jingchao_capital:p.50,True
-2864,5184,68.0,2.0,6.0,False,minecraft:birch_forest,slope,minecraft:overworld:step.16:city.city_jingchao_capital:p.50,True
-2848,5184,67.0,2.0,5.0,False,minecraft:birch_forest,plain,minecraft:overworld:step.16:city.city_jingchao_capital:p.100,True
-2832,5184,66.0,1.0,5.0,False,minecraft:birch_forest,plain,minecraft:overworld:step.16:city.city_jingchao_capital:p.100,True
-2816,5184,65.0,1.0,5.0,False,minecraft:birch_forest,plain,minecraft:overworld:step.16:city.city_jingchao_capital:p.100,True
-2800,5184,64.0,1.0,4.0,False,minecraft:birch_forest,shore,minecraft:overworld:step.16:city.city_jingchao_capital:p.2,True
-2784,5184,63.0,1.0,4.0,False,minecraft:forest,shore,minecraft:overworld:step.16:city.city_jingchao_capital:p.2,True
-2768,5184,62.0,1.0,3.0,False,minecraft:forest,shore,minecraft:overworld:step.16:city.city_jingchao_capital:p.2,True
-2752,5184,61.0,2.0,2.0,True,minecraft:forest,water,minecraft:overworld:step.16:city.city_jingchao_capital:p.105,True
-2736,5184,61.0,1.0,2.0,True,minecraft:forest,water,minecraft:overworld:step.16:city.city_jingchao_capital:p.105,True
-2720,5184,61.0,0.0,1.0,True,minecraft:forest,water,minecraft:overworld:step.16:city.city_jingchao_capital:p.105,True
-2704,5184,61.0,1.0,1.0,True,minecraft:forest,water,minecraft:overworld:step.16:city.city_jingchao_capital:p.105,True
-2688,5184,62.0,1.0,2.0,False,minecraft:forest,shore,minecraft:overworld:step.16:city.city_jingchao_capital:p.2,True
-2672,5184,62.0,1.0,3.0,False,minecraft:forest,shore,minecraft:overworld:step.16:city.city_jingchao_capital:p.2,True
-2656,5184,63.0,1.0,3.0,False,minecraft:forest,shore,minecraft:overworld:step.16:city.city_jingchao_capital:p.2,True
-2640,5184,64.0,1.0,4.0,False,minecraft:forest,plain,minecraft:overworld:step.16:city.city_jingchao_capital:p.71,True
-2624,5184,65.0,1.0,4.0,False,minecraft:forest,plain,minecraft:overworld:step.16:city.city_jingchao_capital:p.71,True
-2608,5184,65.0,1.0,3.0,False,minecraft:forest,plain,minecraft:overworld:step.16:city.city_jingchao_capital:p.71,True
-2592,5184,65.0,1.0,2.0,False,minecraft:forest,plain,minecraft:overworld:step.16:city.city_jingchao_capital:p.71,True
-2576,5184,65.0,1.0,3.0,False,minecraft:forest,plain,minecraft:overworld:step.16:city.city_jingchao_capital:p.71,True
-2560,5184,65.0,2.0,3.0,False,minecraft:forest,plain,minecraft:overworld:step.16:city.city_jingchao_capital:p.71,True
-2544,5184,64.0,2.0,3.0,False,minecraft:forest,plain,minecraft:overworld:step.16:city.city_jingchao_capital:p.71,True
-2528,5184,64.0,1.0,3.0,False,minecraft:forest,plain,minecraft:overworld:step.16:city.city_jingchao_capital:p.71,True
-2512,5184,64.0,1.0,2.0,False,minecraft:forest,plain,minecraft:overworld:step.16:city.city_jingchao_capital:p.71,True
-2496,5184,64.0,1.0,3.0,False,minecraft:forest,plain,minecraft:overworld:step.16:city.city_jingchao_capital:p.71,True
-2480,5184,65.0,2.0,3.0,False,minecraft:forest,plain,minecraft:overworld:step.16:city.city_jingchao_capital:p.71,True
-2464,5184,64.0,1.0,3.0,False,minecraft:forest,plain,minecraft:overworld:step.16:city.city_jingchao_capital:p.71,True
-2448,5184,64.0,2.0,3.0,False,minecraft:forest,plain,minecraft:overworld:step.16:city.city_jingchao_capital:p.71,True
-2432,5184,63.0,1.0,3.0,False,minecraft:forest,plain,minecraft:overworld:step.16:city.city_jingchao_capital:p.71,True
-3440,5200,59.0,0.0,1.0,True,minecraft:forest,water,minecraft:overworld:step.16:city.city_jingchao_capital:p.1,True
-3424,5200,59.0,1.0,2.0,True,minecraft:forest,water,minecraft:overworld:step.16:city.city_jingchao_capital:p.1,True
-3408,5200,59.0,1.0,2.0,True,minecraft:forest,water,minecraft:overworld:step.16:city.city_jingchao_capital:p.1,True
-3392,5200,60.0,1.0,2.0,True,minecraft:forest,water,minecraft:overworld:step.16:city.city_jingchao_capital:p.1,True
-3376,5200,60.0,1.0,2.0,True,minecraft:forest,water,minecraft:overworld:step.16:city.city_jingchao_capital:p.1,True
-3360,5200,60.0,1.0,1.0,True,minecraft:forest,water,minecraft:overworld:step.16:city.city_jingchao_capital:p.1,True
-3344,5200,60.0,1.0,2.0,True,minecraft:forest,water,minecraft:overworld:step.16:city.city_jingchao_capital:p.1,True
-3328,5200,60.0,1.0,3.0,True,minecraft:forest,water,minecraft:overworld:step.16:city.city_jingchao_capital:p.1,True
-3312,5200,59.0,1.0,3.0,True,minecraft:forest,water,minecraft:overworld:step.16:city.city_jingchao_capital:p.1,True
-3296,5200,58.0,1.0,3.0,True,minecraft:forest,water,minecraft:overworld:step.16:city.city_jingchao_capital:p.1,True
-3280,5200,58.0,1.0,2.0,True,minecraft:forest,water,minecraft:overworld:step.16:city.city_jingchao_capital:p.1,True
-3264,5200,59.0,1.0,2.0,True,minecraft:forest,water,minecraft:overworld:step.16:city.city_jingchao_capital:p.1,True
-3248,5200,59.0,1.0,3.0,True,minecraft:forest,water,minecraft:overworld:step.16:city.city_jingchao_capital:p.1,True
-3232,5200,60.0,1.0,3.0,True,minecraft:forest,water,minecraft:overworld:step.16:city.city_jingchao_capital:p.1,True
-3216,5200,60.0,1.0,3.0,True,minecraft:forest,water,minecraft:overworld:step.16:city.city_jingchao_capital:p.1,True
-3200,5200,61.0,1.0,4.0,True,minecraft:forest,water,minecraft:overworld:step.16:city.city_jingchao_capital:p.1,True
-3184,5200,62.0,2.0,3.0,False,minecraft:forest,shore,minecraft:overworld:step.16:city.city_jingchao_capital:p.2,True
-3168,5200,62.0,1.0,3.0,False,minecraft:forest,shore,minecraft:overworld:step.16:city.city_jingchao_capital:p.2,True
-3152,5200,62.0,1.0,2.0,False,minecraft:forest,shore,minecraft:overworld:step.16:city.city_jingchao_capital:p.2,True
-3136,5200,61.0,1.0,3.0,True,minecraft:birch_forest,water,minecraft:overworld:step.16:city.city_jingchao_capital:p.1,True
-3120,5200,61.0,1.0,3.0,True,minecraft:birch_forest,water,minecraft:overworld:step.16:city.city_jingchao_capital:p.1,True
-3104,5200,61.0,1.0,3.0,True,minecraft:birch_forest,water,minecraft:overworld:step.16:city.city_jingchao_capital:p.1,True
-3088,5200,60.0,1.0,4.0,True,minecraft:birch_forest,water,minecraft:overworld:step.16:city.city_jingchao_capital:p.1,True
-3072,5200,61.0,2.0,5.0,True,minecraft:birch_forest,water,minecraft:overworld:step.16:city.city_jingchao_capital:p.1,True
-3056,5200,61.0,4.0,6.0,True,minecraft:birch_forest,water,minecraft:overworld:step.16:city.city_jingchao_capital:p.1,True
-3040,5200,64.0,3.0,7.0,False,minecraft:birch_forest,shore,minecraft:overworld:step.16:city.city_jingchao_capital:p.2,True
-3024,5200,66.0,4.0,8.0,False,minecraft:birch_forest,shore,minecraft:overworld:step.16:city.city_jingchao_capital:p.2,True
-3008,5200,67.0,5.0,9.0,False,minecraft:birch_forest,shore,minecraft:overworld:step.16:city.city_jingchao_capital:p.2,True
-2992,5200,69.0,2.0,11.0,False,minecraft:birch_forest,slope,minecraft:overworld:step.16:city.city_jingchao_capital:p.50,True
-2976,5200,70.0,2.0,9.0,False,minecraft:birch_forest,slope,minecraft:overworld:step.16:city.city_jingchao_capital:p.50,True
-2960,5200,70.0,2.0,5.0,False,minecraft:birch_forest,terrace,minecraft:overworld:step.16:city.city_jingchao_capital:p.106,True
-2944,5200,71.0,3.0,6.0,False,minecraft:birch_forest,slope,minecraft:overworld:step.16:city.city_jingchao_capital:p.50,True
-2928,5200,70.0,2.0,6.0,False,minecraft:birch_forest,slope,minecraft:overworld:step.16:city.city_jingchao_capital:p.50,True
-2912,5200,69.0,2.0,6.0,False,minecraft:birch_forest,slope,minecraft:overworld:step.16:city.city_jingchao_capital:p.50,True
-2896,5200,69.0,2.0,5.0,False,minecraft:birch_forest,plain,minecraft:overworld:step.16:city.city_jingchao_capital:p.100,True
-2880,5200,68.0,2.0,6.0,False,minecraft:birch_forest,slope,minecraft:overworld:step.16:city.city_jingchao_capital:p.50,True
-2864,5200,68.0,2.0,6.0,False,minecraft:birch_forest,slope,minecraft:overworld:step.16:city.city_jingchao_capital:p.50,True
-2848,5200,67.0,1.0,5.0,False,minecraft:birch_forest,plain,minecraft:overworld:step.16:city.city_jingchao_capital:p.100,True
-2832,5200,66.0,1.0,5.0,False,minecraft:birch_forest,plain,minecraft:overworld:step.16:city.city_jingchao_capital:p.100,True
-2816,5200,65.0,1.0,4.0,False,minecraft:birch_forest,plain,minecraft:overworld:step.16:city.city_jingchao_capital:p.100,True
-2800,5200,64.0,1.0,4.0,False,minecraft:forest,plain,minecraft:overworld:step.16:city.city_jingchao_capital:p.100,True
-2784,5200,63.0,1.0,4.0,False,minecraft:forest,shore,minecraft:overworld:step.16:city.city_jingchao_capital:p.2,True
-2768,5200,63.0,2.0,3.0,False,minecraft:forest,shore,minecraft:overworld:step.16:city.city_jingchao_capital:p.2,True
-2752,5200,62.0,1.0,2.0,False,minecraft:forest,shore,minecraft:overworld:step.16:city.city_jingchao_capital:p.2,True
-2736,5200,61.0,1.0,2.0,True,minecraft:forest,water,minecraft:overworld:step.16:city.city_jingchao_capital:p.105,True
-2720,5200,61.0,1.0,1.0,True,minecraft:forest,water,minecraft:overworld:step.16:city.city_jingchao_capital:p.105,True
-2704,5200,61.0,1.0,1.0,True,minecraft:forest,water,minecraft:overworld:step.16:city.city_jingchao_capital:p.105,True
-2688,5200,62.0,1.0,2.0,False,minecraft:forest,shore,minecraft:overworld:step.16:city.city_jingchao_capital:p.2,True
-2672,5200,62.0,1.0,3.0,False,minecraft:forest,shore,minecraft:overworld:step.16:city.city_jingchao_capital:p.2,True
-2656,5200,63.0,1.0,3.0,False,minecraft:forest,shore,minecraft:overworld:step.16:city.city_jingchao_capital:p.2,True
-2640,5200,64.0,2.0,4.0,False,minecraft:forest,plain,minecraft:overworld:step.16:city.city_jingchao_capital:p.71,True
-2624,5200,64.0,1.0,4.0,False,minecraft:forest,plain,minecraft:overworld:step.16:city.city_jingchao_capital:p.71,True
-2608,5200,65.0,1.0,3.0,False,minecraft:forest,plain,minecraft:overworld:step.16:city.city_jingchao_capital:p.71,True
-2592,5200,65.0,1.0,3.0,False,minecraft:forest,plain,minecraft:overworld:step.16:city.city_jingchao_capital:p.71,True
-2576,5200,65.0,1.0,3.0,False,minecraft:forest,plain,minecraft:overworld:step.16:city.city_jingchao_capital:p.71,True
-2560,5200,64.0,1.0,4.0,False,minecraft:forest,plain,minecraft:overworld:step.16:city.city_jingchao_capital:p.71,True
-2544,5200,63.0,2.0,4.0,False,minecraft:forest,plain,minecraft:overworld:step.16:city.city_jingchao_capital:p.71,True
-2528,5200,63.0,1.0,4.0,False,minecraft:forest,plain,minecraft:overworld:step.16:city.city_jingchao_capital:p.71,True
-2512,5200,63.0,1.0,3.0,False,minecraft:forest,plain,minecraft:overworld:step.16:city.city_jingchao_capital:p.71,True
-2496,5200,63.0,2.0,3.0,False,minecraft:forest,shore,minecraft:overworld:step.16:city.city_jingchao_capital:p.2,True
-2480,5200,64.0,2.0,3.0,False,minecraft:forest,shore,minecraft:overworld:step.16:city.city_jingchao_capital:p.2,True
-2464,5200,63.0,2.0,3.0,False,minecraft:forest,shore,minecraft:overworld:step.16:city.city_jingchao_capital:p.2,True
-2448,5200,63.0,1.0,3.0,False,minecraft:forest,shore,minecraft:overworld:step.16:city.city_jingchao_capital:p.2,True
-2432,5200,62.0,2.0,3.0,False,minecraft:forest,shore,minecraft:overworld:step.16:city.city_jingchao_capital:p.2,True
-3440,5216,59.0,1.0,1.0,True,minecraft:forest,water,minecraft:overworld:step.16:city.city_jingchao_capital:p.1,True
-3424,5216,59.0,1.0,2.0,True,minecraft:forest,water,minecraft:overworld:step.16:city.city_jingchao_capital:p.1,True
-3408,5216,60.0,1.0,3.0,True,minecraft:forest,water,minecraft:overworld:step.16:city.city_jingchao_capital:p.1,True
-3392,5216,60.0,1.0,3.0,True,minecraft:forest,water,minecraft:overworld:step.16:city.city_jingchao_capital:p.1,True
-3376,5216,60.0,1.0,3.0,True,minecraft:forest,water,minecraft:overworld:step.16:city.city_jingchao_capital:p.1,True
-3360,5216,61.0,1.0,2.0,True,minecraft:forest,water,minecraft:overworld:step.16:city.city_jingchao_capital:p.1,True
-3344,5216,60.0,1.0,3.0,True,minecraft:forest,water,minecraft:overworld:step.16:city.city_jingchao_capital:p.1,True
-3328,5216,60.0,1.0,3.0,True,minecraft:forest,water,minecraft:overworld:step.16:city.city_jingchao_capital:p.1,True
-3312,5216,59.0,1.0,3.0,True,minecraft:forest,water,minecraft:overworld:step.16:city.city_jingchao_capital:p.1,True
-3296,5216,58.0,2.0,3.0,True,minecraft:forest,water,minecraft:overworld:step.16:city.city_jingchao_capital:p.1,True
-3280,5216,58.0,1.0,2.0,True,minecraft:forest,water,minecraft:overworld:step.16:city.city_jingchao_capital:p.1,True
-3264,5216,59.0,1.0,3.0,True,minecraft:forest,water,minecraft:overworld:step.16:city.city_jingchao_capital:p.1,True
-3248,5216,60.0,1.0,3.0,True,minecraft:forest,water,minecraft:overworld:step.16:city.city_jingchao_capital:p.1,True
-3232,5216,60.0,1.0,3.0,True,minecraft:forest,water,minecraft:overworld:step.16:city.city_jingchao_capital:p.1,True
-3216,5216,61.0,1.0,3.0,True,minecraft:forest,water,minecraft:overworld:step.16:city.city_jingchao_capital:p.1,True
-3200,5216,61.0,1.0,4.0,True,minecraft:forest,water,minecraft:overworld:step.16:city.city_jingchao_capital:p.1,True
-3184,5216,62.0,1.0,3.0,False,minecraft:forest,shore,minecraft:overworld:step.16:city.city_jingchao_capital:p.2,True
-3168,5216,63.0,1.0,3.0,False,minecraft:forest,shore,minecraft:overworld:step.16:city.city_jingchao_capital:p.2,True
-3152,5216,62.0,1.0,2.0,False,minecraft:forest,shore,minecraft:overworld:step.16:city.city_jingchao_capital:p.2,True
-3136,5216,61.0,1.0,3.0,True,minecraft:birch_forest,water,minecraft:overworld:step.16:city.city_jingchao_capital:p.1,True
-3120,5216,61.0,1.0,2.0,True,minecraft:birch_forest,water,minecraft:overworld:step.16:city.city_jingchao_capital:p.1,True
-3104,5216,60.0,1.0,3.0,True,minecraft:birch_forest,water,minecraft:overworld:step.16:city.city_jingchao_capital:p.1,True
-3088,5216,60.0,3.0,4.0,True,minecraft:birch_forest,water,minecraft:overworld:step.16:city.city_jingchao_capital:p.1,True
-3072,5216,61.0,3.0,5.0,True,minecraft:birch_forest,water,minecraft:overworld:step.16:city.city_jingchao_capital:p.1,True
-3056,5216,63.0,2.0,6.0,False,minecraft:birch_forest,shore,minecraft:overworld:step.16:city.city_jingchao_capital:p.2,True
-3040,5216,65.0,4.0,7.0,False,minecraft:birch_forest,shore,minecraft:overworld:step.16:city.city_jingchao_capital:p.2,True
-3024,5216,66.0,2.0,8.0,False,minecraft:birch_forest,shore,minecraft:overworld:step.16:city.city_jingchao_capital:p.2,True
-3008,5216,68.0,2.0,9.0,False,minecraft:birch_forest,slope,minecraft:overworld:step.16:city.city_jingchao_capital:p.50,True
-2992,5216,69.0,2.0,10.0,False,minecraft:birch_forest,slope,minecraft:overworld:step.16:city.city_jingchao_capital:p.50,True
-2976,5216,70.0,2.0,6.0,False,minecraft:birch_forest,slope,minecraft:overworld:step.16:city.city_jingchao_capital:p.50,True
-2960,5216,70.0,2.0,6.0,False,minecraft:birch_forest,slope,minecraft:overworld:step.16:city.city_jingchao_capital:p.50,True
-2944,5216,69.0,2.0,6.0,False,minecraft:birch_forest,slope,minecraft:overworld:step.16:city.city_jingchao_capital:p.50,True
-2928,5216,68.0,3.0,6.0,False,minecraft:birch_forest,slope,minecraft:overworld:step.16:city.city_jingchao_capital:p.50,True
-2912,5216,68.0,2.0,6.0,False,minecraft:birch_forest,slope,minecraft:overworld:step.16:city.city_jingchao_capital:p.50,True
-2896,5216,68.0,1.0,4.0,False,minecraft:birch_forest,plain,minecraft:overworld:step.16:city.city_jingchao_capital:p.100,True
-2880,5216,67.0,2.0,5.0,False,minecraft:birch_forest,plain,minecraft:overworld:step.16:city.city_jingchao_capital:p.100,True
-2864,5216,67.0,1.0,5.0,False,minecraft:birch_forest,plain,minecraft:overworld:step.16:city.city_jingchao_capital:p.100,True
-2848,5216,66.0,2.0,4.0,False,minecraft:birch_forest,plain,minecraft:overworld:step.16:city.city_jingchao_capital:p.100,True
-2832,5216,66.0,1.0,4.0,False,minecraft:birch_forest,plain,minecraft:overworld:step.16:city.city_jingchao_capital:p.100,True
-2816,5216,65.0,1.0,4.0,False,minecraft:birch_forest,plain,minecraft:overworld:step.16:city.city_jingchao_capital:p.100,True
-2800,5216,64.0,1.0,4.0,False,minecraft:forest,plain,minecraft:overworld:step.16:city.city_jingchao_capital:p.100,True
-2784,5216,63.0,1.0,4.0,False,minecraft:forest,plain,minecraft:overworld:step.16:city.city_jingchao_capital:p.100,True
-2768,5216,63.0,1.0,3.0,False,minecraft:forest,shore,minecraft:overworld:step.16:city.city_jingchao_capital:p.2,True
-2752,5216,62.0,1.0,2.0,False,minecraft:forest,shore,minecraft:overworld:step.16:city.city_jingchao_capital:p.2,True
-2736,5216,62.0,1.0,2.0,False,minecraft:forest,shore,minecraft:overworld:step.16:city.city_jingchao_capital:p.2,True
-2720,5216,61.0,1.0,1.0,True,minecraft:forest,water,minecraft:overworld:step.16:city.city_jingchao_capital:p.105,True
-2704,5216,62.0,1.0,1.0,False,minecraft:forest,shore,minecraft:overworld:step.16:city.city_jingchao_capital:p.2,True
-2688,5216,62.0,1.0,2.0,False,minecraft:forest,shore,minecraft:overworld:step.16:city.city_jingchao_capital:p.2,True
-2672,5216,62.0,1.0,3.0,False,minecraft:forest,shore,minecraft:overworld:step.16:city.city_jingchao_capital:p.2,True
-2656,5216,62.0,2.0,3.0,False,minecraft:forest,plain,minecraft:overworld:step.16:city.city_jingchao_capital:p.71,True
-2640,5216,63.0,1.0,3.0,False,minecraft:forest,plain,minecraft:overworld:step.16:city.city_jingchao_capital:p.71,True
-2624,5216,64.0,1.0,3.0,False,minecraft:forest,plain,minecraft:overworld:step.16:city.city_jingchao_capital:p.71,True
-2608,5216,65.0,1.0,2.0,False,minecraft:forest,plain,minecraft:overworld:step.16:city.city_jingchao_capital:p.71,True
-2592,5216,65.0,1.0,2.0,False,minecraft:forest,plain,minecraft:overworld:step.16:city.city_jingchao_capital:p.71,True
-2576,5216,64.0,1.0,3.0,False,minecraft:forest,plain,minecraft:overworld:step.16:city.city_jingchao_capital:p.71,True
-2560,5216,64.0,1.0,3.0,False,minecraft:forest,plain,minecraft:overworld:step.16:city.city_jingchao_capital:p.71,True
-2544,5216,63.0,1.0,3.0,False,minecraft:forest,plain,minecraft:overworld:step.16:city.city_jingchao_capital:p.71,True
-2528,5216,63.0,1.0,4.0,False,minecraft:forest,plain,minecraft:overworld:step.16:city.city_jingchao_capital:p.71,True
-2512,5216,63.0,1.0,4.0,False,minecraft:forest,shore,minecraft:overworld:step.16:city.city_jingchao_capital:p.2,True
-2496,5216,63.0,1.0,4.0,False,minecraft:forest,shore,minecraft:overworld:step.16:city.city_jingchao_capital:p.2,True
-2480,5216,63.0,1.0,4.0,False,minecraft:forest,shore,minecraft:overworld:step.16:city.city_jingchao_capital:p.2,True
-2464,5216,62.0,2.0,4.0,False,minecraft:forest,shore,minecraft:overworld:step.16:city.city_jingchao_capital:p.2,True
-2448,5216,62.0,1.0,4.0,False,minecraft:forest,shore,minecraft:overworld:step.16:city.city_jingchao_capital:p.2,True
-2432,5216,62.0,1.0,3.0,False,minecraft:beach,shore,minecraft:overworld:step.16:city.city_jingchao_capital:p.2,True
-3440,5232,60.0,1.0,1.0,True,minecraft:forest,water,minecraft:overworld:step.16:city.city_jingchao_capital:p.1,True
-3424,5232,59.0,1.0,2.0,True,minecraft:forest,water,minecraft:overworld:step.16:city.city_jingchao_capital:p.1,True
-3408,5232,60.0,1.0,3.0,True,minecraft:forest,water,minecraft:overworld:step.16:city.city_jingchao_capital:p.1,True
-3392,5232,61.0,1.0,4.0,True,minecraft:forest,water,minecraft:overworld:step.16:city.city_jingchao_capital:p.1,True
-3376,5232,61.0,1.0,4.0,True,minecraft:forest,water,minecraft:overworld:step.16:city.city_jingchao_capital:p.1,True
-3360,5232,61.0,1.0,3.0,True,minecraft:forest,water,minecraft:overworld:step.16:city.city_jingchao_capital:p.1,True
-3344,5232,61.0,1.0,4.0,True,minecraft:forest,water,minecraft:overworld:step.16:city.city_jingchao_capital:p.1,True
-3328,5232,60.0,1.0,5.0,True,minecraft:forest,water,minecraft:overworld:step.16:city.city_jingchao_capital:p.1,True
-3312,5232,60.0,2.0,4.0,True,minecraft:forest,water,minecraft:overworld:step.16:city.city_jingchao_capital:p.1,True
-3296,5232,58.0,2.0,4.0,True,minecraft:forest,water,minecraft:overworld:step.16:city.city_jingchao_capital:p.1,True
-3280,5232,58.0,2.0,4.0,True,minecraft:forest,water,minecraft:overworld:step.16:city.city_jingchao_capital:p.1,True
-3264,5232,59.0,1.0,4.0,True,minecraft:forest,water,minecraft:overworld:step.16:city.city_jingchao_capital:p.1,True
-3248,5232,60.0,1.0,4.0,True,minecraft:forest,water,minecraft:overworld:step.16:city.city_jingchao_capital:p.1,True
-3232,5232,60.0,1.0,3.0,True,minecraft:forest,water,minecraft:overworld:step.16:city.city_jingchao_capital:p.1,True
-3216,5232,61.0,1.0,3.0,True,minecraft:forest,water,minecraft:overworld:step.16:city.city_jingchao_capital:p.1,True
-3200,5232,62.0,1.0,3.0,False,minecraft:forest,shore,minecraft:overworld:step.16:city.city_jingchao_capital:p.2,True
-3184,5232,62.0,1.0,3.0,False,minecraft:forest,shore,minecraft:overworld:step.16:city.city_jingchao_capital:p.2,True
-3168,5232,62.0,1.0,2.0,False,minecraft:forest,shore,minecraft:overworld:step.16:city.city_jingchao_capital:p.2,True
-3152,5232,62.0,1.0,2.0,False,minecraft:birch_forest,shore,minecraft:overworld:step.16:city.city_jingchao_capital:p.2,True
-3136,5232,61.0,1.0,3.0,True,minecraft:birch_forest,water,minecraft:overworld:step.16:city.city_jingchao_capital:p.1,True
-3120,5232,61.0,1.0,2.0,True,minecraft:birch_forest,water,minecraft:overworld:step.16:city.city_jingchao_capital:p.1,True
-3104,5232,60.0,1.0,3.0,True,minecraft:birch_forest,water,minecraft:overworld:step.16:city.city_jingchao_capital:p.1,True
-3088,5232,61.0,2.0,4.0,True,minecraft:birch_forest,water,minecraft:overworld:step.16:city.city_jingchao_capital:p.1,True
-3072,5232,63.0,3.0,5.0,False,minecraft:birch_forest,shore,minecraft:overworld:step.16:city.city_jingchao_capital:p.2,True
-3056,5232,64.0,3.0,6.0,False,minecraft:birch_forest,shore,minecraft:overworld:step.16:city.city_jingchao_capital:p.2,True
-3040,5232,65.0,2.0,7.0,False,minecraft:birch_forest,shore,minecraft:overworld:step.16:city.city_jingchao_capital:p.2,True
-3024,5232,66.0,2.0,8.0,False,minecraft:birch_forest,slope,minecraft:overworld:step.16:city.city_jingchao_capital:p.50,True
-3008,5232,67.0,2.0,6.0,False,minecraft:birch_forest,slope,minecraft:overworld:step.16:city.city_jingchao_capital:p.50,True
-2992,5232,68.0,2.0,5.0,False,minecraft:birch_forest,plain,minecraft:overworld:step.16:city.city_jingchao_capital:p.100,True
-2976,5232,69.0,2.0,6.0,False,minecraft:birch_forest,slope,minecraft:overworld:step.16:city.city_jingchao_capital:p.50,True
-2960,5232,69.0,3.0,6.0,False,minecraft:birch_forest,slope,minecraft:overworld:step.16:city.city_jingchao_capital:p.50,True
-2944,5232,68.0,2.0,6.0,False,minecraft:birch_forest,slope,minecraft:overworld:step.16:city.city_jingchao_capital:p.50,True
-2928,5232,68.0,2.0,6.0,False,minecraft:birch_forest,slope,minecraft:overworld:step.16:city.city_jingchao_capital:p.50,True
-2912,5232,67.0,1.0,6.0,False,minecraft:birch_forest,slope,minecraft:overworld:step.16:city.city_jingchao_capital:p.50,True
-2896,5232,67.0,1.0,4.0,False,minecraft:birch_forest,plain,minecraft:overworld:step.16:city.city_jingchao_capital:p.100,True
-2880,5232,67.0,1.0,3.0,False,minecraft:birch_forest,plain,minecraft:overworld:step.16:city.city_jingchao_capital:p.100,True
-2864,5232,67.0,1.0,4.0,False,minecraft:birch_forest,plain,minecraft:overworld:step.16:city.city_jingchao_capital:p.100,True
-2848,5232,66.0,1.0,3.0,False,minecraft:birch_forest,plain,minecraft:overworld:step.16:city.city_jingchao_capital:p.100,True
-2832,5232,65.0,1.0,4.0,False,minecraft:birch_forest,plain,minecraft:overworld:step.16:city.city_jingchao_capital:p.100,True
-2816,5232,65.0,1.0,4.0,False,minecraft:forest,plain,minecraft:overworld:step.16:city.city_jingchao_capital:p.100,True
-2800,5232,64.0,1.0,3.0,False,minecraft:forest,plain,minecraft:overworld:step.16:city.city_jingchao_capital:p.100,True
-2784,5232,63.0,1.0,3.0,False,minecraft:forest,plain,minecraft:overworld:step.16:city.city_jingchao_capital:p.100,True
-2768,5232,63.0,1.0,3.0,False,minecraft:forest,plain,minecraft:overworld:step.16:city.city_jingchao_capital:p.100,True
-2752,5232,62.0,1.0,2.0,False,minecraft:forest,shore,minecraft:overworld:step.16:city.city_jingchao_capital:p.2,True
-2736,5232,62.0,1.0,2.0,False,minecraft:forest,shore,minecraft:overworld:step.16:city.city_jingchao_capital:p.2,True
-2720,5232,62.0,1.0,1.0,False,minecraft:forest,shore,minecraft:overworld:step.16:city.city_jingchao_capital:p.2,True
-2704,5232,62.0,1.0,1.0,False,minecraft:forest,shore,minecraft:overworld:step.16:city.city_jingchao_capital:p.2,True
-2688,5232,62.0,0.0,2.0,False,minecraft:forest,shore,minecraft:overworld:step.16:city.city_jingchao_capital:p.2,True
-2672,5232,62.0,0.0,3.0,False,minecraft:forest,shore,minecraft:overworld:step.16:city.city_jingchao_capital:p.2,True
-2656,5232,62.0,1.0,3.0,False,minecraft:forest,shore,minecraft:overworld:step.16:city.city_jingchao_capital:p.2,True
-2640,5232,63.0,1.0,4.0,False,minecraft:forest,plain,minecraft:overworld:step.16:city.city_jingchao_capital:p.71,True
-2624,5232,64.0,1.0,3.0,False,minecraft:forest,plain,minecraft:overworld:step.16:city.city_jingchao_capital:p.71,True
-2608,5232,64.0,1.0,3.0,False,minecraft:forest,plain,minecraft:overworld:step.16:city.city_jingchao_capital:p.71,True
-2592,5232,64.0,1.0,2.0,False,minecraft:forest,plain,minecraft:overworld:step.16:city.city_jingchao_capital:p.71,True
-2576,5232,64.0,1.0,3.0,False,minecraft:forest,plain,minecraft:overworld:step.16:city.city_jingchao_capital:p.71,True
-2560,5232,63.0,1.0,3.0,False,minecraft:forest,plain,minecraft:overworld:step.16:city.city_jingchao_capital:p.71,True
-2544,5232,63.0,1.0,4.0,False,minecraft:forest,shore,minecraft:overworld:step.16:city.city_jingchao_capital:p.2,True
-2528,5232,62.0,1.0,3.0,False,minecraft:forest,shore,minecraft:overworld:step.16:city.city_jingchao_capital:p.2,True
-2512,5232,62.0,1.0,3.0,False,minecraft:forest,shore,minecraft:overworld:step.16:city.city_jingchao_capital:p.2,True
-2496,5232,62.0,1.0,4.0,False,minecraft:forest,shore,minecraft:overworld:step.16:city.city_jingchao_capital:p.2,True
-2480,5232,62.0,1.0,4.0,False,minecraft:forest,shore,minecraft:overworld:step.16:city.city_jingchao_capital:p.2,True
-2464,5232,62.0,1.0,4.0,False,minecraft:forest,shore,minecraft:overworld:step.16:city.city_jingchao_capital:p.2,True
-2448,5232,62.0,1.0,4.0,False,minecraft:beach,shore,minecraft:overworld:step.16:city.city_jingchao_capital:p.2,True
-2432,5232,62.0,1.0,3.0,False,minecraft:beach,shore,minecraft:overworld:step.16:city.city_jingchao_capital:p.2,True
-3440,5248,60.0,1.0,1.0,True,minecraft:forest,water,minecraft:overworld:step.16:city.city_jingchao_capital:p.1,True
-3424,5248,60.0,1.0,2.0,True,minecraft:forest,water,minecraft:overworld:step.16:city.city_jingchao_capital:p.1,True
-3408,5248,60.0,1.0,3.0,True,minecraft:forest,water,minecraft:overworld:step.16:city.city_jingchao_capital:p.1,True
-3392,5248,61.0,1.0,4.0,True,minecraft:forest,water,minecraft:overworld:step.16:city.city_jingchao_capital:p.1,True
-3376,5248,62.0,1.0,3.0,False,minecraft:forest,shore,minecraft:overworld:step.16:city.city_jingchao_capital:p.98,True
-3360,5248,61.0,2.0,3.0,True,minecraft:forest,water,minecraft:overworld:step.16:city.city_jingchao_capital:p.1,True
-3344,5248,61.0,2.0,4.0,True,minecraft:forest,water,minecraft:overworld:step.16:city.city_jingchao_capital:p.1,True
-3328,5248,61.0,1.0,5.0,True,minecraft:forest,water,minecraft:overworld:step.16:city.city_jingchao_capital:p.1,True
-3312,5248,60.0,2.0,5.0,True,minecraft:forest,water,minecraft:overworld:step.16:city.city_jingchao_capital:p.1,True
-3296,5248,59.0,2.0,5.0,True,minecraft:forest,water,minecraft:overworld:step.16:city.city_jingchao_capital:p.1,True
-3280,5248,59.0,2.0,4.0,True,minecraft:forest,water,minecraft:overworld:step.16:city.city_jingchao_capital:p.1,True
-3264,5248,60.0,2.0,4.0,True,minecraft:forest,water,minecraft:overworld:step.16:city.city_jingchao_capital:p.1,True
-3248,5248,60.0,2.0,4.0,True,minecraft:forest,water,minecraft:overworld:step.16:city.city_jingchao_capital:p.1,True
-3232,5248,61.0,1.0,3.0,True,minecraft:forest,water,minecraft:overworld:step.16:city.city_jingchao_capital:p.1,True
-3216,5248,61.0,1.0,2.0,True,minecraft:forest,water,minecraft:overworld:step.16:city.city_jingchao_capital:p.1,True
-3200,5248,62.0,1.0,3.0,False,minecraft:forest,shore,minecraft:overworld:step.16:city.city_jingchao_capital:p.2,True
-3184,5248,62.0,1.0,2.0,False,minecraft:forest,shore,minecraft:overworld:step.16:city.city_jingchao_capital:p.2,True
-3168,5248,63.0,2.0,2.0,False,minecraft:forest,shore,minecraft:overworld:step.16:city.city_jingchao_capital:p.2,True
-3152,5248,62.0,1.0,2.0,False,minecraft:birch_forest,shore,minecraft:overworld:step.16:city.city_jingchao_capital:p.2,True
-3136,5248,61.0,1.0,3.0,True,minecraft:birch_forest,water,minecraft:overworld:step.16:city.city_jingchao_capital:p.1,True
-3120,5248,61.0,1.0,2.0,True,minecraft:birch_forest,water,minecraft:overworld:step.16:city.city_jingchao_capital:p.1,True
-3104,5248,60.0,1.0,3.0,True,minecraft:birch_forest,water,minecraft:overworld:step.16:city.city_jingchao_capital:p.1,True
-3088,5248,61.0,2.0,4.0,True,minecraft:birch_forest,water,minecraft:overworld:step.16:city.city_jingchao_capital:p.1,True
-3072,5248,62.0,2.0,5.0,False,minecraft:birch_forest,shore,minecraft:overworld:step.16:city.city_jingchao_capital:p.2,True
-3056,5248,64.0,2.0,6.0,False,minecraft:birch_forest,shore,minecraft:overworld:step.16:city.city_jingchao_capital:p.2,True
-3040,5248,65.0,1.0,7.0,False,minecraft:birch_forest,shore,minecraft:overworld:step.16:city.city_jingchao_capital:p.2,True
-3024,5248,65.0,2.0,6.0,False,minecraft:birch_forest,slope,minecraft:overworld:step.16:city.city_jingchao_capital:p.50,True
-3008,5248,66.0,2.0,5.0,False,minecraft:birch_forest,plain,minecraft:overworld:step.16:city.city_jingchao_capital:p.100,True
-2992,5248,67.0,2.0,5.0,False,minecraft:birch_forest,plain,minecraft:overworld:step.16:city.city_jingchao_capital:p.100,True
-2976,5248,68.0,3.0,5.0,False,minecraft:birch_forest,slope,minecraft:overworld:step.16:city.city_jingchao_capital:p.50,True
-2960,5248,67.0,2.0,5.0,False,minecraft:birch_forest,plain,minecraft:overworld:step.16:city.city_jingchao_capital:p.107,True
-2944,5248,66.0,3.0,5.0,False,minecraft:birch_forest,slope,minecraft:overworld:step.16:city.city_jingchao_capital:p.50,True
-2928,5248,67.0,2.0,5.0,False,minecraft:birch_forest,plain,minecraft:overworld:step.16:city.city_jingchao_capital:p.100,True
-2912,5248,67.0,1.0,4.0,False,minecraft:birch_forest,plain,minecraft:overworld:step.16:city.city_jingchao_capital:p.100,True
-2896,5248,67.0,1.0,3.0,False,minecraft:birch_forest,plain,minecraft:overworld:step.16:city.city_jingchao_capital:p.100,True
-2880,5248,67.0,1.0,2.0,False,minecraft:birch_forest,plain,minecraft:overworld:step.16:city.city_jingchao_capital:p.100,True
-2864,5248,67.0,1.0,3.0,False,minecraft:birch_forest,plain,minecraft:overworld:step.16:city.city_jingchao_capital:p.100,True
-2848,5248,66.0,1.0,2.0,False,minecraft:birch_forest,plain,minecraft:overworld:step.16:city.city_jingchao_capital:p.100,True
-2832,5248,65.0,1.0,3.0,False,minecraft:birch_forest,plain,minecraft:overworld:step.16:city.city_jingchao_capital:p.100,True
-2816,5248,65.0,1.0,3.0,False,minecraft:birch_forest,plain,minecraft:overworld:step.16:city.city_jingchao_capital:p.100,True
-2800,5248,64.0,1.0,3.0,False,minecraft:forest,plain,minecraft:overworld:step.16:city.city_jingchao_capital:p.100,True
-2784,5248,63.0,1.0,3.0,False,minecraft:forest,plain,minecraft:overworld:step.16:city.city_jingchao_capital:p.100,True
-2768,5248,63.0,1.0,2.0,False,minecraft:forest,plain,minecraft:overworld:step.16:city.city_jingchao_capital:p.100,True
-2752,5248,62.0,1.0,3.0,False,minecraft:forest,plain,minecraft:overworld:step.16:city.city_jingchao_capital:p.100,True
-2736,5248,62.0,0.0,2.0,False,minecraft:forest,shore,minecraft:overworld:step.16:city.city_jingchao_capital:p.2,True
-2720,5248,62.0,0.0,2.0,False,minecraft:forest,shore,minecraft:overworld:step.16:city.city_jingchao_capital:p.2,True
-2704,5248,62.0,1.0,2.0,False,minecraft:forest,shore,minecraft:overworld:step.16:city.city_jingchao_capital:p.2,True
-2688,5248,62.0,1.0,1.0,False,minecraft:forest,shore,minecraft:overworld:step.16:city.city_jingchao_capital:p.2,True
-2672,5248,62.0,1.0,2.0,False,minecraft:forest,shore,minecraft:overworld:step.16:city.city_jingchao_capital:p.2,True
-2656,5248,62.0,1.0,3.0,False,minecraft:forest,shore,minecraft:overworld:step.16:city.city_jingchao_capital:p.2,True
-2640,5248,63.0,1.0,4.0,False,minecraft:forest,shore,minecraft:overworld:step.16:city.city_jingchao_capital:p.2,True
-2624,5248,63.0,1.0,3.0,False,minecraft:forest,shore,minecraft:overworld:step.16:city.city_jingchao_capital:p.2,True
-2608,5248,64.0,1.0,3.0,False,minecraft:forest,shore,minecraft:overworld:step.16:city.city_jingchao_capital:p.2,True
-2592,5248,64.0,1.0,3.0,False,minecraft:forest,shore,minecraft:overworld:step.16:city.city_jingchao_capital:p.2,True
-2576,5248,63.0,1.0,4.0,False,minecraft:forest,shore,minecraft:overworld:step.16:city.city_jingchao_capital:p.2,True
-2560,5248,63.0,1.0,4.0,False,minecraft:forest,shore,minecraft:overworld:step.16:city.city_jingchao_capital:p.2,True
-2544,5248,62.0,1.0,3.0,False,minecraft:forest,shore,minecraft:overworld:step.16:city.city_jingchao_capital:p.2,True
-2528,5248,62.0,1.0,3.0,False,minecraft:forest,shore,minecraft:overworld:step.16:city.city_jingchao_capital:p.2,True
-2512,5248,62.0,1.0,2.0,False,minecraft:forest,shore,minecraft:overworld:step.16:city.city_jingchao_capital:p.2,True
-2496,5248,61.0,1.0,3.0,True,minecraft:forest,water,minecraft:overworld:step.16:city.city_jingchao_capital:p.1,True
-2480,5248,61.0,1.0,3.0,True,minecraft:forest,water,minecraft:overworld:step.16:city.city_jingchao_capital:p.1,True
-2464,5248,61.0,1.0,3.0,True,minecraft:ocean,water,minecraft:overworld:step.16:city.city_jingchao_capital:p.1,True
-2448,5248,61.0,1.0,3.0,True,minecraft:ocean,water,minecraft:overworld:step.16:city.city_jingchao_capital:p.1,True
-2432,5248,61.0,1.0,2.0,True,minecraft:ocean,water,minecraft:overworld:step.16:city.city_jingchao_capital:p.1,True
-3440,5264,59.0,1.0,2.0,True,minecraft:forest,water,minecraft:overworld:step.16:city.city_jingchao_capital:p.1,True
-3424,5264,59.0,1.0,2.0,True,minecraft:forest,water,minecraft:overworld:step.16:city.city_jingchao_capital:p.1,True
-3408,5264,60.0,1.0,3.0,True,minecraft:forest,water,minecraft:overworld:step.16:city.city_jingchao_capital:p.1,True
-3392,5264,61.0,1.0,4.0,True,minecraft:forest,water,minecraft:overworld:step.16:city.city_jingchao_capital:p.1,True
-3376,5264,62.0,2.0,4.0,False,minecraft:forest,shore,minecraft:overworld:step.16:city.city_jingchao_capital:p.98,True
-3360,5264,63.0,2.0,3.0,False,minecraft:forest,shore,minecraft:overworld:step.16:city.city_jingchao_capital:p.98,True
-3344,5264,62.0,1.0,3.0,False,minecraft:forest,shore,minecraft:overworld:step.16:city.city_jingchao_capital:p.98,True
-3328,5264,62.0,2.0,5.0,False,minecraft:forest,shore,minecraft:overworld:step.16:city.city_jingchao_capital:p.98,True
-3312,5264,61.0,2.0,5.0,True,minecraft:forest,water,minecraft:overworld:step.16:city.city_jingchao_capital:p.1,True
-3296,5264,60.0,2.0,5.0,True,minecraft:forest,water,minecraft:overworld:step.16:city.city_jingchao_capital:p.1,True
-3280,5264,60.0,1.0,4.0,True,minecraft:forest,water,minecraft:overworld:step.16:city.city_jingchao_capital:p.1,True
-3264,5264,61.0,2.0,4.0,True,minecraft:forest,water,minecraft:overworld:step.16:city.city_jingchao_capital:p.1,True
-3248,5264,62.0,2.0,4.0,False,minecraft:forest,shore,minecraft:overworld:step.16:city.city_jingchao_capital:p.99,True
-3232,5264,62.0,2.0,3.0,False,minecraft:forest,shore,minecraft:overworld:step.16:city.city_jingchao_capital:p.99,True
-3216,5264,62.0,1.0,2.0,False,minecraft:forest,shore,minecraft:overworld:step.16:city.city_jingchao_capital:p.99,True
-3200,5264,61.0,1.0,3.0,True,minecraft:forest,water,minecraft:overworld:step.16:city.city_jingchao_capital:p.1,True
-3184,5264,61.0,2.0,2.0,True,minecraft:forest,water,minecraft:overworld:step.16:city.city_jingchao_capital:p.1,True
-3168,5264,62.0,1.0,2.0,False,minecraft:birch_forest,shore,minecraft:overworld:step.16:city.city_jingchao_capital:p.2,True
-3152,5264,62.0,1.0,2.0,False,minecraft:birch_forest,shore,minecraft:overworld:step.16:city.city_jingchao_capital:p.2,True
-3136,5264,62.0,1.0,3.0,False,minecraft:birch_forest,shore,minecraft:overworld:step.16:city.city_jingchao_capital:p.2,True
-3120,5264,61.0,1.0,2.0,True,minecraft:birch_forest,water,minecraft:overworld:step.16:city.city_jingchao_capital:p.1,True
-3104,5264,60.0,1.0,3.0,True,minecraft:birch_forest,water,minecraft:overworld:step.16:city.city_jingchao_capital:p.1,True
-3088,5264,60.0,3.0,4.0,True,minecraft:birch_forest,water,minecraft:overworld:step.16:city.city_jingchao_capital:p.1,True
-3072,5264,63.0,3.0,5.0,False,minecraft:birch_forest,shore,minecraft:overworld:step.16:city.city_jingchao_capital:p.2,True
-3056,5264,64.0,2.0,6.0,False,minecraft:birch_forest,shore,minecraft:overworld:step.16:city.city_jingchao_capital:p.2,True
-3040,5264,65.0,1.0,5.0,False,minecraft:birch_forest,shore,minecraft:overworld:step.16:city.city_jingchao_capital:p.2,True
-3024,5264,65.0,1.0,5.0,False,minecraft:birch_forest,plain,minecraft:overworld:step.16:city.city_jingchao_capital:p.100,True
-3008,5264,66.0,1.0,5.0,False,minecraft:birch_forest,plain,minecraft:overworld:step.16:city.city_jingchao_capital:p.100,True
-2992,5264,66.0,2.0,4.0,False,minecraft:birch_forest,plain,minecraft:overworld:step.16:city.city_jingchao_capital:p.100,True
-2976,5264,65.0,3.0,4.0,False,minecraft:birch_forest,slope,minecraft:overworld:step.16:city.city_jingchao_capital:p.50,True
-2960,5264,65.0,3.0,4.0,False,minecraft:birch_forest,slope,minecraft:overworld:step.16:city.city_jingchao_capital:p.50,True
-2944,5264,65.0,2.0,4.0,False,minecraft:birch_forest,plain,minecraft:overworld:step.16:city.city_jingchao_capital:p.100,True
-2928,5264,66.0,1.0,4.0,False,minecraft:birch_forest,plain,minecraft:overworld:step.16:city.city_jingchao_capital:p.100,True
-2912,5264,66.0,1.0,3.0,False,minecraft:birch_forest,plain,minecraft:overworld:step.16:city.city_jingchao_capital:p.100,True
-2896,5264,66.0,1.0,3.0,False,minecraft:birch_forest,plain,minecraft:overworld:step.16:city.city_jingchao_capital:p.100,True
-2880,5264,66.0,1.0,2.0,False,minecraft:birch_forest,plain,minecraft:overworld:step.16:city.city_jingchao_capital:p.100,True
-2864,5264,66.0,1.0,2.0,False,minecraft:birch_forest,plain,minecraft:overworld:step.16:city.city_jingchao_capital:p.100,True
-2848,5264,66.0,1.0,2.0,False,minecraft:birch_forest,plain,minecraft:overworld:step.16:city.city_jingchao_capital:p.100,True
-2832,5264,66.0,1.0,3.0,False,minecraft:birch_forest,plain,minecraft:overworld:step.16:city.city_jingchao_capital:p.100,True
-2816,5264,65.0,1.0,3.0,False,minecraft:birch_forest,plain,minecraft:overworld:step.16:city.city_jingchao_capital:p.100,True
-2800,5264,64.0,1.0,3.0,False,minecraft:forest,plain,minecraft:overworld:step.16:city.city_jingchao_capital:p.100,True
-2784,5264,63.0,1.0,3.0,False,minecraft:forest,plain,minecraft:overworld:step.16:city.city_jingchao_capital:p.100,True
-2768,5264,63.0,1.0,3.0,False,minecraft:forest,plain,minecraft:overworld:step.16:city.city_jingchao_capital:p.100,True
-2752,5264,62.0,1.0,2.0,False,minecraft:forest,plain,minecraft:overworld:step.16:city.city_jingchao_capital:p.100,True
-2736,5264,62.0,1.0,1.0,False,minecraft:forest,shore,minecraft:overworld:step.16:city.city_jingchao_capital:p.2,True
-2720,5264,62.0,1.0,2.0,False,minecraft:forest,shore,minecraft:overworld:step.16:city.city_jingchao_capital:p.2,True
-2704,5264,62.0,1.0,2.0,False,minecraft:forest,shore,minecraft:overworld:step.16:city.city_jingchao_capital:p.2,True
-2688,5264,61.0,1.0,1.0,True,minecraft:forest,water,minecraft:overworld:step.16:city.city_jingchao_capital:p.108,True
-2672,5264,61.0,1.0,2.0,True,minecraft:forest,water,minecraft:overworld:step.16:city.city_jingchao_capital:p.108,True
-2656,5264,62.0,1.0,3.0,False,minecraft:forest,shore,minecraft:overworld:step.16:city.city_jingchao_capital:p.2,True
-2640,5264,62.0,1.0,3.0,False,minecraft:forest,shore,minecraft:overworld:step.16:city.city_jingchao_capital:p.2,True
-2624,5264,63.0,1.0,3.0,False,minecraft:forest,shore,minecraft:overworld:step.16:city.city_jingchao_capital:p.2,True
-2608,5264,63.0,1.0,3.0,False,minecraft:forest,shore,minecraft:overworld:step.16:city.city_jingchao_capital:p.2,True
-2592,5264,63.0,1.0,3.0,False,minecraft:forest,shore,minecraft:overworld:step.16:city.city_jingchao_capital:p.2,True
-2576,5264,63.0,1.0,3.0,False,minecraft:forest,shore,minecraft:overworld:step.16:city.city_jingchao_capital:p.2,True
-2560,5264,63.0,2.0,3.0,False,minecraft:forest,shore,minecraft:overworld:step.16:city.city_jingchao_capital:p.2,True
-2544,5264,62.0,1.0,4.0,False,minecraft:forest,shore,minecraft:overworld:step.16:city.city_jingchao_capital:p.2,True
-2528,5264,62.0,1.0,3.0,False,minecraft:forest,shore,minecraft:overworld:step.16:city.city_jingchao_capital:p.2,True
-2512,5264,61.0,1.0,3.0,True,minecraft:forest,water,minecraft:overworld:step.16:city.city_jingchao_capital:p.1,True
-2496,5264,61.0,1.0,2.0,True,minecraft:ocean,water,minecraft:overworld:step.16:city.city_jingchao_capital:p.1,True
-2480,5264,61.0,1.0,2.0,True,minecraft:ocean,water,minecraft:overworld:step.16:city.city_jingchao_capital:p.1,True
-2464,5264,60.0,1.0,2.0,True,minecraft:ocean,water,minecraft:overworld:step.16:city.city_jingchao_capital:p.1,True
-2448,5264,60.0,1.0,2.0,True,minecraft:ocean,water,minecraft:overworld:step.16:city.city_jingchao_capital:p.1,True
-2432,5264,61.0,1.0,2.0,True,minecraft:ocean,water,minecraft:overworld:step.16:city.city_jingchao_capital:p.1,True
-3440,5280,59.0,0.0,2.0,True,minecraft:forest,water,minecraft:overworld:step.16:city.city_jingchao_capital:p.1,True
-3424,5280,59.0,1.0,3.0,True,minecraft:forest,water,minecraft:overworld:step.16:city.city_jingchao_capital:p.1,True
-3408,5280,60.0,1.0,4.0,True,minecraft:forest,water,minecraft:overworld:step.16:city.city_jingchao_capital:p.1,True
-3392,5280,60.0,2.0,4.0,True,minecraft:forest,water,minecraft:overworld:step.16:city.city_jingchao_capital:p.1,True
-3376,5280,62.0,2.0,4.0,False,minecraft:forest,shore,minecraft:overworld:step.16:city.city_jingchao_capital:p.98,True
-3360,5280,63.0,2.0,4.0,False,minecraft:forest,shore,minecraft:overworld:step.16:city.city_jingchao_capital:p.98,True
-3344,5280,63.0,1.0,3.0,False,minecraft:forest,shore,minecraft:overworld:step.16:city.city_jingchao_capital:p.98,True
-3328,5280,63.0,2.0,4.0,False,minecraft:forest,shore,minecraft:overworld:step.16:city.city_jingchao_capital:p.98,True
-3312,5280,62.0,2.0,4.0,False,minecraft:forest,shore,minecraft:overworld:step.16:city.city_jingchao_capital:p.98,True
-3296,5280,60.0,2.0,4.0,True,minecraft:forest,water,minecraft:overworld:step.16:city.city_jingchao_capital:p.1,True
-3280,5280,61.0,1.0,3.0,True,minecraft:forest,water,minecraft:overworld:step.16:city.city_jingchao_capital:p.1,True
-3264,5280,61.0,1.0,3.0,True,minecraft:forest,water,minecraft:overworld:step.16:city.city_jingchao_capital:p.1,True
-3248,5280,61.0,1.0,3.0,True,minecraft:forest,water,minecraft:overworld:step.16:city.city_jingchao_capital:p.1,True
-3232,5280,61.0,1.0,2.0,True,minecraft:forest,water,minecraft:overworld:step.16:city.city_jingchao_capital:p.1,True
-3216,5280,61.0,1.0,2.0,True,minecraft:forest,water,minecraft:overworld:step.16:city.city_jingchao_capital:p.1,True
-3200,5280,61.0,1.0,3.0,True,minecraft:forest,water,minecraft:overworld:step.16:city.city_jingchao_capital:p.1,True
-3184,5280,61.0,1.0,3.0,True,minecraft:forest,water,minecraft:overworld:step.16:city.city_jingchao_capital:p.1,True
-3168,5280,62.0,1.0,3.0,False,minecraft:forest,shore,minecraft:overworld:step.16:city.city_jingchao_capital:p.2,True
-3152,5280,62.0,1.0,2.0,False,minecraft:birch_forest,shore,minecraft:overworld:step.16:city.city_jingchao_capital:p.2,True
-3136,5280,62.0,1.0,3.0,False,minecraft:birch_forest,shore,minecraft:overworld:step.16:city.city_jingchao_capital:p.2,True
-3120,5280,61.0,1.0,2.0,True,minecraft:birch_forest,water,minecraft:overworld:step.16:city.city_jingchao_capital:p.1,True
-3104,5280,61.0,1.0,3.0,True,minecraft:birch_forest,water,minecraft:overworld:step.16:city.city_jingchao_capital:p.1,True
-3088,5280,60.0,3.0,4.0,True,minecraft:birch_forest,water,minecraft:overworld:step.16:city.city_jingchao_capital:p.1,True
-3072,5280,63.0,3.0,5.0,False,minecraft:birch_forest,shore,minecraft:overworld:step.16:city.city_jingchao_capital:p.2,True
-3056,5280,64.0,2.0,6.0,False,minecraft:birch_forest,shore,minecraft:overworld:step.16:city.city_jingchao_capital:p.2,True
-3040,5280,65.0,2.0,4.0,False,minecraft:birch_forest,shore,minecraft:overworld:step.16:city.city_jingchao_capital:p.2,True
-3024,5280,66.0,2.0,4.0,False,minecraft:birch_forest,plain,minecraft:overworld:step.16:city.city_jingchao_capital:p.100,True
-3008,5280,66.0,1.0,5.0,False,minecraft:birch_forest,plain,minecraft:overworld:step.16:city.city_jingchao_capital:p.100,True
-2992,5280,66.0,1.0,3.0,False,minecraft:birch_forest,plain,minecraft:overworld:step.16:city.city_jingchao_capital:p.100,True
-2976,5280,65.0,1.0,3.0,False,minecraft:birch_forest,plain,minecraft:overworld:step.16:city.city_jingchao_capital:p.100,True
-2960,5280,65.0,1.0,3.0,False,minecraft:birch_forest,plain,minecraft:overworld:step.16:city.city_jingchao_capital:p.100,True
-2944,5280,65.0,1.0,3.0,False,minecraft:birch_forest,plain,minecraft:overworld:step.16:city.city_jingchao_capital:p.100,True
-2928,5280,65.0,2.0,2.0,False,minecraft:birch_forest,plain,minecraft:overworld:step.16:city.city_jingchao_capital:p.100,True
-2912,5280,67.0,2.0,2.0,False,minecraft:birch_forest,plain,minecraft:overworld:step.16:city.city_jingchao_capital:p.100,True
-2896,5280,66.0,1.0,2.0,False,minecraft:birch_forest,plain,minecraft:overworld:step.16:city.city_jingchao_capital:p.100,True
-2880,5280,66.0,1.0,2.0,False,minecraft:birch_forest,plain,minecraft:overworld:step.16:city.city_jingchao_capital:p.100,True
-2864,5280,66.0,1.0,2.0,False,minecraft:birch_forest,plain,minecraft:overworld:step.16:city.city_jingchao_capital:p.100,True
-2848,5280,66.0,1.0,3.0,False,minecraft:birch_forest,plain,minecraft:overworld:step.16:city.city_jingchao_capital:p.100,True
-2832,5280,66.0,1.0,3.0,False,minecraft:birch_forest,plain,minecraft:overworld:step.16:city.city_jingchao_capital:p.100,True
-2816,5280,65.0,1.0,3.0,False,minecraft:birch_forest,plain,minecraft:overworld:step.16:city.city_jingchao_capital:p.100,True
-2800,5280,64.0,1.0,3.0,False,minecraft:birch_forest,plain,minecraft:overworld:step.16:city.city_jingchao_capital:p.100,True
-2784,5280,64.0,1.0,3.0,False,minecraft:forest,plain,minecraft:overworld:step.16:city.city_jingchao_capital:p.100,True
-2768,5280,63.0,1.0,3.0,False,minecraft:forest,plain,minecraft:overworld:step.16:city.city_jingchao_capital:p.100,True
-2752,5280,63.0,1.0,3.0,False,minecraft:forest,plain,minecraft:overworld:step.16:city.city_jingchao_capital:p.100,True
-2736,5280,63.0,1.0,2.0,False,minecraft:forest,shore,minecraft:overworld:step.16:city.city_jingchao_capital:p.2,True
-2720,5280,62.0,1.0,2.0,False,minecraft:forest,shore,minecraft:overworld:step.16:city.city_jingchao_capital:p.2,True
-2704,5280,62.0,1.0,2.0,False,minecraft:forest,shore,minecraft:overworld:step.16:city.city_jingchao_capital:p.2,True
-2688,5280,61.0,1.0,2.0,True,minecraft:forest,water,minecraft:overworld:step.16:city.city_jingchao_capital:p.108,True
-2672,5280,62.0,1.0,2.0,False,minecraft:forest,shore,minecraft:overworld:step.16:city.city_jingchao_capital:p.2,True
-2656,5280,62.0,1.0,2.0,False,minecraft:forest,shore,minecraft:overworld:step.16:city.city_jingchao_capital:p.2,True
-2640,5280,62.0,1.0,3.0,False,minecraft:forest,shore,minecraft:overworld:step.16:city.city_jingchao_capital:p.2,True
-2624,5280,62.0,1.0,3.0,False,minecraft:forest,shore,minecraft:overworld:step.16:city.city_jingchao_capital:p.2,True
-2608,5280,62.0,1.0,3.0,False,minecraft:forest,shore,minecraft:overworld:step.16:city.city_jingchao_capital:p.2,True
-2592,5280,62.0,1.0,3.0,False,minecraft:forest,shore,minecraft:overworld:step.16:city.city_jingchao_capital:p.2,True
-2576,5280,62.0,1.0,4.0,False,minecraft:forest,shore,minecraft:overworld:step.16:city.city_jingchao_capital:p.2,True
-2560,5280,62.0,1.0,4.0,False,minecraft:forest,shore,minecraft:overworld:step.16:city.city_jingchao_capital:p.2,True
-2544,5280,61.0,2.0,3.0,True,minecraft:forest,water,minecraft:overworld:step.16:city.city_jingchao_capital:p.1,True
-2528,5280,61.0,1.0,3.0,True,minecraft:forest,water,minecraft:overworld:step.16:city.city_jingchao_capital:p.1,True
-2512,5280,61.0,1.0,2.0,True,minecraft:ocean,water,minecraft:overworld:step.16:city.city_jingchao_capital:p.1,True
-2496,5280,61.0,1.0,2.0,True,minecraft:ocean,water,minecraft:overworld:step.16:city.city_jingchao_capital:p.1,True
-2480,5280,61.0,1.0,2.0,True,minecraft:ocean,water,minecraft:overworld:step.16:city.city_jingchao_capital:p.1,True
-2464,5280,61.0,1.0,1.0,True,minecraft:ocean,water,minecraft:overworld:step.16:city.city_jingchao_capital:p.1,True
-2448,5280,61.0,1.0,1.0,True,minecraft:ocean,water,minecraft:overworld:step.16:city.city_jingchao_capital:p.1,True
-2432,5280,61.0,1.0,1.0,True,minecraft:ocean,water,minecraft:overworld:step.16:city.city_jingchao_capital:p.1,True
-3440,5296,59.0,1.0,3.0,True,minecraft:forest,water,minecraft:overworld:step.16:city.city_jingchao_capital:p.1,True
-3424,5296,59.0,1.0,3.0,True,minecraft:forest,water,minecraft:overworld:step.16:city.city_jingchao_capital:p.1,True
-3408,5296,59.0,1.0,4.0,True,minecraft:forest,water,minecraft:overworld:step.16:city.city_jingchao_capital:p.1,True
-3392,5296,60.0,2.0,5.0,True,minecraft:forest,water,minecraft:overworld:step.16:city.city_jingchao_capital:p.1,True
-3376,5296,61.0,2.0,5.0,True,minecraft:forest,water,minecraft:overworld:step.16:city.city_jingchao_capital:p.1,True
-3360,5296,62.0,2.0,4.0,False,minecraft:forest,shore,minecraft:overworld:step.16:city.city_jingchao_capital:p.98,True
-3344,5296,63.0,2.0,4.0,False,minecraft:forest,shore,minecraft:overworld:step.16:city.city_jingchao_capital:p.98,True
-3328,5296,62.0,1.0,3.0,False,minecraft:forest,shore,minecraft:overworld:step.16:city.city_jingchao_capital:p.98,True
-3312,5296,62.0,2.0,4.0,False,minecraft:forest,shore,minecraft:overworld:step.16:city.city_jingchao_capital:p.98,True
-3296,5296,60.0,2.0,4.0,True,minecraft:forest,water,minecraft:overworld:step.16:city.city_jingchao_capital:p.1,True
-3280,5296,60.0,1.0,3.0,True,minecraft:forest,water,minecraft:overworld:step.16:city.city_jingchao_capital:p.1,True
-3264,5296,60.0,1.0,3.0,True,minecraft:forest,water,minecraft:overworld:step.16:city.city_jingchao_capital:p.1,True
-3248,5296,60.0,1.0,3.0,True,minecraft:forest,water,minecraft:overworld:step.16:city.city_jingchao_capital:p.1,True
-3232,5296,61.0,1.0,2.0,True,minecraft:forest,water,minecraft:overworld:step.16:city.city_jingchao_capital:p.1,True
-3216,5296,61.0,1.0,2.0,True,minecraft:forest,water,minecraft:overworld:step.16:city.city_jingchao_capital:p.1,True
-3200,5296,61.0,1.0,2.0,True,minecraft:forest,water,minecraft:overworld:step.16:city.city_jingchao_capital:p.1,True
-3184,5296,61.0,1.0,2.0,True,minecraft:forest,water,minecraft:overworld:step.16:city.city_jingchao_capital:p.1,True
-3168,5296,61.0,1.0,2.0,True,minecraft:forest,water,minecraft:overworld:step.16:city.city_jingchao_capital:p.1,True
-3152,5296,62.0,1.0,3.0,False,minecraft:forest,shore,minecraft:overworld:step.16:city.city_jingchao_capital:p.2,True
-3136,5296,62.0,1.0,3.0,False,minecraft:forest,shore,minecraft:overworld:step.16:city.city_jingchao_capital:p.2,True
-3120,5296,61.0,1.0,3.0,True,minecraft:birch_forest,water,minecraft:overworld:step.16:city.city_jingchao_capital:p.1,True
-3104,5296,61.0,1.0,3.0,True,minecraft:birch_forest,water,minecraft:overworld:step.16:city.city_jingchao_capital:p.1,True
-3088,5296,61.0,2.0,4.0,True,minecraft:birch_forest,water,minecraft:overworld:step.16:city.city_jingchao_capital:p.1,True
-3072,5296,62.0,2.0,5.0,False,minecraft:birch_forest,shore,minecraft:overworld:step.16:city.city_jingchao_capital:p.2,True
-3056,5296,63.0,2.0,6.0,False,minecraft:birch_forest,shore,minecraft:overworld:step.16:city.city_jingchao_capital:p.2,True
-3040,5296,64.0,2.0,4.0,False,minecraft:birch_forest,shore,minecraft:overworld:step.16:city.city_jingchao_capital:p.2,True
-3024,5296,65.0,2.0,4.0,False,minecraft:birch_forest,plain,minecraft:overworld:step.16:city.city_jingchao_capital:p.100,True
-3008,5296,66.0,1.0,3.0,False,minecraft:birch_forest,plain,minecraft:overworld:step.16:city.city_jingchao_capital:p.100,True
-2992,5296,66.0,1.0,3.0,False,minecraft:birch_forest,plain,minecraft:overworld:step.16:city.city_jingchao_capital:p.100,True
-2976,5296,66.0,1.0,2.0,False,minecraft:birch_forest,plain,minecraft:overworld:step.16:city.city_jingchao_capital:p.100,True
-2960,5296,65.0,1.0,1.0,False,minecraft:birch_forest,plain,minecraft:overworld:step.16:city.city_jingchao_capital:p.100,True
-2944,5296,65.0,1.0,2.0,False,minecraft:birch_forest,plain,minecraft:overworld:step.16:city.city_jingchao_capital:p.100,True
-2928,5296,66.0,1.0,2.0,False,minecraft:birch_forest,plain,minecraft:overworld:step.16:city.city_jingchao_capital:p.100,True
-2912,5296,66.0,1.0,2.0,False,minecraft:birch_forest,plain,minecraft:overworld:step.16:city.city_jingchao_capital:p.100,True
-2896,5296,66.0,1.0,2.0,False,minecraft:birch_forest,plain,minecraft:overworld:step.16:city.city_jingchao_capital:p.100,True
-2880,5296,66.0,1.0,2.0,False,minecraft:birch_forest,plain,minecraft:overworld:step.16:city.city_jingchao_capital:p.100,True
-2864,5296,65.0,1.0,1.0,False,minecraft:birch_forest,plain,minecraft:overworld:step.16:city.city_jingchao_capital:p.100,True
-2848,5296,66.0,1.0,2.0,False,minecraft:birch_forest,plain,minecraft:overworld:step.16:city.city_jingchao_capital:p.100,True
-2832,5296,65.0,1.0,2.0,False,minecraft:birch_forest,plain,minecraft:overworld:step.16:city.city_jingchao_capital:p.100,True
-2816,5296,65.0,1.0,3.0,False,minecraft:birch_forest,plain,minecraft:overworld:step.16:city.city_jingchao_capital:p.100,True
-2800,5296,65.0,1.0,3.0,False,minecraft:birch_forest,plain,minecraft:overworld:step.16:city.city_jingchao_capital:p.100,True
-2784,5296,64.0,1.0,3.0,False,minecraft:forest,plain,minecraft:overworld:step.16:city.city_jingchao_capital:p.100,True
-2768,5296,63.0,2.0,3.0,False,minecraft:forest,plain,minecraft:overworld:step.16:city.city_jingchao_capital:p.100,True
-2752,5296,63.0,1.0,3.0,False,minecraft:forest,plain,minecraft:overworld:step.16:city.city_jingchao_capital:p.100,True
-2736,5296,63.0,1.0,2.0,False,minecraft:forest,plain,minecraft:overworld:step.16:city.city_jingchao_capital:p.100,True
-2720,5296,62.0,1.0,2.0,False,minecraft:forest,shore,minecraft:overworld:step.16:city.city_jingchao_capital:p.2,True
-2704,5296,62.0,1.0,2.0,False,minecraft:forest,shore,minecraft:overworld:step.16:city.city_jingchao_capital:p.2,True
-2688,5296,62.0,1.0,2.0,False,minecraft:forest,shore,minecraft:overworld:step.16:city.city_jingchao_capital:p.2,True
-2672,5296,62.0,1.0,1.0,False,minecraft:forest,shore,minecraft:overworld:step.16:city.city_jingchao_capital:p.2,True
-2656,5296,62.0,0.0,2.0,False,minecraft:forest,shore,minecraft:overworld:step.16:city.city_jingchao_capital:p.2,True
-2640,5296,62.0,1.0,2.0,False,minecraft:forest,shore,minecraft:overworld:step.16:city.city_jingchao_capital:p.2,True
-2624,5296,61.0,1.0,2.0,True,minecraft:forest,water,minecraft:overworld:step.16:city.city_jingchao_capital:p.1,True
-2608,5296,61.0,1.0,3.0,True,minecraft:forest,water,minecraft:overworld:step.16:city.city_jingchao_capital:p.1,True
-2592,5296,61.0,1.0,3.0,True,minecraft:forest,water,minecraft:overworld:step.16:city.city_jingchao_capital:p.1,True
-2576,5296,61.0,1.0,3.0,True,minecraft:forest,water,minecraft:overworld:step.16:city.city_jingchao_capital:p.1,True
-2560,5296,61.0,1.0,3.0,True,minecraft:forest,water,minecraft:overworld:step.16:city.city_jingchao_capital:p.1,True
-2544,5296,61.0,1.0,3.0,True,minecraft:forest,water,minecraft:overworld:step.16:city.city_jingchao_capital:p.1,True
-2528,5296,61.0,1.0,3.0,True,minecraft:ocean,water,minecraft:overworld:step.16:city.city_jingchao_capital:p.1,True
-2512,5296,60.0,1.0,2.0,True,minecraft:ocean,water,minecraft:overworld:step.16:city.city_jingchao_capital:p.1,True
-2496,5296,60.0,1.0,2.0,True,minecraft:ocean,water,minecraft:overworld:step.16:city.city_jingchao_capital:p.1,True
-2480,5296,60.0,1.0,1.0,True,minecraft:ocean,water,minecraft:overworld:step.16:city.city_jingchao_capital:p.1,True
-2464,5296,61.0,1.0,1.0,True,minecraft:ocean,water,minecraft:overworld:step.16:city.city_jingchao_capital:p.1,True
-2448,5296,61.0,1.0,1.0,True,minecraft:ocean,water,minecraft:overworld:step.16:city.city_jingchao_capital:p.1,True
-2432,5296,61.0,0.0,1.0,True,minecraft:ocean,water,minecraft:overworld:step.16:city.city_jingchao_capital:p.1,True
-3440,5312,58.0,1.0,3.0,True,minecraft:forest,water,minecraft:overworld:step.16:city.city_jingchao_capital:p.1,True
-3424,5312,59.0,1.0,3.0,True,minecraft:forest,water,minecraft:overworld:step.16:city.city_jingchao_capital:p.1,True
-3408,5312,59.0,1.0,5.0,True,minecraft:forest,water,minecraft:overworld:step.16:city.city_jingchao_capital:p.1,True
-3392,5312,59.0,2.0,5.0,True,minecraft:forest,water,minecraft:overworld:step.16:city.city_jingchao_capital:p.1,True
-3376,5312,60.0,2.0,5.0,True,minecraft:forest,water,minecraft:overworld:step.16:city.city_jingchao_capital:p.1,True
-3360,5312,61.0,2.0,5.0,True,minecraft:forest,water,minecraft:overworld:step.16:city.city_jingchao_capital:p.1,True
-3344,5312,61.0,2.0,4.0,True,minecraft:forest,water,minecraft:overworld:step.16:city.city_jingchao_capital:p.1,True
-3328,5312,62.0,1.0,4.0,False,minecraft:forest,shore,minecraft:overworld:step.16:city.city_jingchao_capital:p.98,True
-3312,5312,62.0,2.0,4.0,False,minecraft:forest,shore,minecraft:overworld:step.16:city.city_jingchao_capital:p.98,True
-3296,5312,60.0,2.0,4.0,True,minecraft:forest,water,minecraft:overworld:step.16:city.city_jingchao_capital:p.1,True
-3280,5312,60.0,1.0,3.0,True,minecraft:forest,water,minecraft:overworld:step.16:city.city_jingchao_capital:p.1,True
-3264,5312,60.0,1.0,2.0,True,minecraft:forest,water,minecraft:overworld:step.16:city.city_jingchao_capital:p.1,True
-3248,5312,60.0,1.0,2.0,True,minecraft:forest,water,minecraft:overworld:step.16:city.city_jingchao_capital:p.1,True
-3232,5312,60.0,1.0,2.0,True,minecraft:forest,water,minecraft:overworld:step.16:city.city_jingchao_capital:p.1,True
-3216,5312,61.0,1.0,1.0,True,minecraft:forest,water,minecraft:overworld:step.16:city.city_jingchao_capital:p.1,True
-3200,5312,60.0,1.0,2.0,True,minecraft:forest,water,minecraft:overworld:step.16:city.city_jingchao_capital:p.1,True
-3184,5312,61.0,1.0,2.0,True,minecraft:forest,water,minecraft:overworld:step.16:city.city_jingchao_capital:p.1,True
-3168,5312,61.0,1.0,2.0,True,minecraft:forest,water,minecraft:overworld:step.16:city.city_jingchao_capital:p.1,True
-3152,5312,61.0,1.0,3.0,True,minecraft:forest,water,minecraft:overworld:step.16:city.city_jingchao_capital:p.1,True
-3136,5312,62.0,1.0,2.0,False,minecraft:forest,shore,minecraft:overworld:step.16:city.city_jingchao_capital:p.2,True
-3120,5312,62.0,1.0,3.0,False,minecraft:forest,shore,minecraft:overworld:step.16:city.city_jingchao_capital:p.2,True
-3104,5312,61.0,2.0,3.0,True,minecraft:forest,water,minecraft:overworld:step.16:city.city_jingchao_capital:p.1,True
-3088,5312,61.0,1.0,4.0,True,minecraft:birch_forest,water,minecraft:overworld:step.16:city.city_jingchao_capital:p.1,True
-3072,5312,62.0,1.0,5.0,False,minecraft:birch_forest,shore,minecraft:overworld:step.16:city.city_jingchao_capital:p.2,True
-3056,5312,63.0,1.0,6.0,False,minecraft:birch_forest,shore,minecraft:overworld:step.16:city.city_jingchao_capital:p.2,True
-3040,5312,63.0,2.0,4.0,False,minecraft:birch_forest,shore,minecraft:overworld:step.16:city.city_jingchao_capital:p.2,True
-3024,5312,65.0,2.0,4.0,False,minecraft:birch_forest,plain,minecraft:overworld:step.16:city.city_jingchao_capital:p.100,True
-3008,5312,65.0,2.0,3.0,False,minecraft:birch_forest,plain,minecraft:overworld:step.16:city.city_jingchao_capital:p.100,True
-2992,5312,65.0,1.0,3.0,False,minecraft:birch_forest,plain,minecraft:overworld:step.16:city.city_jingchao_capital:p.100,True
-2976,5312,66.0,1.0,3.0,False,minecraft:birch_forest,plain,minecraft:overworld:step.16:city.city_jingchao_capital:p.100,True
-2960,5312,66.0,1.0,2.0,False,minecraft:birch_forest,plain,minecraft:overworld:step.16:city.city_jingchao_capital:p.100,True
-2944,5312,66.0,1.0,3.0,False,minecraft:birch_forest,plain,minecraft:overworld:step.16:city.city_jingchao_capital:p.100,True
-2928,5312,66.0,1.0,2.0,False,minecraft:birch_forest,plain,minecraft:overworld:step.16:city.city_jingchao_capital:p.100,True
-2912,5312,66.0,0.0,2.0,False,minecraft:birch_forest,plain,minecraft:overworld:step.16:city.city_jingchao_capital:p.100,True
-2896,5312,66.0,1.0,2.0,False,minecraft:birch_forest,plain,minecraft:overworld:step.16:city.city_jingchao_capital:p.100,True
-2880,5312,65.0,1.0,2.0,False,minecraft:birch_forest,plain,minecraft:overworld:step.16:city.city_jingchao_capital:p.100,True
-2864,5312,65.0,1.0,1.0,False,minecraft:birch_forest,plain,minecraft:overworld:step.16:city.city_jingchao_capital:p.100,True
-2848,5312,65.0,1.0,2.0,False,minecraft:birch_forest,plain,minecraft:overworld:step.16:city.city_jingchao_capital:p.100,True
-2832,5312,65.0,1.0,2.0,False,minecraft:birch_forest,plain,minecraft:overworld:step.16:city.city_jingchao_capital:p.100,True
-2816,5312,64.0,1.0,2.0,False,minecraft:birch_forest,plain,minecraft:overworld:step.16:city.city_jingchao_capital:p.100,True
-2800,5312,65.0,1.0,3.0,False,minecraft:birch_forest,plain,minecraft:overworld:step.16:city.city_jingchao_capital:p.100,True
-2784,5312,65.0,2.0,2.0,False,minecraft:forest,plain,minecraft:overworld:step.16:city.city_jingchao_capital:p.100,True
-2768,5312,64.0,1.0,2.0,False,minecraft:forest,plain,minecraft:overworld:step.16:city.city_jingchao_capital:p.100,True
-2752,5312,63.0,1.0,3.0,False,minecraft:forest,plain,minecraft:overworld:step.16:city.city_jingchao_capital:p.100,True
-2736,5312,63.0,1.0,2.0,False,minecraft:forest,plain,minecraft:overworld:step.16:city.city_jingchao_capital:p.100,True
-2720,5312,63.0,1.0,2.0,False,minecraft:forest,plain,minecraft:overworld:step.16:city.city_jingchao_capital:p.100,True
-2704,5312,62.0,1.0,2.0,False,minecraft:forest,shore,minecraft:overworld:step.16:city.city_jingchao_capital:p.2,True
-2688,5312,62.0,1.0,2.0,False,minecraft:forest,shore,minecraft:overworld:step.16:city.city_jingchao_capital:p.2,True
-2672,5312,62.0,1.0,1.0,False,minecraft:forest,shore,minecraft:overworld:step.16:city.city_jingchao_capital:p.2,True
-2656,5312,62.0,1.0,1.0,False,minecraft:forest,shore,minecraft:overworld:step.16:city.city_jingchao_capital:p.2,True
-2640,5312,62.0,1.0,1.0,False,minecraft:forest,shore,minecraft:overworld:step.16:city.city_jingchao_capital:p.2,True
-2624,5312,61.0,1.0,1.0,True,minecraft:forest,water,minecraft:overworld:step.16:city.city_jingchao_capital:p.1,True
-2608,5312,61.0,0.0,2.0,True,minecraft:forest,water,minecraft:overworld:step.16:city.city_jingchao_capital:p.1,True
-2592,5312,61.0,1.0,2.0,True,minecraft:forest,water,minecraft:overworld:step.16:city.city_jingchao_capital:p.1,True
-2576,5312,61.0,1.0,2.0,True,minecraft:forest,water,minecraft:overworld:step.16:city.city_jingchao_capital:p.1,True
-2560,5312,61.0,1.0,2.0,True,minecraft:forest,water,minecraft:overworld:step.16:city.city_jingchao_capital:p.1,True
-2544,5312,60.0,1.0,2.0,True,minecraft:forest,water,minecraft:overworld:step.16:city.city_jingchao_capital:p.1,True
-2528,5312,60.0,1.0,2.0,True,minecraft:ocean,water,minecraft:overworld:step.16:city.city_jingchao_capital:p.1,True
-2512,5312,60.0,1.0,1.0,True,minecraft:ocean,water,minecraft:overworld:step.16:city.city_jingchao_capital:p.1,True
-2496,5312,60.0,0.0,1.0,True,minecraft:ocean,water,minecraft:overworld:step.16:city.city_jingchao_capital:p.1,True
-2480,5312,60.0,1.0,1.0,True,minecraft:ocean,water,minecraft:overworld:step.16:city.city_jingchao_capital:p.1,True
-2464,5312,60.0,1.0,1.0,True,minecraft:ocean,water,minecraft:overworld:step.16:city.city_jingchao_capital:p.1,True
-2448,5312,61.0,1.0,1.0,True,minecraft:ocean,water,minecraft:overworld:step.16:city.city_jingchao_capital:p.1,True
-2432,5312,61.0,1.0,1.0,True,minecraft:ocean,water,minecraft:overworld:step.16:city.city_jingchao_capital:p.1,True
-3440,5328,58.0,1.0,2.0,True,minecraft:forest,water,minecraft:overworld:step.16:city.city_jingchao_capital:p.1,True
-3424,5328,58.0,1.0,3.0,True,minecraft:forest,water,minecraft:overworld:step.16:city.city_jingchao_capital:p.1,True
-3408,5328,58.0,1.0,4.0,True,minecraft:forest,water,minecraft:overworld:step.16:city.city_jingchao_capital:p.1,True
-3392,5328,59.0,1.0,5.0,True,minecraft:forest,water,minecraft:overworld:step.16:city.city_jingchao_capital:p.1,True
-3376,5328,59.0,2.0,6.0,True,minecraft:forest,water,minecraft:overworld:step.16:city.city_jingchao_capital:p.1,True
-3360,5328,60.0,1.0,6.0,True,minecraft:forest,water,minecraft:overworld:step.16:city.city_jingchao_capital:p.1,True
-3344,5328,61.0,2.0,5.0,True,minecraft:forest,water,minecraft:overworld:step.16:city.city_jingchao_capital:p.1,True
-3328,5328,62.0,2.0,5.0,False,minecraft:forest,shore,minecraft:overworld:step.16:city.city_jingchao_capital:p.98,True
-3312,5328,62.0,3.0,5.0,False,minecraft:forest,shore,minecraft:overworld:step.16:city.city_jingchao_capital:p.98,True
-3296,5328,60.0,2.0,4.0,True,minecraft:forest,water,minecraft:overworld:step.16:city.city_jingchao_capital:p.1,True
-3280,5328,59.0,1.0,4.0,True,minecraft:forest,water,minecraft:overworld:step.16:city.city_jingchao_capital:p.1,True
-3264,5328,60.0,1.0,3.0,True,minecraft:forest,water,minecraft:overworld:step.16:city.city_jingchao_capital:p.1,True
-3248,5328,60.0,1.0,2.0,True,minecraft:forest,water,minecraft:overworld:step.16:city.city_jingchao_capital:p.1,True
-3232,5328,60.0,1.0,2.0,True,minecraft:forest,water,minecraft:overworld:step.16:city.city_jingchao_capital:p.1,True
-3216,5328,61.0,1.0,2.0,True,minecraft:forest,water,minecraft:overworld:step.16:city.city_jingchao_capital:p.1,True
-3200,5328,60.0,1.0,2.0,True,minecraft:forest,water,minecraft:overworld:step.16:city.city_jingchao_capital:p.1,True
-3184,5328,60.0,1.0,2.0,True,minecraft:forest,water,minecraft:overworld:step.16:city.city_jingchao_capital:p.1,True
-3168,5328,61.0,1.0,2.0,True,minecraft:forest,water,minecraft:overworld:step.16:city.city_jingchao_capital:p.1,True
-3152,5328,61.0,1.0,3.0,True,minecraft:forest,water,minecraft:overworld:step.16:city.city_jingchao_capital:p.1,True
-3136,5328,62.0,1.0,3.0,False,minecraft:forest,shore,minecraft:overworld:step.16:city.city_jingchao_capital:p.2,True
-3120,5328,63.0,2.0,3.0,False,minecraft:forest,shore,minecraft:overworld:step.16:city.city_jingchao_capital:p.2,True
-3104,5328,62.0,2.0,3.0,False,minecraft:forest,shore,minecraft:overworld:step.16:city.city_jingchao_capital:p.2,True
-3088,5328,61.0,1.0,3.0,True,minecraft:birch_forest,water,minecraft:overworld:step.16:city.city_jingchao_capital:p.1,True
-3072,5328,62.0,2.0,4.0,False,minecraft:birch_forest,shore,minecraft:overworld:step.16:city.city_jingchao_capital:p.2,True
-3056,5328,62.0,1.0,5.0,False,minecraft:birch_forest,shore,minecraft:overworld:step.16:city.city_jingchao_capital:p.2,True
-3040,5328,63.0,2.0,4.0,False,minecraft:birch_forest,shore,minecraft:overworld:step.16:city.city_jingchao_capital:p.2,True
-3024,5328,63.0,2.0,4.0,False,minecraft:birch_forest,plain,minecraft:overworld:step.16:city.city_jingchao_capital:p.100,True
-3008,5328,64.0,1.0,3.0,False,minecraft:birch_forest,plain,minecraft:overworld:step.16:city.city_jingchao_capital:p.100,True
-2992,5328,65.0,2.0,3.0,False,minecraft:birch_forest,plain,minecraft:overworld:step.16:city.city_jingchao_capital:p.100,True
-2976,5328,65.0,1.0,3.0,False,minecraft:birch_forest,plain,minecraft:overworld:step.16:city.city_jingchao_capital:p.100,True
-2960,5328,66.0,2.0,2.0,False,minecraft:birch_forest,plain,minecraft:overworld:step.16:city.city_jingchao_capital:p.100,True
-2944,5328,65.0,1.0,2.0,False,minecraft:birch_forest,plain,minecraft:overworld:step.16:city.city_jingchao_capital:p.100,True
-2928,5328,66.0,1.0,1.0,False,minecraft:birch_forest,plain,minecraft:overworld:step.16:city.city_jingchao_capital:p.100,True
-2912,5328,66.0,0.0,1.0,False,minecraft:birch_forest,plain,minecraft:overworld:step.16:city.city_jingchao_capital:p.100,True
-2896,5328,66.0,1.0,1.0,False,minecraft:birch_forest,plain,minecraft:overworld:step.16:city.city_jingchao_capital:p.100,True
-2880,5328,66.0,1.0,1.0,False,minecraft:birch_forest,plain,minecraft:overworld:step.16:city.city_jingchao_capital:p.100,True
-2864,5328,66.0,1.0,1.0,False,minecraft:birch_forest,plain,minecraft:overworld:step.16:city.city_jingchao_capital:p.100,True
-2848,5328,65.0,1.0,2.0,False,minecraft:birch_forest,plain,minecraft:overworld:step.16:city.city_jingchao_capital:p.100,True
-2832,5328,65.0,1.0,2.0,False,minecraft:birch_forest,plain,minecraft:overworld:step.16:city.city_jingchao_capital:p.100,True
-2816,5328,65.0,1.0,2.0,False,minecraft:birch_forest,plain,minecraft:overworld:step.16:city.city_jingchao_capital:p.100,True
-2800,5328,64.0,1.0,2.0,False,minecraft:birch_forest,plain,minecraft:overworld:step.16:city.city_jingchao_capital:p.100,True
-2784,5328,64.0,1.0,3.0,False,minecraft:forest,plain,minecraft:overworld:step.16:city.city_jingchao_capital:p.100,True
-2768,5328,63.0,2.0,3.0,False,minecraft:forest,plain,minecraft:overworld:step.16:city.city_jingchao_capital:p.100,True
-2752,5328,63.0,1.0,3.0,False,minecraft:forest,plain,minecraft:overworld:step.16:city.city_jingchao_capital:p.100,True
-2736,5328,63.0,1.0,3.0,False,minecraft:forest,plain,minecraft:overworld:step.16:city.city_jingchao_capital:p.100,True
-2720,5328,63.0,1.0,2.0,False,minecraft:forest,shore,minecraft:overworld:step.16:city.city_jingchao_capital:p.2,True
-2704,5328,62.0,1.0,2.0,False,minecraft:forest,shore,minecraft:overworld:step.16:city.city_jingchao_capital:p.2,True
-2688,5328,62.0,1.0,2.0,False,minecraft:forest,shore,minecraft:overworld:step.16:city.city_jingchao_capital:p.2,True
-2672,5328,61.0,1.0,1.0,True,minecraft:forest,water,minecraft:overworld:step.16:city.city_jingchao_capital:p.1,True
-2656,5328,61.0,1.0,1.0,True,minecraft:forest,water,minecraft:overworld:step.16:city.city_jingchao_capital:p.1,True
-2640,5328,61.0,1.0,1.0,True,minecraft:forest,water,minecraft:overworld:step.16:city.city_jingchao_capital:p.1,True
-2624,5328,61.0,1.0,1.0,True,minecraft:forest,water,minecraft:overworld:step.16:city.city_jingchao_capital:p.1,True
-2608,5328,61.0,0.0,2.0,True,minecraft:forest,water,minecraft:overworld:step.16:city.city_jingchao_capital:p.1,True
-2592,5328,61.0,1.0,1.0,True,minecraft:forest,water,minecraft:overworld:step.16:city.city_jingchao_capital:p.1,True
-2576,5328,60.0,1.0,1.0,True,minecraft:forest,water,minecraft:overworld:step.16:city.city_jingchao_capital:p.1,True
-2560,5328,60.0,1.0,1.0,True,minecraft:forest,water,minecraft:overworld:step.16:city.city_jingchao_capital:p.1,True
-2544,5328,60.0,1.0,1.0,True,minecraft:forest,water,minecraft:overworld:step.16:city.city_jingchao_capital:p.1,True
-2528,5328,60.0,0.0,1.0,True,minecraft:ocean,water,minecraft:overworld:step.16:city.city_jingchao_capital:p.1,True
-2512,5328,60.0,0.0,1.0,True,minecraft:ocean,water,minecraft:overworld:step.16:city.city_jingchao_capital:p.1,True
-2496,5328,60.0,0.0,1.0,True,minecraft:ocean,water,minecraft:overworld:step.16:city.city_jingchao_capital:p.1,True
-2480,5328,60.0,0.0,1.0,True,minecraft:ocean,water,minecraft:overworld:step.16:city.city_jingchao_capital:p.1,True
-2464,5328,60.0,1.0,1.0,True,minecraft:ocean,water,minecraft:overworld:step.16:city.city_jingchao_capital:p.1,True
-2448,5328,60.0,1.0,1.0,True,minecraft:ocean,water,minecraft:overworld:step.16:city.city_jingchao_capital:p.1,True
-2432,5328,61.0,1.0,1.0,True,minecraft:ocean,water,minecraft:overworld:step.16:city.city_jingchao_capital:p.1,True
-3440,5344,57.0,1.0,3.0,True,minecraft:forest,water,minecraft:overworld:step.16:city.city_jingchao_capital:p.1,True
-3424,5344,58.0,1.0,2.0,True,minecraft:forest,water,minecraft:overworld:step.16:city.city_jingchao_capital:p.1,True
-3408,5344,58.0,1.0,3.0,True,minecraft:forest,water,minecraft:overworld:step.16:city.city_jingchao_capital:p.1,True
-3392,5344,58.0,1.0,4.0,True,minecraft:forest,water,minecraft:overworld:step.16:city.city_jingchao_capital:p.1,True
-3376,5344,59.0,2.0,4.0,True,minecraft:forest,water,minecraft:overworld:step.16:city.city_jingchao_capital:p.1,True
-3360,5344,59.0,2.0,5.0,True,minecraft:forest,water,minecraft:overworld:step.16:city.city_jingchao_capital:p.1,True
-3344,5344,60.0,2.0,5.0,True,minecraft:forest,water,minecraft:overworld:step.16:city.city_jingchao_capital:p.1,True
-3328,5344,61.0,2.0,4.0,True,minecraft:forest,water,minecraft:overworld:step.16:city.city_jingchao_capital:p.1,True
-3312,5344,61.0,3.0,4.0,True,minecraft:forest,water,minecraft:overworld:step.16:city.city_jingchao_capital:p.1,True
-3296,5344,59.0,3.0,4.0,True,minecraft:forest,water,minecraft:overworld:step.16:city.city_jingchao_capital:p.1,True
-3280,5344,59.0,1.0,4.0,True,minecraft:forest,water,minecraft:overworld:step.16:city.city_jingchao_capital:p.1,True
-3264,5344,59.0,1.0,2.0,True,minecraft:forest,water,minecraft:overworld:step.16:city.city_jingchao_capital:p.1,True
-3248,5344,60.0,1.0,3.0,True,minecraft:forest,water,minecraft:overworld:step.16:city.city_jingchao_capital:p.1,True
-3232,5344,60.0,1.0,2.0,True,minecraft:forest,water,minecraft:overworld:step.16:city.city_jingchao_capital:p.1,True
-3216,5344,60.0,1.0,2.0,True,minecraft:forest,water,minecraft:overworld:step.16:city.city_jingchao_capital:p.1,True
-3200,5344,60.0,1.0,2.0,True,minecraft:forest,water,minecraft:overworld:step.16:city.city_jingchao_capital:p.1,True
-3184,5344,60.0,1.0,2.0,True,minecraft:forest,water,minecraft:overworld:step.16:city.city_jingchao_capital:p.1,True
-3168,5344,61.0,1.0,2.0,True,minecraft:forest,water,minecraft:overworld:step.16:city.city_jingchao_capital:p.1,True
-3152,5344,61.0,1.0,3.0,True,minecraft:forest,water,minecraft:overworld:step.16:city.city_jingchao_capital:p.1,True
-3136,5344,61.0,2.0,3.0,True,minecraft:forest,water,minecraft:overworld:step.16:city.city_jingchao_capital:p.1,True
-3120,5344,62.0,2.0,3.0,False,minecraft:forest,shore,minecraft:overworld:step.16:city.city_jingchao_capital:p.2,True
-3104,5344,61.0,2.0,3.0,True,minecraft:forest,water,minecraft:overworld:step.16:city.city_jingchao_capital:p.1,True
-3088,5344,60.0,2.0,3.0,True,minecraft:birch_forest,water,minecraft:overworld:step.16:city.city_jingchao_capital:p.1,True
-3072,5344,62.0,2.0,4.0,False,minecraft:birch_forest,shore,minecraft:overworld:step.16:city.city_jingchao_capital:p.2,True
-3056,5344,62.0,1.0,5.0,False,minecraft:birch_forest,shore,minecraft:overworld:step.16:city.city_jingchao_capital:p.2,True
-3040,5344,63.0,1.0,3.0,False,minecraft:birch_forest,shore,minecraft:overworld:step.16:city.city_jingchao_capital:p.2,True
-3024,5344,63.0,1.0,3.0,False,minecraft:birch_forest,plain,minecraft:overworld:step.16:city.city_jingchao_capital:p.100,True
-3008,5344,63.0,2.0,3.0,False,minecraft:birch_forest,plain,minecraft:overworld:step.16:city.city_jingchao_capital:p.100,True
-2992,5344,64.0,1.0,3.0,False,minecraft:birch_forest,plain,minecraft:overworld:step.16:city.city_jingchao_capital:p.100,True
-2976,5344,64.0,2.0,3.0,False,minecraft:birch_forest,plain,minecraft:overworld:step.16:city.city_jingchao_capital:p.100,True
-2960,5344,65.0,1.0,2.0,False,minecraft:birch_forest,plain,minecraft:overworld:step.16:city.city_jingchao_capital:p.100,True
-2944,5344,65.0,1.0,2.0,False,minecraft:birch_forest,plain,minecraft:overworld:step.16:city.city_jingchao_capital:p.100,True
-2928,5344,66.0,1.0,1.0,False,minecraft:birch_forest,plain,minecraft:overworld:step.16:city.city_jingchao_capital:p.100,True
-2912,5344,66.0,1.0,1.0,False,minecraft:birch_forest,plain,minecraft:overworld:step.16:city.city_jingchao_capital:p.100,True
-2896,5344,66.0,1.0,1.0,False,minecraft:birch_forest,plain,minecraft:overworld:step.16:city.city_jingchao_capital:p.100,True
-2880,5344,66.0,1.0,2.0,False,minecraft:birch_forest,plain,minecraft:overworld:step.16:city.city_jingchao_capital:p.100,True
-2864,5344,65.0,1.0,2.0,False,minecraft:birch_forest,plain,minecraft:overworld:step.16:city.city_jingchao_capital:p.100,True
-2848,5344,65.0,1.0,2.0,False,minecraft:birch_forest,plain,minecraft:overworld:step.16:city.city_jingchao_capital:p.100,True
-2832,5344,65.0,0.0,2.0,False,minecraft:birch_forest,plain,minecraft:overworld:step.16:city.city_jingchao_capital:p.100,True
-2816,5344,65.0,1.0,2.0,False,minecraft:birch_forest,plain,minecraft:overworld:step.16:city.city_jingchao_capital:p.100,True
-2800,5344,64.0,1.0,2.0,False,minecraft:birch_forest,plain,minecraft:overworld:step.16:city.city_jingchao_capital:p.100,True
-2784,5344,64.0,1.0,3.0,False,minecraft:forest,plain,minecraft:overworld:step.16:city.city_jingchao_capital:p.100,True
-2768,5344,63.0,1.0,3.0,False,minecraft:forest,plain,minecraft:overworld:step.16:city.city_jingchao_capital:p.100,True
-2752,5344,63.0,1.0,3.0,False,minecraft:forest,plain,minecraft:overworld:step.16:city.city_jingchao_capital:p.100,True
-2736,5344,63.0,1.0,3.0,False,minecraft:forest,shore,minecraft:overworld:step.16:city.city_jingchao_capital:p.2,True
-2720,5344,62.0,1.0,2.0,False,minecraft:forest,shore,minecraft:overworld:step.16:city.city_jingchao_capital:p.2,True
-2704,5344,62.0,1.0,2.0,False,minecraft:forest,shore,minecraft:overworld:step.16:city.city_jingchao_capital:p.2,True
-2688,5344,61.0,1.0,2.0,True,minecraft:forest,water,minecraft:overworld:step.16:city.city_jingchao_capital:p.1,True
-2672,5344,61.0,1.0,1.0,True,minecraft:forest,water,minecraft:overworld:step.16:city.city_jingchao_capital:p.1,True
-2656,5344,61.0,0.0,1.0,True,minecraft:forest,water,minecraft:overworld:step.16:city.city_jingchao_capital:p.1,True
-2640,5344,61.0,0.0,1.0,True,minecraft:forest,water,minecraft:overworld:step.16:city.city_jingchao_capital:p.1,True
-2624,5344,61.0,0.0,1.0,True,minecraft:forest,water,minecraft:overworld:step.16:city.city_jingchao_capital:p.1,True
-2608,5344,61.0,0.0,2.0,True,minecraft:forest,water,minecraft:overworld:step.16:city.city_jingchao_capital:p.1,True
-2592,5344,61.0,1.0,1.0,True,minecraft:forest,water,minecraft:overworld:step.16:city.city_jingchao_capital:p.1,True
-2576,5344,61.0,1.0,1.0,True,minecraft:forest,water,minecraft:overworld:step.16:city.city_jingchao_capital:p.1,True
-2560,5344,60.0,1.0,1.0,True,minecraft:forest,water,minecraft:overworld:step.16:city.city_jingchao_capital:p.1,True
-2544,5344,60.0,0.0,1.0,True,minecraft:forest,water,minecraft:overworld:step.16:city.city_jingchao_capital:p.1,True
-2528,5344,60.0,0.0,1.0,True,minecraft:forest,water,minecraft:overworld:step.16:city.city_jingchao_capital:p.1,True
-2512,5344,60.0,0.0,0.0,True,minecraft:ocean,water,minecraft:overworld:step.16:city.city_jingchao_capital:p.1,True
-2496,5344,60.0,0.0,0.0,True,minecraft:ocean,water,minecraft:overworld:step.16:city.city_jingchao_capital:p.1,True
-2480,5344,60.0,0.0,1.0,True,minecraft:ocean,water,minecraft:overworld:step.16:city.city_jingchao_capital:p.1,True
-2464,5344,60.0,0.0,1.0,True,minecraft:ocean,water,minecraft:overworld:step.16:city.city_jingchao_capital:p.1,True
-2448,5344,60.0,1.0,1.0,True,minecraft:ocean,water,minecraft:overworld:step.16:city.city_jingchao_capital:p.1,True
-2432,5344,61.0,1.0,1.0,True,minecraft:ocean,water,minecraft:overworld:step.16:city.city_jingchao_capital:p.1,True
-3440,5360,57.0,1.0,2.0,True,minecraft:forest,water,minecraft:overworld:step.16:city.city_jingchao_capital:p.1,True
-3424,5360,57.0,1.0,3.0,True,minecraft:forest,water,minecraft:overworld:step.16:city.city_jingchao_capital:p.1,True
-3408,5360,57.0,1.0,3.0,True,minecraft:forest,water,minecraft:overworld:step.16:city.city_jingchao_capital:p.1,True
-3392,5360,57.0,2.0,4.0,True,minecraft:forest,water,minecraft:overworld:step.16:city.city_jingchao_capital:p.1,True
-3376,5360,58.0,1.0,5.0,True,minecraft:forest,water,minecraft:overworld:step.16:city.city_jingchao_capital:p.1,True
-3360,5360,58.0,2.0,5.0,True,minecraft:forest,water,minecraft:overworld:step.16:city.city_jingchao_capital:p.1,True
-3344,5360,59.0,2.0,5.0,True,minecraft:forest,water,minecraft:overworld:step.16:city.city_jingchao_capital:p.1,True
-3328,5360,60.0,1.0,5.0,True,minecraft:forest,water,minecraft:overworld:step.16:city.city_jingchao_capital:p.1,True
-3312,5360,61.0,3.0,5.0,True,minecraft:forest,water,minecraft:overworld:step.16:city.city_jingchao_capital:p.1,True
-3296,5360,58.0,3.0,5.0,True,minecraft:forest,water,minecraft:overworld:step.16:city.city_jingchao_capital:p.1,True
-3280,5360,59.0,1.0,5.0,True,minecraft:forest,water,minecraft:overworld:step.16:city.city_jingchao_capital:p.1,True
-3264,5360,59.0,1.0,3.0,True,minecraft:forest,water,minecraft:overworld:step.16:city.city_jingchao_capital:p.1,True
-3248,5360,59.0,1.0,3.0,True,minecraft:forest,water,minecraft:overworld:step.16:city.city_jingchao_capital:p.1,True
-3232,5360,59.0,1.0,3.0,True,minecraft:forest,water,minecraft:overworld:step.16:city.city_jingchao_capital:p.1,True
-3216,5360,60.0,1.0,3.0,True,minecraft:forest,water,minecraft:overworld:step.16:city.city_jingchao_capital:p.1,True
-3200,5360,60.0,1.0,2.0,True,minecraft:forest,water,minecraft:overworld:step.16:city.city_jingchao_capital:p.1,True
-3184,5360,61.0,1.0,2.0,True,minecraft:forest,water,minecraft:overworld:step.16:city.city_jingchao_capital:p.1,True
-3168,5360,61.0,1.0,2.0,True,minecraft:forest,water,minecraft:overworld:step.16:city.city_jingchao_capital:p.1,True
-3152,5360,61.0,1.0,4.0,True,minecraft:forest,water,minecraft:overworld:step.16:city.city_jingchao_capital:p.1,True
-3136,5360,61.0,1.0,4.0,True,minecraft:forest,water,minecraft:overworld:step.16:city.city_jingchao_capital:p.1,True
-3120,5360,61.0,1.0,4.0,True,minecraft:forest,water,minecraft:overworld:step.16:city.city_jingchao_capital:p.1,True
-3104,5360,60.0,2.0,5.0,True,minecraft:forest,water,minecraft:overworld:step.16:city.city_jingchao_capital:p.1,True
-3088,5360,60.0,3.0,5.0,True,minecraft:birch_forest,water,minecraft:overworld:step.16:city.city_jingchao_capital:p.1,True
-3072,5360,62.0,2.0,4.0,False,minecraft:birch_forest,shore,minecraft:overworld:step.16:city.city_jingchao_capital:p.2,True
-3056,5360,63.0,1.0,4.0,False,minecraft:birch_forest,shore,minecraft:overworld:step.16:city.city_jingchao_capital:p.2,True
-3040,5360,63.0,1.0,2.0,False,minecraft:birch_forest,shore,minecraft:overworld:step.16:city.city_jingchao_capital:p.2,True
-3024,5360,64.0,1.0,3.0,False,minecraft:birch_forest,plain,minecraft:overworld:step.16:city.city_jingchao_capital:p.100,True
-3008,5360,64.0,1.0,2.0,False,minecraft:birch_forest,plain,minecraft:overworld:step.16:city.city_jingchao_capital:p.100,True
-2992,5360,64.0,1.0,3.0,False,minecraft:birch_forest,plain,minecraft:overworld:step.16:city.city_jingchao_capital:p.100,True
-2976,5360,64.0,1.0,3.0,False,minecraft:birch_forest,plain,minecraft:overworld:step.16:city.city_jingchao_capital:p.100,True
-2960,5360,65.0,1.0,2.0,False,minecraft:birch_forest,plain,minecraft:overworld:step.16:city.city_jingchao_capital:p.100,True
-2944,5360,65.0,1.0,2.0,False,minecraft:birch_forest,plain,minecraft:overworld:step.16:city.city_jingchao_capital:p.100,True
-2928,5360,65.0,1.0,2.0,False,minecraft:birch_forest,plain,minecraft:overworld:step.16:city.city_jingchao_capital:p.100,True
-2912,5360,65.0,1.0,2.0,False,minecraft:birch_forest,plain,minecraft:overworld:step.16:city.city_jingchao_capital:p.100,True
-2896,5360,66.0,1.0,2.0,False,minecraft:birch_forest,plain,minecraft:overworld:step.16:city.city_jingchao_capital:p.100,True
-2880,5360,65.0,1.0,2.0,False,minecraft:birch_forest,plain,minecraft:overworld:step.16:city.city_jingchao_capital:p.100,True
-2864,5360,65.0,1.0,2.0,False,minecraft:birch_forest,plain,minecraft:overworld:step.16:city.city_jingchao_capital:p.100,True
-2848,5360,65.0,1.0,2.0,False,minecraft:birch_forest,plain,minecraft:overworld:step.16:city.city_jingchao_capital:p.100,True
-2832,5360,65.0,1.0,3.0,False,minecraft:birch_forest,plain,minecraft:overworld:step.16:city.city_jingchao_capital:p.100,True
-2816,5360,65.0,1.0,2.0,False,minecraft:birch_forest,plain,minecraft:overworld:step.16:city.city_jingchao_capital:p.100,True
-2800,5360,64.0,1.0,2.0,False,minecraft:birch_forest,plain,minecraft:overworld:step.16:city.city_jingchao_capital:p.100,True
-2784,5360,64.0,1.0,3.0,False,minecraft:forest,plain,minecraft:overworld:step.16:city.city_jingchao_capital:p.100,True
-2768,5360,63.0,1.0,2.0,False,minecraft:forest,plain,minecraft:overworld:step.16:city.city_jingchao_capital:p.100,True
-2752,5360,62.0,1.0,2.0,False,minecraft:forest,shore,minecraft:overworld:step.16:city.city_jingchao_capital:p.2,True
-2736,5360,62.0,1.0,2.0,False,minecraft:forest,shore,minecraft:overworld:step.16:city.city_jingchao_capital:p.2,True
-2720,5360,62.0,1.0,2.0,False,minecraft:forest,shore,minecraft:overworld:step.16:city.city_jingchao_capital:p.2,True
-2704,5360,61.0,1.0,2.0,True,minecraft:forest,water,minecraft:overworld:step.16:city.city_jingchao_capital:p.1,True
-2688,5360,61.0,1.0,2.0,True,minecraft:forest,water,minecraft:overworld:step.16:city.city_jingchao_capital:p.1,True
-2672,5360,61.0,0.0,1.0,True,minecraft:forest,water,minecraft:overworld:step.16:city.city_jingchao_capital:p.1,True
-2656,5360,61.0,0.0,1.0,True,minecraft:forest,water,minecraft:overworld:step.16:city.city_jingchao_capital:p.1,True
-2640,5360,61.0,0.0,0.0,True,minecraft:forest,water,minecraft:overworld:step.16:city.city_jingchao_capital:p.1,True
-2624,5360,61.0,0.0,0.0,True,minecraft:forest,water,minecraft:overworld:step.16:city.city_jingchao_capital:p.1,True
-2608,5360,61.0,0.0,1.0,True,minecraft:forest,water,minecraft:overworld:step.16:city.city_jingchao_capital:p.1,True
-2592,5360,61.0,0.0,1.0,True,minecraft:forest,water,minecraft:overworld:step.16:city.city_jingchao_capital:p.1,True
-2576,5360,61.0,1.0,1.0,True,minecraft:forest,water,minecraft:overworld:step.16:city.city_jingchao_capital:p.1,True
-2560,5360,60.0,1.0,1.0,True,minecraft:forest,water,minecraft:overworld:step.16:city.city_jingchao_capital:p.1,True
-2544,5360,60.0,0.0,1.0,True,minecraft:forest,water,minecraft:overworld:step.16:city.city_jingchao_capital:p.1,True
-2528,5360,60.0,0.0,1.0,True,minecraft:forest,water,minecraft:overworld:step.16:city.city_jingchao_capital:p.1,True
-2512,5360,60.0,0.0,1.0,True,minecraft:ocean,water,minecraft:overworld:step.16:city.city_jingchao_capital:p.1,True
-2496,5360,60.0,0.0,1.0,True,minecraft:ocean,water,minecraft:overworld:step.16:city.city_jingchao_capital:p.1,True
-2480,5360,60.0,0.0,1.0,True,minecraft:ocean,water,minecraft:overworld:step.16:city.city_jingchao_capital:p.1,True
-2464,5360,60.0,0.0,2.0,True,minecraft:ocean,water,minecraft:overworld:step.16:city.city_jingchao_capital:p.1,True
-2448,5360,60.0,1.0,1.0,True,minecraft:ocean,water,minecraft:overworld:step.16:city.city_jingchao_capital:p.1,True
-2432,5360,60.0,1.0,1.0,True,minecraft:ocean,water,minecraft:overworld:step.16:city.city_jingchao_capital:p.1,True
-3440,5376,57.0,1.0,3.0,True,minecraft:forest,water,minecraft:overworld:step.16:city.city_jingchao_capital:p.1,True
-3424,5376,57.0,1.0,3.0,True,minecraft:forest,water,minecraft:overworld:step.16:city.city_jingchao_capital:p.1,True
-3408,5376,57.0,1.0,4.0,True,minecraft:forest,water,minecraft:overworld:step.16:city.city_jingchao_capital:p.1,True
-3392,5376,57.0,1.0,3.0,True,minecraft:forest,water,minecraft:overworld:step.16:city.city_jingchao_capital:p.1,True
-3376,5376,57.0,1.0,4.0,True,minecraft:forest,water,minecraft:overworld:step.16:city.city_jingchao_capital:p.1,True
-3360,5376,58.0,1.0,5.0,True,minecraft:forest,water,minecraft:overworld:step.16:city.city_jingchao_capital:p.1,True
-3344,5376,59.0,2.0,5.0,True,minecraft:forest,water,minecraft:overworld:step.16:city.city_jingchao_capital:p.1,True
-3328,5376,59.0,2.0,4.0,True,minecraft:forest,water,minecraft:overworld:step.16:city.city_jingchao_capital:p.1,True
-3312,5376,59.0,2.0,4.0,True,minecraft:forest,water,minecraft:overworld:step.16:city.city_jingchao_capital:p.1,True
-3296,5376,58.0,3.0,4.0,True,minecraft:forest,water,minecraft:overworld:step.16:city.city_jingchao_capital:p.1,True
-3280,5376,58.0,1.0,4.0,True,minecraft:forest,water,minecraft:overworld:step.16:city.city_jingchao_capital:p.1,True
-3264,5376,59.0,1.0,3.0,True,minecraft:forest,water,minecraft:overworld:step.16:city.city_jingchao_capital:p.1,True
-3248,5376,59.0,1.0,3.0,True,minecraft:forest,water,minecraft:overworld:step.16:city.city_jingchao_capital:p.1,True
-3232,5376,59.0,1.0,2.0,True,minecraft:forest,water,minecraft:overworld:step.16:city.city_jingchao_capital:p.1,True
-3216,5376,59.0,1.0,3.0,True,minecraft:forest,water,minecraft:overworld:step.16:city.city_jingchao_capital:p.1,True
-3200,5376,60.0,1.0,2.0,True,minecraft:forest,water,minecraft:overworld:step.16:city.city_jingchao_capital:p.1,True
-3184,5376,61.0,1.0,2.0,True,minecraft:forest,water,minecraft:overworld:step.16:city.city_jingchao_capital:p.1,True
-3168,5376,61.0,1.0,1.0,True,minecraft:forest,water,minecraft:overworld:step.16:city.city_jingchao_capital:p.1,True
-3152,5376,60.0,1.0,3.0,True,minecraft:forest,water,minecraft:overworld:step.16:city.city_jingchao_capital:p.1,True
-3136,5376,60.0,1.0,3.0,True,minecraft:forest,water,minecraft:overworld:step.16:city.city_jingchao_capital:p.1,True
-3120,5376,60.0,1.0,4.0,True,minecraft:forest,water,minecraft:overworld:step.16:city.city_jingchao_capital:p.1,True
-3104,5376,60.0,3.0,5.0,True,minecraft:forest,water,minecraft:overworld:step.16:city.city_jingchao_capital:p.1,True
-3088,5376,62.0,2.0,5.0,False,minecraft:forest,shore,minecraft:overworld:step.16:city.city_jingchao_capital:p.2,True
-3072,5376,63.0,3.0,4.0,False,minecraft:birch_forest,shore,minecraft:overworld:step.16:city.city_jingchao_capital:p.2,True
-3056,5376,63.0,1.0,4.0,False,minecraft:birch_forest,shore,minecraft:overworld:step.16:city.city_jingchao_capital:p.2,True
-3040,5376,64.0,1.0,2.0,False,minecraft:birch_forest,plain,minecraft:overworld:step.16:city.city_jingchao_capital:p.100,True
-3024,5376,64.0,1.0,2.0,False,minecraft:birch_forest,plain,minecraft:overworld:step.16:city.city_jingchao_capital:p.100,True
-3008,5376,64.0,0.0,1.0,False,minecraft:birch_forest,plain,minecraft:overworld:step.16:city.city_jingchao_capital:p.100,True
-2992,5376,64.0,0.0,2.0,False,minecraft:birch_forest,plain,minecraft:overworld:step.16:city.city_jingchao_capital:p.100,True
-2976,5376,64.0,1.0,2.0,False,minecraft:birch_forest,plain,minecraft:overworld:step.16:city.city_jingchao_capital:p.100,True
-2960,5376,65.0,1.0,2.0,False,minecraft:birch_forest,plain,minecraft:overworld:step.16:city.city_jingchao_capital:p.100,True
-2944,5376,65.0,0.0,2.0,False,minecraft:birch_forest,plain,minecraft:overworld:step.16:city.city_jingchao_capital:p.100,True
-2928,5376,65.0,1.0,2.0,False,minecraft:birch_forest,plain,minecraft:overworld:step.16:city.city_jingchao_capital:p.100,True
-2912,5376,65.0,1.0,2.0,False,minecraft:birch_forest,plain,minecraft:overworld:step.16:city.city_jingchao_capital:p.100,True
-2896,5376,65.0,1.0,2.0,False,minecraft:birch_forest,plain,minecraft:overworld:step.16:city.city_jingchao_capital:p.100,True
-2880,5376,65.0,1.0,3.0,False,minecraft:birch_forest,plain,minecraft:overworld:step.16:city.city_jingchao_capital:p.100,True
-2864,5376,65.0,1.0,3.0,False,minecraft:birch_forest,plain,minecraft:overworld:step.16:city.city_jingchao_capital:p.100,True
-2848,5376,64.0,1.0,3.0,False,minecraft:birch_forest,plain,minecraft:overworld:step.16:city.city_jingchao_capital:p.100,True
-2832,5376,64.0,1.0,2.0,False,minecraft:birch_forest,plain,minecraft:overworld:step.16:city.city_jingchao_capital:p.100,True
-2816,5376,64.0,1.0,2.0,False,minecraft:birch_forest,plain,minecraft:overworld:step.16:city.city_jingchao_capital:p.100,True
-2800,5376,64.0,1.0,3.0,False,minecraft:birch_forest,plain,minecraft:overworld:step.16:city.city_jingchao_capital:p.100,True
-2784,5376,63.0,1.0,3.0,False,minecraft:birch_forest,plain,minecraft:overworld:step.16:city.city_jingchao_capital:p.100,True
-2768,5376,63.0,1.0,2.0,False,minecraft:forest,plain,minecraft:overworld:step.16:city.city_jingchao_capital:p.100,True
-2752,5376,62.0,1.0,3.0,False,minecraft:forest,shore,minecraft:overworld:step.16:city.city_jingchao_capital:p.2,True
-2736,5376,62.0,0.0,2.0,False,minecraft:forest,shore,minecraft:overworld:step.16:city.city_jingchao_capital:p.2,True
-2720,5376,62.0,1.0,2.0,False,minecraft:forest,shore,minecraft:overworld:step.16:city.city_jingchao_capital:p.2,True
-2704,5376,61.0,1.0,2.0,True,minecraft:forest,water,minecraft:overworld:step.16:city.city_jingchao_capital:p.1,True
-2688,5376,61.0,0.0,1.0,True,minecraft:forest,water,minecraft:overworld:step.16:city.city_jingchao_capital:p.1,True
-2672,5376,61.0,0.0,1.0,True,minecraft:forest,water,minecraft:overworld:step.16:city.city_jingchao_capital:p.1,True
-2656,5376,61.0,0.0,1.0,True,minecraft:forest,water,minecraft:overworld:step.16:city.city_jingchao_capital:p.1,True
-2640,5376,61.0,0.0,1.0,True,minecraft:forest,water,minecraft:overworld:step.16:city.city_jingchao_capital:p.1,True
-2624,5376,61.0,0.0,1.0,True,minecraft:forest,water,minecraft:overworld:step.16:city.city_jingchao_capital:p.1,True
-2608,5376,61.0,0.0,1.0,True,minecraft:forest,water,minecraft:overworld:step.16:city.city_jingchao_capital:p.1,True
-2592,5376,61.0,0.0,2.0,True,minecraft:forest,water,minecraft:overworld:step.16:city.city_jingchao_capital:p.1,True
-2576,5376,61.0,1.0,2.0,True,minecraft:forest,water,minecraft:overworld:step.16:city.city_jingchao_capital:p.1,True
-2560,5376,60.0,1.0,1.0,True,minecraft:forest,water,minecraft:overworld:step.16:city.city_jingchao_capital:p.1,True
-2544,5376,60.0,0.0,1.0,True,minecraft:forest,water,minecraft:overworld:step.16:city.city_jingchao_capital:p.1,True
-2528,5376,60.0,0.0,2.0,True,minecraft:forest,water,minecraft:overworld:step.16:city.city_jingchao_capital:p.1,True
-2512,5376,60.0,1.0,1.0,True,minecraft:forest,water,minecraft:overworld:step.16:city.city_jingchao_capital:p.1,True
-2496,5376,60.0,1.0,1.0,True,minecraft:ocean,water,minecraft:overworld:step.16:city.city_jingchao_capital:p.1,True
-2480,5376,60.0,1.0,1.0,True,minecraft:ocean,water,minecraft:overworld:step.16:city.city_jingchao_capital:p.1,True
-2464,5376,60.0,0.0,2.0,True,minecraft:ocean,water,minecraft:overworld:step.16:city.city_jingchao_capital:p.1,True
-2448,5376,60.0,0.0,2.0,True,minecraft:ocean,water,minecraft:overworld:step.16:city.city_jingchao_capital:p.1,True
-2432,5376,60.0,1.0,2.0,True,minecraft:ocean,water,minecraft:overworld:step.16:city.city_jingchao_capital:p.1,True
-3440,5392,56.0,1.0,2.0,True,minecraft:forest,water,minecraft:overworld:step.16:city.city_jingchao_capital:p.1,True
-3424,5392,56.0,1.0,2.0,True,minecraft:forest,water,minecraft:overworld:step.16:city.city_jingchao_capital:p.1,True
-3408,5392,56.0,1.0,3.0,True,minecraft:forest,water,minecraft:overworld:step.16:city.city_jingchao_capital:p.1,True
-3392,5392,57.0,1.0,3.0,True,minecraft:forest,water,minecraft:overworld:step.16:city.city_jingchao_capital:p.1,True
-3376,5392,57.0,1.0,3.0,True,minecraft:forest,water,minecraft:overworld:step.16:city.city_jingchao_capital:p.1,True
-3360,5392,57.0,2.0,4.0,True,minecraft:forest,water,minecraft:overworld:step.16:city.city_jingchao_capital:p.1,True
-3344,5392,58.0,1.0,5.0,True,minecraft:forest,water,minecraft:overworld:step.16:city.city_jingchao_capital:p.1,True
-3328,5392,58.0,1.0,4.0,True,minecraft:forest,water,minecraft:overworld:step.16:city.city_jingchao_capital:p.1,True
-3312,5392,59.0,2.0,4.0,True,minecraft:forest,water,minecraft:overworld:step.16:city.city_jingchao_capital:p.1,True
-3296,5392,57.0,2.0,4.0,True,minecraft:forest,water,minecraft:overworld:step.16:city.city_jingchao_capital:p.1,True
-3280,5392,58.0,1.0,4.0,True,minecraft:forest,water,minecraft:overworld:step.16:city.city_jingchao_capital:p.1,True
-3264,5392,58.0,1.0,2.0,True,minecraft:forest,water,minecraft:overworld:step.16:city.city_jingchao_capital:p.1,True
-3248,5392,58.0,1.0,3.0,True,minecraft:forest,water,minecraft:overworld:step.16:city.city_jingchao_capital:p.1,True
-3232,5392,59.0,1.0,2.0,True,minecraft:forest,water,minecraft:overworld:step.16:city.city_jingchao_capital:p.1,True
-3216,5392,59.0,1.0,3.0,True,minecraft:forest,water,minecraft:overworld:step.16:city.city_jingchao_capital:p.1,True
-3200,5392,60.0,1.0,2.0,True,minecraft:forest,water,minecraft:overworld:step.16:city.city_jingchao_capital:p.1,True
-3184,5392,61.0,1.0,2.0,True,minecraft:forest,water,minecraft:overworld:step.16:city.city_jingchao_capital:p.1,True
-3168,5392,61.0,1.0,1.0,True,minecraft:forest,water,minecraft:overworld:step.16:city.city_jingchao_capital:p.1,True
-3152,5392,60.0,1.0,3.0,True,minecraft:forest,water,minecraft:overworld:step.16:city.city_jingchao_capital:p.1,True
-3136,5392,60.0,1.0,4.0,True,minecraft:forest,water,minecraft:overworld:step.16:city.city_jingchao_capital:p.1,True
-3120,5392,59.0,3.0,5.0,True,minecraft:forest,water,minecraft:overworld:step.16:city.city_jingchao_capital:p.1,True
-3104,5392,61.0,2.0,5.0,True,minecraft:forest,water,minecraft:overworld:step.16:city.city_jingchao_capital:p.1,True
-3088,5392,63.0,3.0,5.0,False,minecraft:forest,shore,minecraft:overworld:step.16:city.city_jingchao_capital:p.2,True
-3072,5392,64.0,2.0,4.0,False,minecraft:birch_forest,shore,minecraft:overworld:step.16:city.city_jingchao_capital:p.2,True
-3056,5392,63.0,1.0,4.0,False,minecraft:birch_forest,shore,minecraft:overworld:step.16:city.city_jingchao_capital:p.2,True
-3040,5392,64.0,1.0,2.0,False,minecraft:birch_forest,plain,minecraft:overworld:step.16:city.city_jingchao_capital:p.100,True
-3024,5392,64.0,0.0,1.0,False,minecraft:birch_forest,plain,minecraft:overworld:step.16:city.city_jingchao_capital:p.100,True
-3008,5392,64.0,0.0,1.0,False,minecraft:birch_forest,plain,minecraft:overworld:step.16:city.city_jingchao_capital:p.100,True
-2992,5392,64.0,0.0,2.0,False,minecraft:birch_forest,plain,minecraft:overworld:step.16:city.city_jingchao_capital:p.100,True
-2976,5392,64.0,1.0,2.0,False,minecraft:birch_forest,plain,minecraft:overworld:step.16:city.city_jingchao_capital:p.100,True
-2960,5392,65.0,1.0,2.0,False,minecraft:birch_forest,plain,minecraft:overworld:step.16:city.city_jingchao_capital:p.100,True
-2944,5392,65.0,0.0,2.0,False,minecraft:birch_forest,plain,minecraft:overworld:step.16:city.city_jingchao_capital:p.100,True
-2928,5392,65.0,1.0,2.0,False,minecraft:birch_forest,plain,minecraft:overworld:step.16:city.city_jingchao_capital:p.100,True
-2912,5392,64.0,1.0,2.0,False,minecraft:birch_forest,plain,minecraft:overworld:step.16:city.city_jingchao_capital:p.100,True
-2896,5392,65.0,1.0,2.0,False,minecraft:birch_forest,plain,minecraft:overworld:step.16:city.city_jingchao_capital:p.100,True
-2880,5392,65.0,1.0,3.0,False,minecraft:birch_forest,plain,minecraft:overworld:step.16:city.city_jingchao_capital:p.100,True
-2864,5392,64.0,1.0,3.0,False,minecraft:birch_forest,plain,minecraft:overworld:step.16:city.city_jingchao_capital:p.100,True
-2848,5392,64.0,1.0,2.0,False,minecraft:birch_forest,plain,minecraft:overworld:step.16:city.city_jingchao_capital:p.100,True
-2832,5392,64.0,1.0,2.0,False,minecraft:birch_forest,plain,minecraft:overworld:step.16:city.city_jingchao_capital:p.100,True
-2816,5392,64.0,1.0,2.0,False,minecraft:birch_forest,plain,minecraft:overworld:step.16:city.city_jingchao_capital:p.100,True
-2800,5392,63.0,1.0,3.0,False,minecraft:birch_forest,plain,minecraft:overworld:step.16:city.city_jingchao_capital:p.100,True
-2784,5392,63.0,1.0,4.0,False,minecraft:birch_forest,plain,minecraft:overworld:step.16:city.city_jingchao_capital:p.100,True
-2768,5392,63.0,1.0,3.0,False,minecraft:birch_forest,shore,minecraft:overworld:step.16:city.city_jingchao_capital:p.2,True
-2752,5392,62.0,1.0,3.0,False,minecraft:forest,shore,minecraft:overworld:step.16:city.city_jingchao_capital:p.2,True
-2736,5392,62.0,1.0,2.0,False,minecraft:forest,shore,minecraft:overworld:step.16:city.city_jingchao_capital:p.2,True
-2720,5392,62.0,1.0,1.0,False,minecraft:forest,shore,minecraft:overworld:step.16:city.city_jingchao_capital:p.2,True
-2704,5392,61.0,1.0,1.0,True,minecraft:forest,water,minecraft:overworld:step.16:city.city_jingchao_capital:p.1,True
-2688,5392,61.0,0.0,1.0,True,minecraft:forest,water,minecraft:overworld:step.16:city.city_jingchao_capital:p.1,True
-2672,5392,61.0,0.0,1.0,True,minecraft:forest,water,minecraft:overworld:step.16:city.city_jingchao_capital:p.1,True
-2656,5392,61.0,0.0,1.0,True,minecraft:forest,water,minecraft:overworld:step.16:city.city_jingchao_capital:p.1,True
-2640,5392,61.0,1.0,1.0,True,minecraft:forest,water,minecraft:overworld:step.16:city.city_jingchao_capital:p.1,True
-2624,5392,61.0,1.0,1.0,True,minecraft:forest,water,minecraft:overworld:step.16:city.city_jingchao_capital:p.1,True
-2608,5392,61.0,1.0,1.0,True,minecraft:forest,water,minecraft:overworld:step.16:city.city_jingchao_capital:p.1,True
-2592,5392,61.0,1.0,2.0,True,minecraft:forest,water,minecraft:overworld:step.16:city.city_jingchao_capital:p.1,True
-2576,5392,61.0,1.0,2.0,True,minecraft:forest,water,minecraft:overworld:step.16:city.city_jingchao_capital:p.1,True
-2560,5392,60.0,1.0,2.0,True,minecraft:forest,water,minecraft:overworld:step.16:city.city_jingchao_capital:p.1,True
-2544,5392,60.0,1.0,1.0,True,minecraft:forest,water,minecraft:overworld:step.16:city.city_jingchao_capital:p.1,True
-2528,5392,60.0,0.0,2.0,True,minecraft:forest,water,minecraft:overworld:step.16:city.city_jingchao_capital:p.1,True
-2512,5392,60.0,1.0,2.0,True,minecraft:forest,water,minecraft:overworld:step.16:city.city_jingchao_capital:p.1,True
-2496,5392,59.0,1.0,1.0,True,minecraft:forest,water,minecraft:overworld:step.16:city.city_jingchao_capital:p.1,True
-2480,5392,60.0,1.0,1.0,True,minecraft:ocean,water,minecraft:overworld:step.16:city.city_jingchao_capital:p.1,True
-2464,5392,60.0,1.0,1.0,True,minecraft:ocean,water,minecraft:overworld:step.16:city.city_jingchao_capital:p.1,True
-2448,5392,60.0,1.0,2.0,True,minecraft:ocean,water,minecraft:overworld:step.16:city.city_jingchao_capital:p.1,True
-2432,5392,60.0,1.0,2.0,True,minecraft:ocean,water,minecraft:overworld:step.16:city.city_jingchao_capital:p.1,True
-3440,5408,55.0,1.0,2.0,True,minecraft:forest,water,minecraft:overworld:step.16:city.city_jingchao_capital:p.1,True
-3424,5408,56.0,1.0,2.0,True,minecraft:forest,water,minecraft:overworld:step.16:city.city_jingchao_capital:p.1,True
-3408,5408,56.0,1.0,2.0,True,minecraft:forest,water,minecraft:overworld:step.16:city.city_jingchao_capital:p.1,True
-3392,5408,56.0,1.0,3.0,True,minecraft:forest,water,minecraft:overworld:step.16:city.city_jingchao_capital:p.1,True
-3376,5408,56.0,1.0,3.0,True,minecraft:forest,water,minecraft:overworld:step.16:city.city_jingchao_capital:p.1,True
-3360,5408,57.0,1.0,3.0,True,minecraft:forest,water,minecraft:overworld:step.16:city.city_jingchao_capital:p.1,True
-3344,5408,58.0,1.0,3.0,True,minecraft:forest,water,minecraft:overworld:step.16:city.city_jingchao_capital:p.1,True
-3328,5408,58.0,1.0,2.0,True,minecraft:forest,water,minecraft:overworld:step.16:city.city_jingchao_capital:p.1,True
-3312,5408,58.0,1.0,2.0,True,minecraft:forest,water,minecraft:overworld:step.16:city.city_jingchao_capital:p.1,True
-3296,5408,57.0,2.0,2.0,True,minecraft:forest,water,minecraft:overworld:step.16:city.city_jingchao_capital:p.1,True
-3280,5408,57.0,1.0,2.0,True,minecraft:forest,water,minecraft:overworld:step.16:city.city_jingchao_capital:p.1,True
-3264,5408,58.0,1.0,2.0,True,minecraft:forest,water,minecraft:overworld:step.16:city.city_jingchao_capital:p.1,True
-3248,5408,58.0,1.0,3.0,True,minecraft:forest,water,minecraft:overworld:step.16:city.city_jingchao_capital:p.1,True
-3232,5408,59.0,1.0,2.0,True,minecraft:forest,water,minecraft:overworld:step.16:city.city_jingchao_capital:p.1,True
-3216,5408,60.0,1.0,3.0,True,minecraft:forest,water,minecraft:overworld:step.16:city.city_jingchao_capital:p.1,True
-3200,5408,60.0,1.0,2.0,True,minecraft:forest,water,minecraft:overworld:step.16:city.city_jingchao_capital:p.1,True
-3184,5408,60.0,1.0,2.0,True,minecraft:forest,water,minecraft:overworld:step.16:city.city_jingchao_capital:p.1,True
-3168,5408,60.0,1.0,2.0,True,minecraft:forest,water,minecraft:overworld:step.16:city.city_jingchao_capital:p.1,True
-3152,5408,60.0,1.0,3.0,True,minecraft:forest,water,minecraft:overworld:step.16:city.city_jingchao_capital:p.1,True
-3136,5408,60.0,2.0,4.0,True,minecraft:forest,water,minecraft:overworld:step.16:city.city_jingchao_capital:p.1,True
-3120,5408,60.0,3.0,5.0,True,minecraft:forest,water,minecraft:overworld:step.16:city.city_jingchao_capital:p.1,True
-3104,5408,62.0,3.0,5.0,False,minecraft:forest,shore,minecraft:overworld:step.16:city.city_jingchao_capital:p.2,True
-3088,5408,63.0,2.0,5.0,False,minecraft:forest,shore,minecraft:overworld:step.16:city.city_jingchao_capital:p.2,True
-3072,5408,64.0,1.0,4.0,False,minecraft:forest,shore,minecraft:overworld:step.16:city.city_jingchao_capital:p.2,True
-3056,5408,64.0,1.0,2.0,False,minecraft:birch_forest,plain,minecraft:overworld:step.16:city.city_jingchao_capital:p.100,True
-3040,5408,64.0,1.0,1.0,False,minecraft:birch_forest,plain,minecraft:overworld:step.16:city.city_jingchao_capital:p.100,True
-3024,5408,64.0,1.0,1.0,False,minecraft:birch_forest,plain,minecraft:overworld:step.16:city.city_jingchao_capital:p.100,True
-3008,5408,64.0,1.0,1.0,False,minecraft:birch_forest,plain,minecraft:overworld:step.16:city.city_jingchao_capital:p.100,True
-2992,5408,64.0,1.0,2.0,False,minecraft:birch_forest,plain,minecraft:overworld:step.16:city.city_jingchao_capital:p.100,True
-2976,5408,64.0,1.0,2.0,False,minecraft:birch_forest,plain,minecraft:overworld:step.16:city.city_jingchao_capital:p.100,True
-2960,5408,65.0,2.0,2.0,False,minecraft:birch_forest,plain,minecraft:overworld:step.16:city.city_jingchao_capital:p.100,True
-2944,5408,65.0,1.0,2.0,False,minecraft:birch_forest,plain,minecraft:overworld:step.16:city.city_jingchao_capital:p.100,True
-2928,5408,65.0,1.0,2.0,False,minecraft:birch_forest,plain,minecraft:overworld:step.16:city.city_jingchao_capital:p.100,True
-2912,5408,64.0,1.0,2.0,False,minecraft:birch_forest,plain,minecraft:overworld:step.16:city.city_jingchao_capital:p.100,True
-2896,5408,64.0,1.0,2.0,False,minecraft:birch_forest,plain,minecraft:overworld:step.16:city.city_jingchao_capital:p.100,True
-2880,5408,64.0,1.0,2.0,False,minecraft:birch_forest,plain,minecraft:overworld:step.16:city.city_jingchao_capital:p.100,True
-2864,5408,64.0,1.0,2.0,False,minecraft:birch_forest,plain,minecraft:overworld:step.16:city.city_jingchao_capital:p.100,True
-2848,5408,63.0,1.0,3.0,False,minecraft:birch_forest,plain,minecraft:overworld:step.16:city.city_jingchao_capital:p.100,True
-2832,5408,63.0,1.0,3.0,False,minecraft:birch_forest,plain,minecraft:overworld:step.16:city.city_jingchao_capital:p.100,True
-2816,5408,63.0,1.0,2.0,False,minecraft:birch_forest,plain,minecraft:overworld:step.16:city.city_jingchao_capital:p.100,True
-2800,5408,63.0,1.0,2.0,False,minecraft:birch_forest,plain,minecraft:overworld:step.16:city.city_jingchao_capital:p.100,True
-2784,5408,63.0,1.0,3.0,False,minecraft:birch_forest,shore,minecraft:overworld:step.16:city.city_jingchao_capital:p.2,True
-2768,5408,62.0,1.0,3.0,False,minecraft:birch_forest,shore,minecraft:overworld:step.16:city.city_jingchao_capital:p.2,True
-2752,5408,62.0,1.0,2.0,False,minecraft:birch_forest,shore,minecraft:overworld:step.16:city.city_jingchao_capital:p.2,True
-2736,5408,62.0,1.0,2.0,False,minecraft:forest,shore,minecraft:overworld:step.16:city.city_jingchao_capital:p.2,True
-2720,5408,61.0,1.0,1.0,True,minecraft:forest,water,minecraft:overworld:step.16:city.city_jingchao_capital:p.1,True
-2704,5408,61.0,1.0,1.0,True,minecraft:forest,water,minecraft:overworld:step.16:city.city_jingchao_capital:p.1,True
-2688,5408,61.0,0.0,1.0,True,minecraft:forest,water,minecraft:overworld:step.16:city.city_jingchao_capital:p.1,True
-2672,5408,61.0,0.0,1.0,True,minecraft:forest,water,minecraft:overworld:step.16:city.city_jingchao_capital:p.1,True
-2656,5408,61.0,1.0,1.0,True,minecraft:forest,water,minecraft:overworld:step.16:city.city_jingchao_capital:p.1,True
-2640,5408,61.0,1.0,1.0,True,minecraft:forest,water,minecraft:overworld:step.16:city.city_jingchao_capital:p.1,True
-2624,5408,62.0,1.0,1.0,False,minecraft:forest,shore,minecraft:overworld:step.16:city.city_jingchao_capital:p.2,True
-2608,5408,62.0,1.0,1.0,False,minecraft:forest,shore,minecraft:overworld:step.16:city.city_jingchao_capital:p.2,True
-2592,5408,61.0,1.0,2.0,True,minecraft:forest,water,minecraft:overworld:step.16:city.city_jingchao_capital:p.1,True
-2576,5408,61.0,1.0,2.0,True,minecraft:forest,water,minecraft:overworld:step.16:city.city_jingchao_capital:p.1,True
-2560,5408,61.0,1.0,2.0,True,minecraft:forest,water,minecraft:overworld:step.16:city.city_jingchao_capital:p.1,True
-2544,5408,60.0,1.0,1.0,True,minecraft:forest,water,minecraft:overworld:step.16:city.city_jingchao_capital:p.1,True
-2528,5408,60.0,1.0,2.0,True,minecraft:forest,water,minecraft:overworld:step.16:city.city_jingchao_capital:p.1,True
-2512,5408,60.0,1.0,2.0,True,minecraft:forest,water,minecraft:overworld:step.16:city.city_jingchao_capital:p.1,True
-2496,5408,59.0,1.0,1.0,True,minecraft:forest,water,minecraft:overworld:step.16:city.city_jingchao_capital:p.1,True
-2480,5408,59.0,1.0,1.0,True,minecraft:forest,water,minecraft:overworld:step.16:city.city_jingchao_capital:p.1,True
-2464,5408,60.0,1.0,1.0,True,minecraft:ocean,water,minecraft:overworld:step.16:city.city_jingchao_capital:p.1,True
-2448,5408,59.0,1.0,1.0,True,minecraft:ocean,water,minecraft:overworld:step.16:city.city_jingchao_capital:p.1,True
-2432,5408,59.0,1.0,1.0,True,minecraft:ocean,water,minecraft:overworld:step.16:city.city_jingchao_capital:p.1,True
-3440,5424,55.0,1.0,2.0,True,minecraft:forest,water,minecraft:overworld:step.16:city.city_jingchao_capital:p.1,True
-3424,5424,55.0,1.0,2.0,True,minecraft:forest,water,minecraft:overworld:step.16:city.city_jingchao_capital:p.1,True
-3408,5424,56.0,1.0,2.0,True,minecraft:forest,water,minecraft:overworld:step.16:city.city_jingchao_capital:p.1,True
-3392,5424,56.0,0.0,2.0,True,minecraft:forest,water,minecraft:overworld:step.16:city.city_jingchao_capital:p.1,True
-3376,5424,56.0,1.0,2.0,True,minecraft:forest,water,minecraft:overworld:step.16:city.city_jingchao_capital:p.1,True
-3360,5424,57.0,1.0,2.0,True,minecraft:forest,water,minecraft:overworld:step.16:city.city_jingchao_capital:p.1,True
-3344,5424,58.0,1.0,3.0,True,minecraft:forest,water,minecraft:overworld:step.16:city.city_jingchao_capital:p.1,True
-3328,5424,58.0,1.0,2.0,True,minecraft:forest,water,minecraft:overworld:step.16:city.city_jingchao_capital:p.1,True
-3312,5424,58.0,1.0,2.0,True,minecraft:forest,water,minecraft:overworld:step.16:city.city_jingchao_capital:p.1,True
-3296,5424,57.0,1.0,2.0,True,minecraft:forest,water,minecraft:overworld:step.16:city.city_jingchao_capital:p.1,True
-3280,5424,58.0,1.0,2.0,True,minecraft:forest,water,minecraft:overworld:step.16:city.city_jingchao_capital:p.1,True
-3264,5424,58.0,1.0,2.0,True,minecraft:forest,water,minecraft:overworld:step.16:city.city_jingchao_capital:p.1,True
-3248,5424,58.0,1.0,3.0,True,minecraft:forest,water,minecraft:overworld:step.16:city.city_jingchao_capital:p.1,True
-3232,5424,59.0,1.0,2.0,True,minecraft:forest,water,minecraft:overworld:step.16:city.city_jingchao_capital:p.1,True
-3216,5424,60.0,1.0,3.0,True,minecraft:forest,water,minecraft:overworld:step.16:city.city_jingchao_capital:p.1,True
-3200,5424,60.0,0.0,2.0,True,minecraft:forest,water,minecraft:overworld:step.16:city.city_jingchao_capital:p.1,True
-3184,5424,60.0,0.0,3.0,True,minecraft:forest,water,minecraft:overworld:step.16:city.city_jingchao_capital:p.1,True
-3168,5424,60.0,1.0,2.0,True,minecraft:forest,water,minecraft:overworld:step.16:city.city_jingchao_capital:p.1,True
-3152,5424,60.0,2.0,3.0,True,minecraft:forest,water,minecraft:overworld:step.16:city.city_jingchao_capital:p.1,True
-3136,5424,60.0,2.0,4.0,True,minecraft:forest,water,minecraft:overworld:step.16:city.city_jingchao_capital:p.1,True
-3120,5424,62.0,2.0,5.0,False,minecraft:forest,shore,minecraft:overworld:step.16:city.city_jingchao_capital:p.2,True
-3104,5424,63.0,3.0,5.0,False,minecraft:forest,shore,minecraft:overworld:step.16:city.city_jingchao_capital:p.2,True
-3088,5424,64.0,2.0,5.0,False,minecraft:forest,shore,minecraft:overworld:step.16:city.city_jingchao_capital:p.2,True
-3072,5424,64.0,1.0,3.0,False,minecraft:forest,plain,minecraft:overworld:step.16:city.city_jingchao_capital:p.100,True
-3056,5424,64.0,1.0,1.0,False,minecraft:birch_forest,plain,minecraft:overworld:step.16:city.city_jingchao_capital:p.100,True
-3040,5424,64.0,1.0,1.0,False,minecraft:birch_forest,plain,minecraft:overworld:step.16:city.city_jingchao_capital:p.100,True
-3024,5424,64.0,1.0,1.0,False,minecraft:birch_forest,plain,minecraft:overworld:step.16:city.city_jingchao_capital:p.100,True
-3008,5424,63.0,1.0,1.0,False,minecraft:birch_forest,plain,minecraft:overworld:step.16:city.city_jingchao_capital:p.100,True
-2992,5424,64.0,1.0,2.0,False,minecraft:birch_forest,plain,minecraft:overworld:step.16:city.city_jingchao_capital:p.100,True
-2976,5424,63.0,2.0,2.0,False,minecraft:birch_forest,plain,minecraft:overworld:step.16:city.city_jingchao_capital:p.100,True
-2960,5424,64.0,1.0,2.0,False,minecraft:birch_forest,plain,minecraft:overworld:step.16:city.city_jingchao_capital:p.100,True
-2944,5424,65.0,2.0,2.0,False,minecraft:birch_forest,plain,minecraft:overworld:step.16:city.city_jingchao_capital:p.100,True
-2928,5424,64.0,1.0,2.0,False,minecraft:birch_forest,plain,minecraft:overworld:step.16:city.city_jingchao_capital:p.100,True
-2912,5424,64.0,1.0,2.0,False,minecraft:birch_forest,plain,minecraft:overworld:step.16:city.city_jingchao_capital:p.100,True
-2896,5424,64.0,1.0,2.0,False,minecraft:birch_forest,plain,minecraft:overworld:step.16:city.city_jingchao_capital:p.100,True
-2880,5424,64.0,1.0,2.0,False,minecraft:birch_forest,plain,minecraft:overworld:step.16:city.city_jingchao_capital:p.100,True
-2864,5424,64.0,1.0,2.0,False,minecraft:birch_forest,plain,minecraft:overworld:step.16:city.city_jingchao_capital:p.100,True
-2848,5424,63.0,1.0,3.0,False,minecraft:birch_forest,plain,minecraft:overworld:step.16:city.city_jingchao_capital:p.100,True
-2832,5424,63.0,1.0,2.0,False,minecraft:birch_forest,plain,minecraft:overworld:step.16:city.city_jingchao_capital:p.100,True
-2816,5424,63.0,1.0,2.0,False,minecraft:birch_forest,plain,minecraft:overworld:step.16:city.city_jingchao_capital:p.100,True
-2800,5424,63.0,1.0,2.0,False,minecraft:birch_forest,shore,minecraft:overworld:step.16:city.city_jingchao_capital:p.2,True
-2784,5424,63.0,1.0,3.0,False,minecraft:birch_forest,shore,minecraft:overworld:step.16:city.city_jingchao_capital:p.2,True
-2768,5424,62.0,1.0,2.0,False,minecraft:birch_forest,shore,minecraft:overworld:step.16:city.city_jingchao_capital:p.2,True
-2752,5424,61.0,1.0,2.0,True,minecraft:birch_forest,water,minecraft:overworld:step.16:city.city_jingchao_capital:p.1,True
-2736,5424,61.0,1.0,2.0,True,minecraft:birch_forest,water,minecraft:overworld:step.16:city.city_jingchao_capital:p.1,True
-2720,5424,61.0,1.0,1.0,True,minecraft:forest,water,minecraft:overworld:step.16:city.city_jingchao_capital:p.1,True
-2704,5424,61.0,1.0,1.0,True,minecraft:forest,water,minecraft:overworld:step.16:city.city_jingchao_capital:p.1,True
-2688,5424,61.0,0.0,1.0,True,minecraft:forest,water,minecraft:overworld:step.16:city.city_jingchao_capital:p.1,True
-2672,5424,61.0,1.0,1.0,True,minecraft:forest,water,minecraft:overworld:step.16:city.city_jingchao_capital:p.1,True
-2656,5424,61.0,1.0,1.0,True,minecraft:forest,water,minecraft:overworld:step.16:city.city_jingchao_capital:p.1,True
-2640,5424,62.0,1.0,1.0,False,minecraft:forest,shore,minecraft:overworld:step.16:city.city_jingchao_capital:p.2,True
-2624,5424,62.0,1.0,1.0,False,minecraft:forest,shore,minecraft:overworld:step.16:city.city_jingchao_capital:p.2,True
-2608,5424,62.0,1.0,1.0,False,minecraft:forest,shore,minecraft:overworld:step.16:city.city_jingchao_capital:p.2,True
-2592,5424,62.0,1.0,2.0,False,minecraft:forest,shore,minecraft:overworld:step.16:city.city_jingchao_capital:p.2,True
-2576,5424,61.0,1.0,2.0,True,minecraft:forest,water,minecraft:overworld:step.16:city.city_jingchao_capital:p.1,True
-2560,5424,61.0,1.0,2.0,True,minecraft:forest,water,minecraft:overworld:step.16:city.city_jingchao_capital:p.1,True
-2544,5424,61.0,1.0,1.0,True,minecraft:forest,water,minecraft:overworld:step.16:city.city_jingchao_capital:p.1,True
-2528,5424,60.0,1.0,2.0,True,minecraft:forest,water,minecraft:overworld:step.16:city.city_jingchao_capital:p.1,True
-2512,5424,60.0,1.0,2.0,True,minecraft:forest,water,minecraft:overworld:step.16:city.city_jingchao_capital:p.1,True
-2496,5424,59.0,1.0,1.0,True,minecraft:forest,water,minecraft:overworld:step.16:city.city_jingchao_capital:p.1,True
-2480,5424,59.0,1.0,1.0,True,minecraft:forest,water,minecraft:overworld:step.16:city.city_jingchao_capital:p.1,True
-2464,5424,59.0,1.0,1.0,True,minecraft:ocean,water,minecraft:overworld:step.16:city.city_jingchao_capital:p.1,True
-2448,5424,59.0,1.0,1.0,True,minecraft:ocean,water,minecraft:overworld:step.16:city.city_jingchao_capital:p.1,True
-2432,5424,59.0,1.0,1.0,True,minecraft:ocean,water,minecraft:overworld:step.16:city.city_jingchao_capital:p.1,True
-3440,5440,55.0,1.0,2.0,True,minecraft:forest,water,minecraft:overworld:step.16:city.city_jingchao_capital:p.1,True
-3424,5440,56.0,1.0,1.0,True,minecraft:forest,water,minecraft:overworld:step.16:city.city_jingchao_capital:p.1,True
-3408,5440,56.0,1.0,2.0,True,minecraft:forest,water,minecraft:overworld:step.16:city.city_jingchao_capital:p.1,True
-3392,5440,56.0,1.0,2.0,True,minecraft:forest,water,minecraft:overworld:step.16:city.city_jingchao_capital:p.1,True
-3376,5440,56.0,1.0,2.0,True,minecraft:forest,water,minecraft:overworld:step.16:city.city_jingchao_capital:p.1,True
-3360,5440,57.0,1.0,2.0,True,minecraft:forest,water,minecraft:overworld:step.16:city.city_jingchao_capital:p.1,True
-3344,5440,57.0,1.0,2.0,True,minecraft:forest,water,minecraft:overworld:step.16:city.city_jingchao_capital:p.1,True
-3328,5440,58.0,1.0,2.0,True,minecraft:forest,water,minecraft:overworld:step.16:city.city_jingchao_capital:p.1,True
-3312,5440,58.0,1.0,2.0,True,minecraft:forest,water,minecraft:overworld:step.16:city.city_jingchao_capital:p.1,True
-3296,5440,57.0,1.0,2.0,True,minecraft:forest,water,minecraft:overworld:step.16:city.city_jingchao_capital:p.1,True
-3280,5440,58.0,1.0,2.0,True,minecraft:forest,water,minecraft:overworld:step.16:city.city_jingchao_capital:p.1,True
-3264,5440,58.0,1.0,3.0,True,minecraft:forest,water,minecraft:overworld:step.16:city.city_jingchao_capital:p.1,True
-3248,5440,58.0,1.0,3.0,True,minecraft:forest,water,minecraft:overworld:step.16:city.city_jingchao_capital:p.1,True
-3232,5440,59.0,1.0,2.0,True,minecraft:forest,water,minecraft:overworld:step.16:city.city_jingchao_capital:p.1,True
-3216,5440,60.0,1.0,3.0,True,minecraft:forest,water,minecraft:overworld:step.16:city.city_jingchao_capital:p.1,True
-3200,5440,60.0,1.0,3.0,True,minecraft:forest,water,minecraft:overworld:step.16:city.city_jingchao_capital:p.1,True
-3184,5440,60.0,1.0,3.0,True,minecraft:forest,water,minecraft:overworld:step.16:city.city_jingchao_capital:p.1,True
-3168,5440,60.0,2.0,3.0,True,minecraft:forest,water,minecraft:overworld:step.16:city.city_jingchao_capital:p.1,True
-3152,5440,61.0,1.0,2.0,True,minecraft:forest,water,minecraft:overworld:step.16:city.city_jingchao_capital:p.1,True
-3136,5440,62.0,2.0,3.0,False,minecraft:forest,shore,minecraft:overworld:step.16:city.city_jingchao_capital:p.2,True
-3120,5440,62.0,2.0,4.0,False,minecraft:forest,shore,minecraft:overworld:step.16:city.city_jingchao_capital:p.2,True
-3104,5440,62.0,2.0,4.0,False,minecraft:forest,shore,minecraft:overworld:step.16:city.city_jingchao_capital:p.2,True
-3088,5440,63.0,1.0,4.0,False,minecraft:forest,plain,minecraft:overworld:step.16:city.city_jingchao_capital:p.100,True
-3072,5440,63.0,1.0,2.0,False,minecraft:forest,plain,minecraft:overworld:step.16:city.city_jingchao_capital:p.100,True
-3056,5440,64.0,1.0,1.0,False,minecraft:forest,plain,minecraft:overworld:step.16:city.city_jingchao_capital:p.100,True
-3040,5440,63.0,1.0,1.0,False,minecraft:birch_forest,plain,minecraft:overworld:step.16:city.city_jingchao_capital:p.100,True
-3024,5440,63.0,1.0,1.0,False,minecraft:birch_forest,plain,minecraft:overworld:step.16:city.city_jingchao_capital:p.100,True
-3008,5440,63.0,1.0,1.0,False,minecraft:birch_forest,plain,minecraft:overworld:step.16:city.city_jingchao_capital:p.100,True
-2992,5440,63.0,1.0,2.0,False,minecraft:birch_forest,plain,minecraft:overworld:step.16:city.city_jingchao_capital:p.100,True
-2976,5440,63.0,1.0,2.0,False,minecraft:birch_forest,plain,minecraft:overworld:step.16:city.city_jingchao_capital:p.100,True
-2960,5440,63.0,2.0,2.0,False,minecraft:birch_forest,plain,minecraft:overworld:step.16:city.city_jingchao_capital:p.100,True
-2944,5440,63.0,2.0,2.0,False,minecraft:birch_forest,plain,minecraft:overworld:step.16:city.city_jingchao_capital:p.100,True
-2928,5440,64.0,1.0,2.0,False,minecraft:birch_forest,plain,minecraft:overworld:step.16:city.city_jingchao_capital:p.100,True
-2912,5440,64.0,1.0,3.0,False,minecraft:birch_forest,plain,minecraft:overworld:step.16:city.city_jingchao_capital:p.100,True
-2896,5440,64.0,1.0,3.0,False,minecraft:birch_forest,plain,minecraft:overworld:step.16:city.city_jingchao_capital:p.100,True
-2880,5440,63.0,1.0,2.0,False,minecraft:birch_forest,plain,minecraft:overworld:step.16:city.city_jingchao_capital:p.100,True
-2864,5440,63.0,1.0,2.0,False,minecraft:birch_forest,shore,minecraft:overworld:step.16:city.city_jingchao_capital:p.2,True
-2848,5440,63.0,1.0,2.0,False,minecraft:birch_forest,plain,minecraft:overworld:step.16:city.city_jingchao_capital:p.100,True
-2832,5440,63.0,1.0,2.0,False,minecraft:birch_forest,plain,minecraft:overworld:step.16:city.city_jingchao_capital:p.100,True
-2816,5440,62.0,1.0,1.0,False,minecraft:birch_forest,shore,minecraft:overworld:step.16:city.city_jingchao_capital:p.2,True
-2800,5440,62.0,1.0,1.0,False,minecraft:birch_forest,shore,minecraft:overworld:step.16:city.city_jingchao_capital:p.2,True
-2784,5440,63.0,1.0,2.0,False,minecraft:birch_forest,shore,minecraft:overworld:step.16:city.city_jingchao_capital:p.2,True
-2768,5440,62.0,1.0,2.0,False,minecraft:birch_forest,shore,minecraft:overworld:step.16:city.city_jingchao_capital:p.2,True
-2752,5440,61.0,1.0,2.0,True,minecraft:birch_forest,water,minecraft:overworld:step.16:city.city_jingchao_capital:p.1,True
-2736,5440,62.0,1.0,1.0,False,minecraft:birch_forest,shore,minecraft:overworld:step.16:city.city_jingchao_capital:p.2,True
-2720,5440,62.0,1.0,1.0,False,minecraft:forest,shore,minecraft:overworld:step.16:city.city_jingchao_capital:p.2,True
-2704,5440,61.0,1.0,1.0,True,minecraft:forest,water,minecraft:overworld:step.16:city.city_jingchao_capital:p.1,True
-2688,5440,61.0,1.0,1.0,True,minecraft:forest,water,minecraft:overworld:step.16:city.city_jingchao_capital:p.1,True
-2672,5440,61.0,1.0,2.0,True,minecraft:forest,water,minecraft:overworld:step.16:city.city_jingchao_capital:p.1,True
-2656,5440,62.0,1.0,2.0,False,minecraft:forest,shore,minecraft:overworld:step.16:city.city_jingchao_capital:p.2,True
-2640,5440,62.0,1.0,2.0,False,minecraft:forest,shore,minecraft:overworld:step.16:city.city_jingchao_capital:p.2,True
-2624,5440,62.0,0.0,2.0,False,minecraft:forest,shore,minecraft:overworld:step.16:city.city_jingchao_capital:p.2,True
-2608,5440,62.0,0.0,2.0,False,minecraft:forest,shore,minecraft:overworld:step.16:city.city_jingchao_capital:p.2,True
-2592,5440,62.0,1.0,2.0,False,minecraft:forest,shore,minecraft:overworld:step.16:city.city_jingchao_capital:p.2,True
-2576,5440,61.0,1.0,2.0,True,minecraft:forest,water,minecraft:overworld:step.16:city.city_jingchao_capital:p.1,True
-2560,5440,61.0,0.0,2.0,True,minecraft:forest,water,minecraft:overworld:step.16:city.city_jingchao_capital:p.1,True
-2544,5440,61.0,1.0,2.0,True,minecraft:forest,water,minecraft:overworld:step.16:city.city_jingchao_capital:p.1,True
-2528,5440,60.0,1.0,2.0,True,minecraft:forest,water,minecraft:overworld:step.16:city.city_jingchao_capital:p.1,True
-2512,5440,60.0,1.0,2.0,True,minecraft:forest,water,minecraft:overworld:step.16:city.city_jingchao_capital:p.1,True
-2496,5440,60.0,1.0,1.0,True,minecraft:forest,water,minecraft:overworld:step.16:city.city_jingchao_capital:p.1,True
-2480,5440,59.0,1.0,1.0,True,minecraft:forest,water,minecraft:overworld:step.16:city.city_jingchao_capital:p.1,True
-2464,5440,59.0,0.0,1.0,True,minecraft:forest,water,minecraft:overworld:step.16:city.city_jingchao_capital:p.1,True
-2448,5440,59.0,0.0,1.0,True,minecraft:ocean,water,minecraft:overworld:step.16:city.city_jingchao_capital:p.1,True
-2432,5440,59.0,0.0,1.0,True,minecraft:ocean,water,minecraft:overworld:step.16:city.city_jingchao_capital:p.1,True
-3440,5456,55.0,1.0,2.0,True,minecraft:forest,water,minecraft:overworld:step.16:city.city_jingchao_capital:p.1,True
-3424,5456,56.0,1.0,1.0,True,minecraft:forest,water,minecraft:overworld:step.16:city.city_jingchao_capital:p.1,True
-3408,5456,56.0,1.0,2.0,True,minecraft:forest,water,minecraft:overworld:step.16:city.city_jingchao_capital:p.1,True
-3392,5456,56.0,1.0,2.0,True,minecraft:forest,water,minecraft:overworld:step.16:city.city_jingchao_capital:p.1,True
-3376,5456,57.0,1.0,3.0,True,minecraft:forest,water,minecraft:overworld:step.16:city.city_jingchao_capital:p.1,True
-3360,5456,57.0,1.0,2.0,True,minecraft:forest,water,minecraft:overworld:step.16:city.city_jingchao_capital:p.1,True
-3344,5456,57.0,1.0,2.0,True,minecraft:forest,water,minecraft:overworld:step.16:city.city_jingchao_capital:p.1,True
-3328,5456,57.0,1.0,2.0,True,minecraft:forest,water,minecraft:overworld:step.16:city.city_jingchao_capital:p.1,True
-3312,5456,58.0,2.0,2.0,True,minecraft:forest,water,minecraft:overworld:step.16:city.city_jingchao_capital:p.1,True
-3296,5456,57.0,1.0,2.0,True,minecraft:forest,water,minecraft:overworld:step.16:city.city_jingchao_capital:p.1,True
-3280,5456,57.0,1.0,2.0,True,minecraft:forest,water,minecraft:overworld:step.16:city.city_jingchao_capital:p.1,True
-3264,5456,58.0,1.0,3.0,True,minecraft:forest,water,minecraft:overworld:step.16:city.city_jingchao_capital:p.1,True
-3248,5456,58.0,1.0,3.0,True,minecraft:forest,water,minecraft:overworld:step.16:city.city_jingchao_capital:p.1,True
-3232,5456,59.0,1.0,3.0,True,minecraft:forest,water,minecraft:overworld:step.16:city.city_jingchao_capital:p.1,True
-3216,5456,59.0,1.0,3.0,True,minecraft:forest,water,minecraft:overworld:step.16:city.city_jingchao_capital:p.1,True
-3200,5456,60.0,1.0,3.0,True,minecraft:forest,water,minecraft:overworld:step.16:city.city_jingchao_capital:p.1,True
-3184,5456,60.0,2.0,3.0,True,minecraft:forest,water,minecraft:overworld:step.16:city.city_jingchao_capital:p.1,True
-3168,5456,61.0,1.0,3.0,True,minecraft:forest,water,minecraft:overworld:step.16:city.city_jingchao_capital:p.1,True
-3152,5456,62.0,2.0,2.0,False,minecraft:forest,shore,minecraft:overworld:step.16:city.city_jingchao_capital:p.2,True
-3136,5456,62.0,1.0,3.0,False,minecraft:forest,shore,minecraft:overworld:step.16:city.city_jingchao_capital:p.2,True
-3120,5456,62.0,0.0,4.0,False,minecraft:forest,shore,minecraft:overworld:step.16:city.city_jingchao_capital:p.2,True
-3104,5456,62.0,1.0,4.0,False,minecraft:forest,shore,minecraft:overworld:step.16:city.city_jingchao_capital:p.2,True
-3088,5456,63.0,1.0,3.0,False,minecraft:forest,shore,minecraft:overworld:step.16:city.city_jingchao_capital:p.2,True
-3072,5456,63.0,1.0,2.0,False,minecraft:forest,plain,minecraft:overworld:step.16:city.city_jingchao_capital:p.100,True
-3056,5456,63.0,1.0,2.0,False,minecraft:forest,plain,minecraft:overworld:step.16:city.city_jingchao_capital:p.100,True
-3040,5456,63.0,1.0,2.0,False,minecraft:birch_forest,plain,minecraft:overworld:step.16:city.city_jingchao_capital:p.100,True
-3024,5456,63.0,0.0,1.0,False,minecraft:birch_forest,plain,minecraft:overworld:step.16:city.city_jingchao_capital:p.100,True
-3008,5456,63.0,0.0,1.0,False,minecraft:birch_forest,plain,minecraft:overworld:step.16:city.city_jingchao_capital:p.100,True
-2992,5456,63.0,1.0,1.0,False,minecraft:birch_forest,plain,minecraft:overworld:step.16:city.city_jingchao_capital:p.100,True
-2976,5456,64.0,1.0,3.0,False,minecraft:birch_forest,plain,minecraft:overworld:step.16:city.city_jingchao_capital:p.100,True
-2960,5456,63.0,1.0,3.0,False,minecraft:birch_forest,plain,minecraft:overworld:step.16:city.city_jingchao_capital:p.100,True
-2944,5456,63.0,1.0,3.0,False,minecraft:birch_forest,plain,minecraft:overworld:step.16:city.city_jingchao_capital:p.100,True
-2928,5456,63.0,1.0,3.0,False,minecraft:birch_forest,plain,minecraft:overworld:step.16:city.city_jingchao_capital:p.100,True
-2912,5456,64.0,1.0,3.0,False,minecraft:birch_forest,plain,minecraft:overworld:step.16:city.city_jingchao_capital:p.100,True
-2896,5456,63.0,1.0,3.0,False,minecraft:birch_forest,plain,minecraft:overworld:step.16:city.city_jingchao_capital:p.100,True
-2880,5456,63.0,1.0,3.0,False,minecraft:birch_forest,shore,minecraft:overworld:step.16:city.city_jingchao_capital:p.2,True
-2864,5456,63.0,1.0,3.0,False,minecraft:birch_forest,shore,minecraft:overworld:step.16:city.city_jingchao_capital:p.2,True
-2848,5456,63.0,1.0,3.0,False,minecraft:birch_forest,shore,minecraft:overworld:step.16:city.city_jingchao_capital:p.2,True
-2832,5456,63.0,1.0,3.0,False,minecraft:birch_forest,shore,minecraft:overworld:step.16:city.city_jingchao_capital:p.2,True
-2816,5456,63.0,1.0,2.0,False,minecraft:birch_forest,shore,minecraft:overworld:step.16:city.city_jingchao_capital:p.2,True
-2800,5456,62.0,1.0,2.0,False,minecraft:birch_forest,shore,minecraft:overworld:step.16:city.city_jingchao_capital:p.2,True
-2784,5456,62.0,1.0,2.0,False,minecraft:birch_forest,shore,minecraft:overworld:step.16:city.city_jingchao_capital:p.2,True
-2768,5456,62.0,1.0,2.0,False,minecraft:birch_forest,shore,minecraft:overworld:step.16:city.city_jingchao_capital:p.2,True
-2752,5456,62.0,1.0,2.0,False,minecraft:birch_forest,shore,minecraft:overworld:step.16:city.city_jingchao_capital:p.2,True
-2736,5456,61.0,1.0,1.0,True,minecraft:birch_forest,water,minecraft:overworld:step.16:city.city_jingchao_capital:p.109,True
-2720,5456,62.0,1.0,1.0,False,minecraft:forest,shore,minecraft:overworld:step.16:city.city_jingchao_capital:p.2,True
-2704,5456,62.0,1.0,1.0,False,minecraft:forest,shore,minecraft:overworld:step.16:city.city_jingchao_capital:p.2,True
-2688,5456,62.0,1.0,2.0,False,minecraft:forest,shore,minecraft:overworld:step.16:city.city_jingchao_capital:p.2,True
-2672,5456,62.0,1.0,2.0,False,minecraft:forest,shore,minecraft:overworld:step.16:city.city_jingchao_capital:p.2,True
-2656,5456,62.0,1.0,2.0,False,minecraft:forest,shore,minecraft:overworld:step.16:city.city_jingchao_capital:p.2,True
-2640,5456,62.0,1.0,2.0,False,minecraft:forest,shore,minecraft:overworld:step.16:city.city_jingchao_capital:p.2,True
-2624,5456,62.0,1.0,2.0,False,minecraft:forest,shore,minecraft:overworld:step.16:city.city_jingchao_capital:p.2,True
-2608,5456,62.0,1.0,2.0,False,minecraft:forest,shore,minecraft:overworld:step.16:city.city_jingchao_capital:p.2,True
-2592,5456,62.0,1.0,2.0,False,minecraft:forest,shore,minecraft:overworld:step.16:city.city_jingchao_capital:p.2,True
-2576,5456,61.0,1.0,1.0,True,minecraft:forest,water,minecraft:overworld:step.16:city.city_jingchao_capital:p.1,True
-2560,5456,61.0,1.0,2.0,True,minecraft:forest,water,minecraft:overworld:step.16:city.city_jingchao_capital:p.1,True
-2544,5456,61.0,1.0,2.0,True,minecraft:forest,water,minecraft:overworld:step.16:city.city_jingchao_capital:p.1,True
-2528,5456,60.0,1.0,2.0,True,minecraft:forest,water,minecraft:overworld:step.16:city.city_jingchao_capital:p.1,True
-2512,5456,60.0,0.0,2.0,True,minecraft:forest,water,minecraft:overworld:step.16:city.city_jingchao_capital:p.1,True
-2496,5456,60.0,1.0,1.0,True,minecraft:forest,water,minecraft:overworld:step.16:city.city_jingchao_capital:p.1,True
-2480,5456,59.0,1.0,1.0,True,minecraft:forest,water,minecraft:overworld:step.16:city.city_jingchao_capital:p.1,True
-2464,5456,59.0,0.0,1.0,True,minecraft:forest,water,minecraft:overworld:step.16:city.city_jingchao_capital:p.1,True
-2448,5456,59.0,0.0,1.0,True,minecraft:forest,water,minecraft:overworld:step.16:city.city_jingchao_capital:p.1,True
-2432,5456,59.0,0.0,1.0,True,minecraft:ocean,water,minecraft:overworld:step.16:city.city_jingchao_capital:p.1,True
-3440,5472,55.0,1.0,2.0,True,minecraft:forest,water,minecraft:overworld:step.16:city.city_jingchao_capital:p.1,True
-3424,5472,55.0,1.0,1.0,True,minecraft:forest,water,minecraft:overworld:step.16:city.city_jingchao_capital:p.1,True
-3408,5472,56.0,1.0,2.0,True,minecraft:forest,water,minecraft:overworld:step.16:city.city_jingchao_capital:p.1,True
-3392,5472,56.0,1.0,3.0,True,minecraft:forest,water,minecraft:overworld:step.16:city.city_jingchao_capital:p.1,True
-3376,5472,57.0,1.0,3.0,True,minecraft:forest,water,minecraft:overworld:step.16:city.city_jingchao_capital:p.1,True
-3360,5472,57.0,1.0,2.0,True,minecraft:forest,water,minecraft:overworld:step.16:city.city_jingchao_capital:p.1,True
-3344,5472,57.0,1.0,2.0,True,minecraft:forest,water,minecraft:overworld:step.16:city.city_jingchao_capital:p.1,True
-3328,5472,57.0,1.0,2.0,True,minecraft:forest,water,minecraft:overworld:step.16:city.city_jingchao_capital:p.1,True
-3312,5472,57.0,1.0,2.0,True,minecraft:forest,water,minecraft:overworld:step.16:city.city_jingchao_capital:p.1,True
-3296,5472,56.0,2.0,2.0,True,minecraft:forest,water,minecraft:overworld:step.16:city.city_jingchao_capital:p.1,True
-3280,5472,57.0,1.0,2.0,True,minecraft:forest,water,minecraft:overworld:step.16:city.city_jingchao_capital:p.1,True
-3264,5472,58.0,1.0,3.0,True,minecraft:forest,water,minecraft:overworld:step.16:city.city_jingchao_capital:p.1,True
-3248,5472,58.0,1.0,3.0,True,minecraft:forest,water,minecraft:overworld:step.16:city.city_jingchao_capital:p.1,True
-3232,5472,59.0,1.0,4.0,True,minecraft:forest,water,minecraft:overworld:step.16:city.city_jingchao_capital:p.1,True
-3216,5472,59.0,1.0,3.0,True,minecraft:forest,water,minecraft:overworld:step.16:city.city_jingchao_capital:p.1,True
-3200,5472,59.0,2.0,3.0,True,minecraft:forest,water,minecraft:overworld:step.16:city.city_jingchao_capital:p.1,True
-3184,5472,61.0,2.0,3.0,True,minecraft:forest,water,minecraft:overworld:step.16:city.city_jingchao_capital:p.1,True
-3168,5472,62.0,2.0,3.0,False,minecraft:forest,shore,minecraft:overworld:step.16:city.city_jingchao_capital:p.2,True
-3152,5472,62.0,1.0,2.0,False,minecraft:forest,shore,minecraft:overworld:step.16:city.city_jingchao_capital:p.2,True
-3136,5472,62.0,1.0,2.0,False,minecraft:forest,shore,minecraft:overworld:step.16:city.city_jingchao_capital:p.2,True
-3120,5472,62.0,1.0,3.0,False,minecraft:forest,shore,minecraft:overworld:step.16:city.city_jingchao_capital:p.2,True
-3104,5472,62.0,1.0,3.0,False,minecraft:forest,shore,minecraft:overworld:step.16:city.city_jingchao_capital:p.2,True
-3088,5472,63.0,1.0,4.0,False,minecraft:forest,shore,minecraft:overworld:step.16:city.city_jingchao_capital:p.2,True
-3072,5472,63.0,1.0,3.0,False,minecraft:forest,shore,minecraft:overworld:step.16:city.city_jingchao_capital:p.2,True
-3056,5472,63.0,1.0,3.0,False,minecraft:forest,plain,minecraft:overworld:step.16:city.city_jingchao_capital:p.100,True
-3040,5472,63.0,0.0,2.0,False,minecraft:forest,plain,minecraft:overworld:step.16:city.city_jingchao_capital:p.100,True
-3024,5472,63.0,0.0,2.0,False,minecraft:forest,plain,minecraft:overworld:step.16:city.city_jingchao_capital:p.100,True
-3008,5472,63.0,0.0,1.0,False,minecraft:birch_forest,plain,minecraft:overworld:step.16:city.city_jingchao_capital:p.100,True
-2992,5472,63.0,1.0,1.0,False,minecraft:birch_forest,plain,minecraft:overworld:step.16:city.city_jingchao_capital:p.100,True
-2976,5472,63.0,1.0,2.0,False,minecraft:birch_forest,plain,minecraft:overworld:step.16:city.city_jingchao_capital:p.100,True
-2960,5472,63.0,1.0,2.0,False,minecraft:birch_forest,plain,minecraft:overworld:step.16:city.city_jingchao_capital:p.100,True
-2944,5472,63.0,1.0,2.0,False,minecraft:birch_forest,plain,minecraft:overworld:step.16:city.city_jingchao_capital:p.100,True
-2928,5472,63.0,1.0,2.0,False,minecraft:birch_forest,plain,minecraft:overworld:step.16:city.city_jingchao_capital:p.100,True
-2912,5472,63.0,1.0,3.0,False,minecraft:birch_forest,plain,minecraft:overworld:step.16:city.city_jingchao_capital:p.100,True
-2896,5472,63.0,1.0,3.0,False,minecraft:birch_forest,shore,minecraft:overworld:step.16:city.city_jingchao_capital:p.2,True
-2880,5472,62.0,1.0,3.0,False,minecraft:birch_forest,shore,minecraft:overworld:step.16:city.city_jingchao_capital:p.2,True
-2864,5472,62.0,1.0,3.0,False,minecraft:birch_forest,shore,minecraft:overworld:step.16:city.city_jingchao_capital:p.2,True
-2848,5472,63.0,2.0,2.0,False,minecraft:birch_forest,shore,minecraft:overworld:step.16:city.city_jingchao_capital:p.2,True
-2832,5472,62.0,1.0,2.0,False,minecraft:birch_forest,shore,minecraft:overworld:step.16:city.city_jingchao_capital:p.2,True
-2816,5472,62.0,1.0,2.0,False,minecraft:birch_forest,shore,minecraft:overworld:step.16:city.city_jingchao_capital:p.2,True
-2800,5472,62.0,1.0,2.0,False,minecraft:birch_forest,shore,minecraft:overworld:step.16:city.city_jingchao_capital:p.2,True
-2784,5472,62.0,1.0,2.0,False,minecraft:birch_forest,shore,minecraft:overworld:step.16:city.city_jingchao_capital:p.2,True
-2768,5472,62.0,1.0,2.0,False,minecraft:birch_forest,shore,minecraft:overworld:step.16:city.city_jingchao_capital:p.2,True
-2752,5472,62.0,1.0,2.0,False,minecraft:birch_forest,shore,minecraft:overworld:step.16:city.city_jingchao_capital:p.2,True
-2736,5472,61.0,1.0,1.0,True,minecraft:forest,water,minecraft:overworld:step.16:city.city_jingchao_capital:p.109,True
-2720,5472,62.0,1.0,1.0,False,minecraft:forest,shore,minecraft:overworld:step.16:city.city_jingchao_capital:p.2,True
-2704,5472,62.0,0.0,1.0,False,minecraft:forest,shore,minecraft:overworld:step.16:city.city_jingchao_capital:p.2,True
-2688,5472,62.0,0.0,2.0,False,minecraft:forest,shore,minecraft:overworld:step.16:city.city_jingchao_capital:p.2,True
-2672,5472,62.0,1.0,2.0,False,minecraft:forest,shore,minecraft:overworld:step.16:city.city_jingchao_capital:p.2,True
-2656,5472,62.0,1.0,2.0,False,minecraft:forest,shore,minecraft:overworld:step.16:city.city_jingchao_capital:p.2,True
-2640,5472,63.0,1.0,2.0,False,minecraft:forest,plain,minecraft:overworld:step.16:city.city_jingchao_capital:p.110,True
-2624,5472,63.0,1.0,1.0,False,minecraft:forest,plain,minecraft:overworld:step.16:city.city_jingchao_capital:p.110,True
-2608,5472,62.0,1.0,2.0,False,minecraft:forest,shore,minecraft:overworld:step.16:city.city_jingchao_capital:p.2,True
-2592,5472,62.0,1.0,2.0,False,minecraft:forest,shore,minecraft:overworld:step.16:city.city_jingchao_capital:p.2,True
-2576,5472,62.0,1.0,1.0,False,minecraft:forest,shore,minecraft:overworld:step.16:city.city_jingchao_capital:p.2,True
-2560,5472,61.0,1.0,2.0,True,minecraft:forest,water,minecraft:overworld:step.16:city.city_jingchao_capital:p.1,True
-2544,5472,61.0,1.0,2.0,True,minecraft:forest,water,minecraft:overworld:step.16:city.city_jingchao_capital:p.1,True
-2528,5472,60.0,1.0,1.0,True,minecraft:forest,water,minecraft:overworld:step.16:city.city_jingchao_capital:p.1,True
-2512,5472,60.0,0.0,2.0,True,minecraft:forest,water,minecraft:overworld:step.16:city.city_jingchao_capital:p.1,True
-2496,5472,60.0,1.0,2.0,True,minecraft:forest,water,minecraft:overworld:step.16:city.city_jingchao_capital:p.1,True
-2480,5472,59.0,1.0,1.0,True,minecraft:forest,water,minecraft:overworld:step.16:city.city_jingchao_capital:p.1,True
-2464,5472,59.0,1.0,1.0,True,minecraft:forest,water,minecraft:overworld:step.16:city.city_jingchao_capital:p.1,True
-2448,5472,59.0,0.0,1.0,True,minecraft:forest,water,minecraft:overworld:step.16:city.city_jingchao_capital:p.1,True
-2432,5472,59.0,0.0,1.0,True,minecraft:ocean,water,minecraft:overworld:step.16:city.city_jingchao_capital:p.1,True
-3440,5488,55.0,0.0,2.0,True,minecraft:forest,water,minecraft:overworld:step.16:city.city_jingchao_capital:p.1,True
-3424,5488,55.0,1.0,1.0,True,minecraft:forest,water,minecraft:overworld:step.16:city.city_jingchao_capital:p.1,True
-3408,5488,55.0,1.0,2.0,True,minecraft:forest,water,minecraft:overworld:step.16:city.city_jingchao_capital:p.1,True
-3392,5488,56.0,1.0,3.0,True,minecraft:forest,water,minecraft:overworld:step.16:city.city_jingchao_capital:p.1,True
-3376,5488,57.0,1.0,3.0,True,minecraft:forest,water,minecraft:overworld:step.16:city.city_jingchao_capital:p.1,True
-3360,5488,57.0,1.0,2.0,True,minecraft:forest,water,minecraft:overworld:step.16:city.city_jingchao_capital:p.1,True
-3344,5488,58.0,1.0,1.0,True,minecraft:forest,water,minecraft:overworld:step.16:city.city_jingchao_capital:p.1,True
-3328,5488,57.0,1.0,2.0,True,minecraft:forest,water,minecraft:overworld:step.16:city.city_jingchao_capital:p.1,True
-3312,5488,57.0,1.0,2.0,True,minecraft:forest,water,minecraft:overworld:step.16:city.city_jingchao_capital:p.1,True
-3296,5488,56.0,2.0,2.0,True,minecraft:forest,water,minecraft:overworld:step.16:city.city_jingchao_capital:p.1,True
-3280,5488,57.0,1.0,2.0,True,minecraft:forest,water,minecraft:overworld:step.16:city.city_jingchao_capital:p.1,True
-3264,5488,57.0,1.0,3.0,True,minecraft:forest,water,minecraft:overworld:step.16:city.city_jingchao_capital:p.1,True
-3248,5488,58.0,1.0,4.0,True,minecraft:forest,water,minecraft:overworld:step.16:city.city_jingchao_capital:p.1,True
-3232,5488,59.0,1.0,4.0,True,minecraft:forest,water,minecraft:overworld:step.16:city.city_jingchao_capital:p.1,True
-3216,5488,59.0,2.0,3.0,True,minecraft:forest,water,minecraft:overworld:step.16:city.city_jingchao_capital:p.1,True
-3200,5488,60.0,1.0,3.0,True,minecraft:forest,water,minecraft:overworld:step.16:city.city_jingchao_capital:p.1,True
-3184,5488,61.0,2.0,3.0,True,minecraft:forest,water,minecraft:overworld:step.16:city.city_jingchao_capital:p.1,True
-3168,5488,62.0,1.0,3.0,False,minecraft:forest,shore,minecraft:overworld:step.16:city.city_jingchao_capital:p.2,True
-3152,5488,62.0,1.0,2.0,False,minecraft:forest,shore,minecraft:overworld:step.16:city.city_jingchao_capital:p.2,True
-3136,5488,61.0,1.0,2.0,True,minecraft:forest,water,minecraft:overworld:step.16:city.city_jingchao_capital:p.1,True
-3120,5488,61.0,1.0,3.0,True,minecraft:forest,water,minecraft:overworld:step.16:city.city_jingchao_capital:p.1,True
-3104,5488,62.0,2.0,3.0,False,minecraft:forest,shore,minecraft:overworld:step.16:city.city_jingchao_capital:p.2,True
-3088,5488,62.0,1.0,3.0,False,minecraft:forest,shore,minecraft:overworld:step.16:city.city_jingchao_capital:p.2,True
-3072,5488,62.0,1.0,3.0,False,minecraft:forest,shore,minecraft:overworld:step.16:city.city_jingchao_capital:p.2,True
-3056,5488,63.0,1.0,2.0,False,minecraft:forest,shore,minecraft:overworld:step.16:city.city_jingchao_capital:p.2,True
-3040,5488,63.0,1.0,2.0,False,minecraft:forest,plain,minecraft:overworld:step.16:city.city_jingchao_capital:p.100,True
-3024,5488,63.0,0.0,1.0,False,minecraft:forest,plain,minecraft:overworld:step.16:city.city_jingchao_capital:p.100,True
-3008,5488,63.0,0.0,2.0,False,minecraft:forest,plain,minecraft:overworld:step.16:city.city_jingchao_capital:p.100,True
-2992,5488,63.0,0.0,2.0,False,minecraft:birch_forest,plain,minecraft:overworld:step.16:city.city_jingchao_capital:p.100,True
-2976,5488,63.0,0.0,2.0,False,minecraft:birch_forest,plain,minecraft:overworld:step.16:city.city_jingchao_capital:p.100,True
-2960,5488,63.0,1.0,2.0,False,minecraft:birch_forest,shore,minecraft:overworld:step.16:city.city_jingchao_capital:p.2,True
-2944,5488,62.0,1.0,2.0,False,minecraft:birch_forest,shore,minecraft:overworld:step.16:city.city_jingchao_capital:p.2,True
-2928,5488,62.0,1.0,3.0,False,minecraft:birch_forest,shore,minecraft:overworld:step.16:city.city_jingchao_capital:p.2,True
-2912,5488,63.0,1.0,3.0,False,minecraft:birch_forest,shore,minecraft:overworld:step.16:city.city_jingchao_capital:p.2,True
-2896,5488,62.0,1.0,3.0,False,minecraft:birch_forest,shore,minecraft:overworld:step.16:city.city_jingchao_capital:p.2,True
-2880,5488,62.0,1.0,3.0,False,minecraft:birch_forest,shore,minecraft:overworld:step.16:city.city_jingchao_capital:p.2,True
-2864,5488,61.0,2.0,2.0,True,minecraft:birch_forest,water,minecraft:overworld:step.16:city.city_jingchao_capital:p.1,True
-2848,5488,62.0,1.0,2.0,False,minecraft:birch_forest,shore,minecraft:overworld:step.16:city.city_jingchao_capital:p.2,True
-2832,5488,62.0,1.0,2.0,False,minecraft:birch_forest,shore,minecraft:overworld:step.16:city.city_jingchao_capital:p.2,True
-2816,5488,61.0,1.0,2.0,True,minecraft:birch_forest,water,minecraft:overworld:step.16:city.city_jingchao_capital:p.1,True
-2800,5488,61.0,1.0,2.0,True,minecraft:birch_forest,water,minecraft:overworld:step.16:city.city_jingchao_capital:p.1,True
-2784,5488,62.0,1.0,2.0,False,minecraft:birch_forest,shore,minecraft:overworld:step.16:city.city_jingchao_capital:p.2,True
-2768,5488,62.0,1.0,1.0,False,minecraft:birch_forest,shore,minecraft:overworld:step.16:city.city_jingchao_capital:p.2,True
-2752,5488,61.0,1.0,1.0,True,minecraft:birch_forest,water,minecraft:overworld:step.16:city.city_jingchao_capital:p.109,True
-2736,5488,61.0,1.0,1.0,True,minecraft:birch_forest,water,minecraft:overworld:step.16:city.city_jingchao_capital:p.109,True
-2720,5488,62.0,1.0,1.0,False,minecraft:forest,shore,minecraft:overworld:step.16:city.city_jingchao_capital:p.2,True
-2704,5488,62.0,0.0,2.0,False,minecraft:forest,shore,minecraft:overworld:step.16:city.city_jingchao_capital:p.2,True
-2688,5488,62.0,0.0,1.0,False,minecraft:forest,shore,minecraft:overworld:step.16:city.city_jingchao_capital:p.2,True
-2672,5488,62.0,1.0,1.0,False,minecraft:forest,shore,minecraft:overworld:step.16:city.city_jingchao_capital:p.2,True
-2656,5488,63.0,1.0,1.0,False,minecraft:forest,plain,minecraft:overworld:step.16:city.city_jingchao_capital:p.110,True
-2640,5488,63.0,1.0,2.0,False,minecraft:forest,plain,minecraft:overworld:step.16:city.city_jingchao_capital:p.110,True
-2624,5488,63.0,1.0,2.0,False,minecraft:forest,shore,minecraft:overworld:step.16:city.city_jingchao_capital:p.2,True
-2608,5488,62.0,1.0,2.0,False,minecraft:forest,shore,minecraft:overworld:step.16:city.city_jingchao_capital:p.2,True
-2592,5488,62.0,1.0,2.0,False,minecraft:forest,shore,minecraft:overworld:step.16:city.city_jingchao_capital:p.2,True
-2576,5488,62.0,1.0,1.0,False,minecraft:forest,shore,minecraft:overworld:step.16:city.city_jingchao_capital:p.2,True
-2560,5488,61.0,1.0,2.0,True,minecraft:forest,water,minecraft:overworld:step.16:city.city_jingchao_capital:p.1,True
-2544,5488,61.0,1.0,2.0,True,minecraft:forest,water,minecraft:overworld:step.16:city.city_jingchao_capital:p.1,True
-2528,5488,60.0,1.0,1.0,True,minecraft:forest,water,minecraft:overworld:step.16:city.city_jingchao_capital:p.1,True
-2512,5488,60.0,1.0,2.0,True,minecraft:forest,water,minecraft:overworld:step.16:city.city_jingchao_capital:p.1,True
-2496,5488,60.0,1.0,2.0,True,minecraft:forest,water,minecraft:overworld:step.16:city.city_jingchao_capital:p.1,True
-2480,5488,60.0,1.0,1.0,True,minecraft:forest,water,minecraft:overworld:step.16:city.city_jingchao_capital:p.1,True
-2464,5488,59.0,1.0,1.0,True,minecraft:forest,water,minecraft:overworld:step.16:city.city_jingchao_capital:p.1,True
-2448,5488,59.0,1.0,1.0,True,minecraft:forest,water,minecraft:overworld:step.16:city.city_jingchao_capital:p.1,True
-2432,5488,59.0,0.0,1.0,True,minecraft:forest,water,minecraft:overworld:step.16:city.city_jingchao_capital:p.1,True
-3440,5504,55.0,0.0,2.0,True,minecraft:forest,water,minecraft:overworld:step.16:city.city_jingchao_capital:p.1,True
-3424,5504,55.0,1.0,1.0,True,minecraft:forest,water,minecraft:overworld:step.16:city.city_jingchao_capital:p.1,True
-3408,5504,55.0,1.0,2.0,True,minecraft:forest,water,minecraft:overworld:step.16:city.city_jingchao_capital:p.1,True
-3392,5504,56.0,1.0,3.0,True,minecraft:forest,water,minecraft:overworld:step.16:city.city_jingchao_capital:p.1,True
-3376,5504,57.0,1.0,3.0,True,minecraft:forest,water,minecraft:overworld:step.16:city.city_jingchao_capital:p.1,True
-3360,5504,58.0,1.0,2.0,True,minecraft:forest,water,minecraft:overworld:step.16:city.city_jingchao_capital:p.1,True
-3344,5504,58.0,1.0,1.0,True,minecraft:forest,water,minecraft:overworld:step.16:city.city_jingchao_capital:p.1,True
-3328,5504,58.0,1.0,2.0,True,minecraft:forest,water,minecraft:overworld:step.16:city.city_jingchao_capital:p.1,True
-3312,5504,58.0,2.0,2.0,True,minecraft:forest,water,minecraft:overworld:step.16:city.city_jingchao_capital:p.1,True
-3296,5504,57.0,1.0,2.0,True,minecraft:forest,water,minecraft:overworld:step.16:city.city_jingchao_capital:p.1,True
-3280,5504,57.0,1.0,2.0,True,minecraft:forest,water,minecraft:overworld:step.16:city.city_jingchao_capital:p.1,True
-3264,5504,57.0,1.0,4.0,True,minecraft:forest,water,minecraft:overworld:step.16:city.city_jingchao_capital:p.1,True
-3248,5504,58.0,1.0,4.0,True,minecraft:forest,water,minecraft:overworld:step.16:city.city_jingchao_capital:p.1,True
-3232,5504,59.0,2.0,4.0,True,minecraft:forest,water,minecraft:overworld:step.16:city.city_jingchao_capital:p.1,True
-3216,5504,60.0,1.0,3.0,True,minecraft:forest,water,minecraft:overworld:step.16:city.city_jingchao_capital:p.1,True
-3200,5504,61.0,2.0,3.0,True,minecraft:forest,water,minecraft:overworld:step.16:city.city_jingchao_capital:p.1,True
-3184,5504,61.0,1.0,3.0,True,minecraft:forest,water,minecraft:overworld:step.16:city.city_jingchao_capital:p.1,True
-3168,5504,61.0,1.0,3.0,True,minecraft:forest,water,minecraft:overworld:step.16:city.city_jingchao_capital:p.1,True
-3152,5504,61.0,1.0,2.0,True,minecraft:forest,water,minecraft:overworld:step.16:city.city_jingchao_capital:p.1,True
-3136,5504,61.0,1.0,2.0,True,minecraft:forest,water,minecraft:overworld:step.16:city.city_jingchao_capital:p.1,True
-3120,5504,60.0,2.0,3.0,True,minecraft:forest,water,minecraft:overworld:step.16:city.city_jingchao_capital:p.1,True
-3104,5504,61.0,1.0,3.0,True,minecraft:forest,water,minecraft:overworld:step.16:city.city_jingchao_capital:p.1,True
-3088,5504,61.0,1.0,3.0,True,minecraft:forest,water,minecraft:overworld:step.16:city.city_jingchao_capital:p.1,True
-3072,5504,62.0,1.0,3.0,False,minecraft:forest,shore,minecraft:overworld:step.16:city.city_jingchao_capital:p.2,True
-3056,5504,62.0,1.0,3.0,False,minecraft:forest,shore,minecraft:overworld:step.16:city.city_jingchao_capital:p.2,True
-3040,5504,63.0,1.0,2.0,False,minecraft:forest,shore,minecraft:overworld:step.16:city.city_jingchao_capital:p.2,True
-3024,5504,63.0,1.0,1.0,False,minecraft:forest,plain,minecraft:overworld:step.16:city.city_jingchao_capital:p.100,True
-3008,5504,63.0,1.0,1.0,False,minecraft:forest,plain,minecraft:overworld:step.16:city.city_jingchao_capital:p.100,True
-2992,5504,63.0,1.0,2.0,False,minecraft:forest,plain,minecraft:overworld:step.16:city.city_jingchao_capital:p.100,True
-2976,5504,63.0,1.0,2.0,False,minecraft:forest,shore,minecraft:overworld:step.16:city.city_jingchao_capital:p.2,True
-2960,5504,63.0,1.0,2.0,False,minecraft:birch_forest,shore,minecraft:overworld:step.16:city.city_jingchao_capital:p.2,True
-2944,5504,62.0,1.0,2.0,False,minecraft:birch_forest,shore,minecraft:overworld:step.16:city.city_jingchao_capital:p.2,True
-2928,5504,62.0,1.0,2.0,False,minecraft:birch_forest,shore,minecraft:overworld:step.16:city.city_jingchao_capital:p.2,True
-2912,5504,62.0,1.0,2.0,False,minecraft:birch_forest,shore,minecraft:overworld:step.16:city.city_jingchao_capital:p.2,True
-2896,5504,62.0,1.0,2.0,False,minecraft:birch_forest,shore,minecraft:overworld:step.16:city.city_jingchao_capital:p.2,True
-2880,5504,61.0,1.0,2.0,True,minecraft:birch_forest,water,minecraft:overworld:step.16:city.city_jingchao_capital:p.1,True
-2864,5504,61.0,1.0,2.0,True,minecraft:birch_forest,water,minecraft:overworld:step.16:city.city_jingchao_capital:p.1,True
-2848,5504,61.0,1.0,2.0,True,minecraft:birch_forest,water,minecraft:overworld:step.16:city.city_jingchao_capital:p.1,True
-2832,5504,61.0,1.0,2.0,True,minecraft:birch_forest,water,minecraft:overworld:step.16:city.city_jingchao_capital:p.1,True
-2816,5504,61.0,1.0,2.0,True,minecraft:birch_forest,water,minecraft:overworld:step.16:city.city_jingchao_capital:p.1,True
-2800,5504,61.0,1.0,1.0,True,minecraft:birch_forest,water,minecraft:overworld:step.16:city.city_jingchao_capital:p.1,True
-2784,5504,61.0,1.0,1.0,True,minecraft:birch_forest,water,minecraft:overworld:step.16:city.city_jingchao_capital:p.1,True
-2768,5504,62.0,1.0,1.0,False,minecraft:birch_forest,shore,minecraft:overworld:step.16:city.city_jingchao_capital:p.2,True
-2752,5504,62.0,1.0,1.0,False,minecraft:birch_forest,shore,minecraft:overworld:step.16:city.city_jingchao_capital:p.2,True
-2736,5504,61.0,1.0,1.0,True,minecraft:birch_forest,water,minecraft:overworld:step.16:city.city_jingchao_capital:p.109,True
-2720,5504,62.0,1.0,1.0,False,minecraft:forest,shore,minecraft:overworld:step.16:city.city_jingchao_capital:p.2,True
-2704,5504,62.0,0.0,2.0,False,minecraft:forest,shore,minecraft:overworld:step.16:city.city_jingchao_capital:p.2,True
-2688,5504,62.0,1.0,1.0,False,minecraft:forest,shore,minecraft:overworld:step.16:city.city_jingchao_capital:p.2,True
-2672,5504,62.0,1.0,1.0,False,minecraft:forest,plain,minecraft:overworld:step.16:city.city_jingchao_capital:p.110,True
-2656,5504,63.0,1.0,1.0,False,minecraft:forest,plain,minecraft:overworld:step.16:city.city_jingchao_capital:p.110,True
-2640,5504,63.0,1.0,2.0,False,minecraft:forest,shore,minecraft:overworld:step.16:city.city_jingchao_capital:p.2,True
-2624,5504,62.0,1.0,2.0,False,minecraft:forest,shore,minecraft:overworld:step.16:city.city_jingchao_capital:p.2,True
-2608,5504,62.0,1.0,2.0,False,minecraft:forest,shore,minecraft:overworld:step.16:city.city_jingchao_capital:p.2,True
-2592,5504,62.0,1.0,2.0,False,minecraft:forest,shore,minecraft:overworld:step.16:city.city_jingchao_capital:p.2,True
-2576,5504,61.0,1.0,1.0,True,minecraft:forest,water,minecraft:overworld:step.16:city.city_jingchao_capital:p.1,True
-2560,5504,61.0,1.0,2.0,True,minecraft:forest,water,minecraft:overworld:step.16:city.city_jingchao_capital:p.1,True
-2544,5504,61.0,1.0,2.0,True,minecraft:forest,water,minecraft:overworld:step.16:city.city_jingchao_capital:p.1,True
-2528,5504,61.0,1.0,1.0,True,minecraft:forest,water,minecraft:overworld:step.16:city.city_jingchao_capital:p.1,True
-2512,5504,60.0,1.0,2.0,True,minecraft:forest,water,minecraft:overworld:step.16:city.city_jingchao_capital:p.1,True
-2496,5504,60.0,0.0,2.0,True,minecraft:forest,water,minecraft:overworld:step.16:city.city_jingchao_capital:p.1,True
-2480,5504,60.0,1.0,1.0,True,minecraft:forest,water,minecraft:overworld:step.16:city.city_jingchao_capital:p.1,True
-2464,5504,60.0,1.0,1.0,True,minecraft:forest,water,minecraft:overworld:step.16:city.city_jingchao_capital:p.1,True
-2448,5504,59.0,1.0,1.0,True,minecraft:forest,water,minecraft:overworld:step.16:city.city_jingchao_capital:p.1,True
-2432,5504,59.0,1.0,1.0,True,minecraft:forest,water,minecraft:overworld:step.16:city.city_jingchao_capital:p.1,True
-3440,5520,55.0,0.0,2.0,True,minecraft:forest,water,minecraft:overworld:step.16:city.city_jingchao_capital:p.1,True
-3424,5520,55.0,1.0,1.0,True,minecraft:forest,water,minecraft:overworld:step.16:city.city_jingchao_capital:p.1,True
-3408,5520,56.0,1.0,2.0,True,minecraft:forest,water,minecraft:overworld:step.16:city.city_jingchao_capital:p.1,True
-3392,5520,56.0,1.0,3.0,True,minecraft:forest,water,minecraft:overworld:step.16:city.city_jingchao_capital:p.1,True
-3376,5520,57.0,1.0,4.0,True,minecraft:forest,water,minecraft:overworld:step.16:city.city_jingchao_capital:p.1,True
-3360,5520,57.0,1.0,3.0,True,minecraft:forest,water,minecraft:overworld:step.16:city.city_jingchao_capital:p.1,True
-3344,5520,58.0,1.0,2.0,True,minecraft:forest,water,minecraft:overworld:step.16:city.city_jingchao_capital:p.1,True
-3328,5520,58.0,0.0,3.0,True,minecraft:forest,water,minecraft:overworld:step.16:city.city_jingchao_capital:p.1,True
-3312,5520,58.0,1.0,3.0,True,minecraft:forest,water,minecraft:overworld:step.16:city.city_jingchao_capital:p.1,True
-3296,5520,57.0,1.0,3.0,True,minecraft:forest,water,minecraft:overworld:step.16:city.city_jingchao_capital:p.1,True
-3280,5520,57.0,0.0,2.0,True,minecraft:forest,water,minecraft:overworld:step.16:city.city_jingchao_capital:p.1,True
-3264,5520,57.0,1.0,4.0,True,minecraft:forest,water,minecraft:overworld:step.16:city.city_jingchao_capital:p.1,True
-3248,5520,58.0,2.0,4.0,True,minecraft:forest,water,minecraft:overworld:step.16:city.city_jingchao_capital:p.1,True
-3232,5520,59.0,2.0,4.0,True,minecraft:forest,water,minecraft:overworld:step.16:city.city_jingchao_capital:p.1,True
-3216,5520,61.0,2.0,3.0,True,minecraft:forest,water,minecraft:overworld:step.16:city.city_jingchao_capital:p.1,True
-3200,5520,61.0,1.0,3.0,True,minecraft:forest,water,minecraft:overworld:step.16:city.city_jingchao_capital:p.1,True
-3184,5520,60.0,1.0,3.0,True,minecraft:forest,water,minecraft:overworld:step.16:city.city_jingchao_capital:p.1,True
-3168,5520,60.0,1.0,2.0,True,minecraft:forest,water,minecraft:overworld:step.16:city.city_jingchao_capital:p.1,True
-3152,5520,60.0,1.0,2.0,True,minecraft:forest,water,minecraft:overworld:step.16:city.city_jingchao_capital:p.1,True
-3136,5520,60.0,1.0,3.0,True,minecraft:forest,water,minecraft:overworld:step.16:city.city_jingchao_capital:p.1,True
-3120,5520,60.0,1.0,3.0,True,minecraft:forest,water,minecraft:overworld:step.16:city.city_jingchao_capital:p.1,True
-3104,5520,60.0,1.0,3.0,True,minecraft:forest,water,minecraft:overworld:step.16:city.city_jingchao_capital:p.1,True
-3088,5520,61.0,1.0,4.0,True,minecraft:forest,water,minecraft:overworld:step.16:city.city_jingchao_capital:p.1,True
-3072,5520,61.0,1.0,4.0,True,minecraft:forest,water,minecraft:overworld:step.16:city.city_jingchao_capital:p.1,True
-3056,5520,62.0,1.0,3.0,False,minecraft:forest,shore,minecraft:overworld:step.16:city.city_jingchao_capital:p.2,True
-3040,5520,63.0,1.0,3.0,False,minecraft:forest,shore,minecraft:overworld:step.16:city.city_jingchao_capital:p.2,True
-3024,5520,63.0,1.0,2.0,False,minecraft:forest,shore,minecraft:overworld:step.16:city.city_jingchao_capital:p.2,True
-3008,5520,62.0,1.0,1.0,False,minecraft:forest,plain,minecraft:overworld:step.16:city.city_jingchao_capital:p.100,True
-2992,5520,62.0,1.0,2.0,False,minecraft:forest,shore,minecraft:overworld:step.16:city.city_jingchao_capital:p.2,True
-2976,5520,62.0,1.0,2.0,False,minecraft:forest,shore,minecraft:overworld:step.16:city.city_jingchao_capital:p.2,True
-2960,5520,62.0,1.0,2.0,False,minecraft:birch_forest,shore,minecraft:overworld:step.16:city.city_jingchao_capital:p.2,True
-2944,5520,62.0,1.0,2.0,False,minecraft:birch_forest,shore,minecraft:overworld:step.16:city.city_jingchao_capital:p.2,True
-2928,5520,62.0,1.0,2.0,False,minecraft:birch_forest,shore,minecraft:overworld:step.16:city.city_jingchao_capital:p.2,True
-2912,5520,62.0,1.0,2.0,False,minecraft:birch_forest,shore,minecraft:overworld:step.16:city.city_jingchao_capital:p.2,True
-2896,5520,61.0,1.0,2.0,True,minecraft:birch_forest,water,minecraft:overworld:step.16:city.city_jingchao_capital:p.1,True
-2880,5520,61.0,1.0,2.0,True,minecraft:birch_forest,water,minecraft:overworld:step.16:city.city_jingchao_capital:p.1,True
-2864,5520,61.0,0.0,1.0,True,minecraft:birch_forest,water,minecraft:overworld:step.16:city.city_jingchao_capital:p.1,True
-2848,5520,61.0,0.0,1.0,True,minecraft:birch_forest,water,minecraft:overworld:step.16:city.city_jingchao_capital:p.1,True
-2832,5520,61.0,0.0,1.0,True,minecraft:birch_forest,water,minecraft:overworld:step.16:city.city_jingchao_capital:p.1,True
-2816,5520,61.0,0.0,1.0,True,minecraft:birch_forest,water,minecraft:overworld:step.16:city.city_jingchao_capital:p.1,True
-2800,5520,61.0,0.0,1.0,True,minecraft:birch_forest,water,minecraft:overworld:step.16:city.city_jingchao_capital:p.1,True
-2784,5520,61.0,1.0,1.0,True,minecraft:birch_forest,water,minecraft:overworld:step.16:city.city_jingchao_capital:p.1,True
-2768,5520,61.0,1.0,1.0,True,minecraft:birch_forest,water,minecraft:overworld:step.16:city.city_jingchao_capital:p.1,True
-2752,5520,62.0,1.0,1.0,False,minecraft:birch_forest,shore,minecraft:overworld:step.16:city.city_jingchao_capital:p.2,True
-2736,5520,62.0,1.0,1.0,False,minecraft:birch_forest,shore,minecraft:overworld:step.16:city.city_jingchao_capital:p.2,True
-2720,5520,62.0,1.0,1.0,False,minecraft:forest,shore,minecraft:overworld:step.16:city.city_jingchao_capital:p.2,True
-2704,5520,62.0,0.0,2.0,False,minecraft:forest,shore,minecraft:overworld:step.16:city.city_jingchao_capital:p.2,True
-2688,5520,62.0,1.0,1.0,False,minecraft:forest,plain,minecraft:overworld:step.16:city.city_jingchao_capital:p.110,True
-2672,5520,63.0,1.0,1.0,False,minecraft:forest,plain,minecraft:overworld:step.16:city.city_jingchao_capital:p.110,True
-2656,5520,63.0,1.0,1.0,False,minecraft:forest,shore,minecraft:overworld:step.16:city.city_jingchao_capital:p.2,True
-2640,5520,62.0,1.0,2.0,False,minecraft:forest,shore,minecraft:overworld:step.16:city.city_jingchao_capital:p.2,True
-2624,5520,62.0,1.0,2.0,False,minecraft:forest,shore,minecraft:overworld:step.16:city.city_jingchao_capital:p.2,True
-2608,5520,61.0,1.0,2.0,True,minecraft:forest,water,minecraft:overworld:step.16:city.city_jingchao_capital:p.1,True
-2592,5520,61.0,1.0,2.0,True,minecraft:forest,water,minecraft:overworld:step.16:city.city_jingchao_capital:p.1,True
-2576,5520,61.0,1.0,1.0,True,minecraft:forest,water,minecraft:overworld:step.16:city.city_jingchao_capital:p.1,True
-2560,5520,61.0,0.0,2.0,True,minecraft:forest,water,minecraft:overworld:step.16:city.city_jingchao_capital:p.1,True
-2544,5520,61.0,1.0,2.0,True,minecraft:forest,water,minecraft:overworld:step.16:city.city_jingchao_capital:p.1,True
-2528,5520,60.0,1.0,1.0,True,minecraft:forest,water,minecraft:overworld:step.16:city.city_jingchao_capital:p.1,True
-2512,5520,60.0,1.0,1.0,True,minecraft:forest,water,minecraft:overworld:step.16:city.city_jingchao_capital:p.1,True
-2496,5520,60.0,0.0,2.0,True,minecraft:forest,water,minecraft:overworld:step.16:city.city_jingchao_capital:p.1,True
-2480,5520,60.0,0.0,1.0,True,minecraft:forest,water,minecraft:overworld:step.16:city.city_jingchao_capital:p.1,True
-2464,5520,60.0,1.0,1.0,True,minecraft:forest,water,minecraft:overworld:step.16:city.city_jingchao_capital:p.1,True
-2448,5520,60.0,1.0,1.0,True,minecraft:forest,water,minecraft:overworld:step.16:city.city_jingchao_capital:p.1,True
-2432,5520,59.0,1.0,1.0,True,minecraft:forest,water,minecraft:overworld:step.16:city.city_jingchao_capital:p.1,True
-3440,5536,55.0,0.0,2.0,True,minecraft:dark_forest,water,minecraft:overworld:step.16:city.city_jingchao_capital:p.1,True
-3424,5536,55.0,1.0,1.0,True,minecraft:forest,water,minecraft:overworld:step.16:city.city_jingchao_capital:p.1,True
-3408,5536,56.0,1.0,2.0,True,minecraft:forest,water,minecraft:overworld:step.16:city.city_jingchao_capital:p.1,True
-3392,5536,56.0,1.0,3.0,True,minecraft:forest,water,minecraft:overworld:step.16:city.city_jingchao_capital:p.1,True
-3376,5536,57.0,1.0,4.0,True,minecraft:forest,water,minecraft:overworld:step.16:city.city_jingchao_capital:p.1,True
-3360,5536,57.0,2.0,3.0,True,minecraft:forest,water,minecraft:overworld:step.16:city.city_jingchao_capital:p.1,True
-3344,5536,58.0,1.0,2.0,True,minecraft:forest,water,minecraft:overworld:step.16:city.city_jingchao_capital:p.1,True
-3328,5536,58.0,1.0,2.0,True,minecraft:forest,water,minecraft:overworld:step.16:city.city_jingchao_capital:p.1,True
-3312,5536,58.0,1.0,2.0,True,minecraft:forest,water,minecraft:overworld:step.16:city.city_jingchao_capital:p.1,True
-3296,5536,57.0,1.0,2.0,True,minecraft:forest,water,minecraft:overworld:step.16:city.city_jingchao_capital:p.1,True
-3280,5536,57.0,0.0,1.0,True,minecraft:forest,water,minecraft:overworld:step.16:city.city_jingchao_capital:p.1,True
-3264,5536,57.0,1.0,3.0,True,minecraft:forest,water,minecraft:overworld:step.16:city.city_jingchao_capital:p.1,True
-3248,5536,58.0,2.0,4.0,True,minecraft:forest,water,minecraft:overworld:step.16:city.city_jingchao_capital:p.1,True
-3232,5536,60.0,2.0,4.0,True,minecraft:forest,water,minecraft:overworld:step.16:city.city_jingchao_capital:p.1,True
-3216,5536,61.0,2.0,3.0,True,minecraft:forest,water,minecraft:overworld:step.16:city.city_jingchao_capital:p.1,True
-3200,5536,60.0,1.0,2.0,True,minecraft:forest,water,minecraft:overworld:step.16:city.city_jingchao_capital:p.1,True
-3184,5536,60.0,1.0,2.0,True,minecraft:forest,water,minecraft:overworld:step.16:city.city_jingchao_capital:p.1,True
-3168,5536,60.0,0.0,2.0,True,minecraft:forest,water,minecraft:overworld:step.16:city.city_jingchao_capital:p.1,True
-3152,5536,60.0,0.0,2.0,True,minecraft:forest,water,minecraft:overworld:step.16:city.city_jingchao_capital:p.1,True
-3136,5536,60.0,0.0,2.0,True,minecraft:forest,water,minecraft:overworld:step.16:city.city_jingchao_capital:p.1,True
-3120,5536,60.0,1.0,2.0,True,minecraft:forest,water,minecraft:overworld:step.16:city.city_jingchao_capital:p.1,True
-3104,5536,60.0,1.0,3.0,True,minecraft:forest,water,minecraft:overworld:step.16:city.city_jingchao_capital:p.1,True
-3088,5536,60.0,1.0,3.0,True,minecraft:forest,water,minecraft:overworld:step.16:city.city_jingchao_capital:p.1,True
-3072,5536,61.0,1.0,4.0,True,minecraft:forest,water,minecraft:overworld:step.16:city.city_jingchao_capital:p.1,True
-3056,5536,62.0,2.0,3.0,False,minecraft:forest,shore,minecraft:overworld:step.16:city.city_jingchao_capital:p.2,True
-3040,5536,62.0,1.0,3.0,False,minecraft:forest,shore,minecraft:overworld:step.16:city.city_jingchao_capital:p.2,True
-3024,5536,62.0,1.0,3.0,False,minecraft:forest,shore,minecraft:overworld:step.16:city.city_jingchao_capital:p.2,True
-3008,5536,62.0,1.0,2.0,False,minecraft:forest,shore,minecraft:overworld:step.16:city.city_jingchao_capital:p.2,True
-2992,5536,62.0,0.0,2.0,False,minecraft:forest,shore,minecraft:overworld:step.16:city.city_jingchao_capital:p.2,True
-2976,5536,62.0,1.0,3.0,False,minecraft:forest,shore,minecraft:overworld:step.16:city.city_jingchao_capital:p.2,True
-2960,5536,61.0,1.0,3.0,True,minecraft:forest,water,minecraft:overworld:step.16:city.city_jingchao_capital:p.1,True
-2944,5536,61.0,1.0,3.0,True,minecraft:birch_forest,water,minecraft:overworld:step.16:city.city_jingchao_capital:p.1,True
-2928,5536,61.0,1.0,3.0,True,minecraft:birch_forest,water,minecraft:overworld:step.16:city.city_jingchao_capital:p.1,True
-2912,5536,62.0,1.0,2.0,False,minecraft:birch_forest,shore,minecraft:overworld:step.16:city.city_jingchao_capital:p.2,True
-2896,5536,61.0,1.0,2.0,True,minecraft:birch_forest,water,minecraft:overworld:step.16:city.city_jingchao_capital:p.1,True
-2880,5536,61.0,0.0,1.0,True,minecraft:birch_forest,water,minecraft:overworld:step.16:city.city_jingchao_capital:p.1,True
-2864,5536,61.0,0.0,1.0,True,minecraft:birch_forest,water,minecraft:overworld:step.16:city.city_jingchao_capital:p.1,True
-2848,5536,61.0,0.0,0.0,True,minecraft:birch_forest,water,minecraft:overworld:step.16:city.city_jingchao_capital:p.1,True
-2832,5536,61.0,0.0,1.0,True,minecraft:birch_forest,water,minecraft:overworld:step.16:city.city_jingchao_capital:p.1,True
-2816,5536,61.0,0.0,1.0,True,minecraft:birch_forest,water,minecraft:overworld:step.16:city.city_jingchao_capital:p.1,True
-2800,5536,61.0,1.0,1.0,True,minecraft:birch_forest,water,minecraft:overworld:step.16:city.city_jingchao_capital:p.1,True
-2784,5536,61.0,1.0,1.0,True,minecraft:birch_forest,water,minecraft:overworld:step.16:city.city_jingchao_capital:p.1,True
-2768,5536,62.0,1.0,1.0,False,minecraft:birch_forest,shore,minecraft:overworld:step.16:city.city_jingchao_capital:p.2,True
-2752,5536,62.0,1.0,1.0,False,minecraft:birch_forest,shore,minecraft:overworld:step.16:city.city_jingchao_capital:p.2,True
-2736,5536,62.0,1.0,1.0,False,minecraft:birch_forest,shore,minecraft:overworld:step.16:city.city_jingchao_capital:p.2,True
-2720,5536,62.0,0.0,1.0,False,minecraft:forest,shore,minecraft:overworld:step.16:city.city_jingchao_capital:p.2,True
-2704,5536,62.0,0.0,2.0,False,minecraft:forest,plain,minecraft:overworld:step.16:city.city_jingchao_capital:p.110,True
-2688,5536,62.0,1.0,1.0,False,minecraft:forest,plain,minecraft:overworld:step.16:city.city_jingchao_capital:p.110,True
-2672,5536,62.0,1.0,1.0,False,minecraft:forest,shore,minecraft:overworld:step.16:city.city_jingchao_capital:p.2,True
-2656,5536,63.0,1.0,1.0,False,minecraft:forest,shore,minecraft:overworld:step.16:city.city_jingchao_capital:p.2,True
-2640,5536,62.0,1.0,2.0,False,minecraft:forest,shore,minecraft:overworld:step.16:city.city_jingchao_capital:p.2,True
-2624,5536,62.0,1.0,2.0,False,minecraft:forest,shore,minecraft:overworld:step.16:city.city_jingchao_capital:p.2,True
-2608,5536,61.0,1.0,2.0,True,minecraft:forest,water,minecraft:overworld:step.16:city.city_jingchao_capital:p.1,True
-2592,5536,62.0,1.0,1.0,False,minecraft:forest,shore,minecraft:overworld:step.16:city.city_jingchao_capital:p.2,True
-2576,5536,61.0,1.0,2.0,True,minecraft:forest,water,minecraft:overworld:step.16:city.city_jingchao_capital:p.1,True
-2560,5536,61.0,0.0,2.0,True,minecraft:forest,water,minecraft:overworld:step.16:city.city_jingchao_capital:p.1,True
-2544,5536,61.0,1.0,1.0,True,minecraft:forest,water,minecraft:overworld:step.16:city.city_jingchao_capital:p.1,True
-2528,5536,61.0,1.0,1.0,True,minecraft:forest,water,minecraft:overworld:step.16:city.city_jingchao_capital:p.1,True
-2512,5536,60.0,1.0,1.0,True,minecraft:forest,water,minecraft:overworld:step.16:city.city_jingchao_capital:p.1,True
-2496,5536,60.0,0.0,1.0,True,minecraft:forest,water,minecraft:overworld:step.16:city.city_jingchao_capital:p.1,True
-2480,5536,60.0,0.0,1.0,True,minecraft:forest,water,minecraft:overworld:step.16:city.city_jingchao_capital:p.1,True
-2464,5536,60.0,0.0,1.0,True,minecraft:forest,water,minecraft:overworld:step.16:city.city_jingchao_capital:p.1,True
-2448,5536,60.0,1.0,1.0,True,minecraft:forest,water,minecraft:overworld:step.16:city.city_jingchao_capital:p.1,True
-2432,5536,60.0,1.0,1.0,True,minecraft:ocean,water,minecraft:overworld:step.16:city.city_jingchao_capital:p.1,True
-3440,5552,55.0,1.0,2.0,True,minecraft:dark_forest,water,minecraft:overworld:step.16:city.city_jingchao_capital:p.1,True
-3424,5552,55.0,1.0,3.0,True,minecraft:forest,water,minecraft:overworld:step.16:city.city_jingchao_capital:p.1,True
-3408,5552,56.0,1.0,3.0,True,minecraft:forest,water,minecraft:overworld:step.16:city.city_jingchao_capital:p.1,True
-3392,5552,56.0,1.0,4.0,True,minecraft:forest,water,minecraft:overworld:step.16:city.city_jingchao_capital:p.1,True
-3376,5552,57.0,1.0,3.0,True,minecraft:forest,water,minecraft:overworld:step.16:city.city_jingchao_capital:p.1,True
-3360,5552,58.0,1.0,3.0,True,minecraft:forest,water,minecraft:overworld:step.16:city.city_jingchao_capital:p.1,True
-3344,5552,59.0,2.0,2.0,True,minecraft:forest,water,minecraft:overworld:step.16:city.city_jingchao_capital:p.1,True
-3328,5552,59.0,1.0,2.0,True,minecraft:forest,water,minecraft:overworld:step.16:city.city_jingchao_capital:p.1,True
-3312,5552,58.0,1.0,2.0,True,minecraft:forest,water,minecraft:overworld:step.16:city.city_jingchao_capital:p.1,True
-3296,5552,57.0,1.0,2.0,True,minecraft:forest,water,minecraft:overworld:step.16:city.city_jingchao_capital:p.1,True
-3280,5552,57.0,1.0,2.0,True,minecraft:forest,water,minecraft:overworld:step.16:city.city_jingchao_capital:p.1,True
-3264,5552,57.0,1.0,3.0,True,minecraft:forest,water,minecraft:overworld:step.16:city.city_jingchao_capital:p.1,True
-3248,5552,58.0,2.0,4.0,True,minecraft:forest,water,minecraft:overworld:step.16:city.city_jingchao_capital:p.1,True
-3232,5552,60.0,2.0,4.0,True,minecraft:forest,water,minecraft:overworld:step.16:city.city_jingchao_capital:p.1,True
-3216,5552,60.0,1.0,3.0,True,minecraft:forest,water,minecraft:overworld:step.16:city.city_jingchao_capital:p.1,True
-3200,5552,60.0,1.0,2.0,True,minecraft:forest,water,minecraft:overworld:step.16:city.city_jingchao_capital:p.1,True
-3184,5552,60.0,1.0,2.0,True,minecraft:forest,water,minecraft:overworld:step.16:city.city_jingchao_capital:p.1,True
-3168,5552,60.0,1.0,2.0,True,minecraft:forest,water,minecraft:overworld:step.16:city.city_jingchao_capital:p.1,True
-3152,5552,60.0,1.0,1.0,True,minecraft:forest,water,minecraft:overworld:step.16:city.city_jingchao_capital:p.1,True
-3136,5552,60.0,1.0,1.0,True,minecraft:forest,water,minecraft:overworld:step.16:city.city_jingchao_capital:p.1,True
-3120,5552,60.0,1.0,2.0,True,minecraft:forest,water,minecraft:overworld:step.16:city.city_jingchao_capital:p.1,True
-3104,5552,59.0,1.0,2.0,True,minecraft:forest,water,minecraft:overworld:step.16:city.city_jingchao_capital:p.1,True
-3088,5552,60.0,1.0,3.0,True,minecraft:forest,water,minecraft:overworld:step.16:city.city_jingchao_capital:p.1,True
-3072,5552,60.0,2.0,4.0,True,minecraft:forest,water,minecraft:overworld:step.16:city.city_jingchao_capital:p.1,True
-3056,5552,61.0,1.0,3.0,True,minecraft:forest,water,minecraft:overworld:step.16:city.city_jingchao_capital:p.1,True
-3040,5552,62.0,2.0,3.0,False,minecraft:forest,shore,minecraft:overworld:step.16:city.city_jingchao_capital:p.2,True
-3024,5552,62.0,1.0,3.0,False,minecraft:forest,shore,minecraft:overworld:step.16:city.city_jingchao_capital:p.2,True
-3008,5552,62.0,0.0,2.0,False,minecraft:forest,shore,minecraft:overworld:step.16:city.city_jingchao_capital:p.2,True
-2992,5552,62.0,0.0,2.0,False,minecraft:forest,shore,minecraft:overworld:step.16:city.city_jingchao_capital:p.2,True
-2976,5552,62.0,1.0,2.0,False,minecraft:forest,shore,minecraft:overworld:step.16:city.city_jingchao_capital:p.2,True
-2960,5552,61.0,1.0,2.0,True,minecraft:forest,water,minecraft:overworld:step.16:city.city_jingchao_capital:p.1,True
-2944,5552,61.0,1.0,2.0,True,minecraft:forest,water,minecraft:overworld:step.16:city.city_jingchao_capital:p.1,True
-2928,5552,61.0,1.0,2.0,True,minecraft:birch_forest,water,minecraft:overworld:step.16:city.city_jingchao_capital:p.1,True
-2912,5552,61.0,1.0,2.0,True,minecraft:birch_forest,water,minecraft:overworld:step.16:city.city_jingchao_capital:p.1,True
-2896,5552,61.0,1.0,2.0,True,minecraft:birch_forest,water,minecraft:overworld:step.16:city.city_jingchao_capital:p.1,True
-2880,5552,61.0,0.0,2.0,True,minecraft:birch_forest,water,minecraft:overworld:step.16:city.city_jingchao_capital:p.1,True
-2864,5552,61.0,0.0,1.0,True,minecraft:birch_forest,water,minecraft:overworld:step.16:city.city_jingchao_capital:p.1,True
-2848,5552,61.0,0.0,1.0,True,minecraft:birch_forest,water,minecraft:overworld:step.16:city.city_jingchao_capital:p.1,True
-2832,5552,61.0,0.0,1.0,True,minecraft:birch_forest,water,minecraft:overworld:step.16:city.city_jingchao_capital:p.1,True
-2816,5552,61.0,1.0,1.0,True,minecraft:birch_forest,water,minecraft:overworld:step.16:city.city_jingchao_capital:p.1,True
-2800,5552,61.0,1.0,1.0,True,minecraft:birch_forest,water,minecraft:overworld:step.16:city.city_jingchao_capital:p.1,True
-2784,5552,62.0,1.0,1.0,False,minecraft:birch_forest,shore,minecraft:overworld:step.16:city.city_jingchao_capital:p.2,True
-2768,5552,62.0,1.0,1.0,False,minecraft:birch_forest,shore,minecraft:overworld:step.16:city.city_jingchao_capital:p.2,True
-2752,5552,61.0,1.0,1.0,True,minecraft:birch_forest,water,minecraft:overworld:step.16:city.city_jingchao_capital:p.111,True
-2736,5552,62.0,1.0,1.0,False,minecraft:birch_forest,shore,minecraft:overworld:step.16:city.city_jingchao_capital:p.2,True
-2720,5552,62.0,0.0,1.0,False,minecraft:forest,shore,minecraft:overworld:step.16:city.city_jingchao_capital:p.2,True
-2704,5552,62.0,0.0,2.0,False,minecraft:forest,shore,minecraft:overworld:step.16:city.city_jingchao_capital:p.2,True
-2688,5552,62.0,1.0,2.0,False,minecraft:forest,shore,minecraft:overworld:step.16:city.city_jingchao_capital:p.2,True
-2672,5552,63.0,1.0,2.0,False,minecraft:forest,shore,minecraft:overworld:step.16:city.city_jingchao_capital:p.2,True
-2656,5552,63.0,1.0,2.0,False,minecraft:forest,shore,minecraft:overworld:step.16:city.city_jingchao_capital:p.2,True
-2640,5552,63.0,1.0,2.0,False,minecraft:forest,shore,minecraft:overworld:step.16:city.city_jingchao_capital:p.2,True
-2624,5552,62.0,1.0,2.0,False,minecraft:forest,shore,minecraft:overworld:step.16:city.city_jingchao_capital:p.2,True
-2608,5552,62.0,1.0,2.0,False,minecraft:forest,shore,minecraft:overworld:step.16:city.city_jingchao_capital:p.2,True
-2592,5552,62.0,1.0,2.0,False,minecraft:forest,shore,minecraft:overworld:step.16:city.city_jingchao_capital:p.2,True
-2576,5552,61.0,1.0,2.0,True,minecraft:forest,water,minecraft:overworld:step.16:city.city_jingchao_capital:p.1,True
-2560,5552,61.0,1.0,2.0,True,minecraft:forest,water,minecraft:overworld:step.16:city.city_jingchao_capital:p.1,True
-2544,5552,61.0,1.0,1.0,True,minecraft:forest,water,minecraft:overworld:step.16:city.city_jingchao_capital:p.1,True
-2528,5552,60.0,1.0,1.0,True,minecraft:forest,water,minecraft:overworld:step.16:city.city_jingchao_capital:p.1,True
-2512,5552,60.0,1.0,1.0,True,minecraft:forest,water,minecraft:overworld:step.16:city.city_jingchao_capital:p.1,True
-2496,5552,60.0,0.0,1.0,True,minecraft:forest,water,minecraft:overworld:step.16:city.city_jingchao_capital:p.1,True
-2480,5552,60.0,0.0,0.0,True,minecraft:forest,water,minecraft:overworld:step.16:city.city_jingchao_capital:p.1,True
-2464,5552,60.0,0.0,1.0,True,minecraft:forest,water,minecraft:overworld:step.16:city.city_jingchao_capital:p.1,True
-2448,5552,60.0,0.0,1.0,True,minecraft:ocean,water,minecraft:overworld:step.16:city.city_jingchao_capital:p.1,True
-2432,5552,60.0,0.0,1.0,True,minecraft:ocean,water,minecraft:overworld:step.16:city.city_jingchao_capital:p.1,True
-3440,5568,55.0,1.0,2.0,True,minecraft:dark_forest,water,minecraft:overworld:step.16:city.city_jingchao_capital:p.1,True
-3424,5568,56.0,1.0,3.0,True,minecraft:dark_forest,water,minecraft:overworld:step.16:city.city_jingchao_capital:p.1,True
-3408,5568,56.0,1.0,3.0,True,minecraft:dark_forest,water,minecraft:overworld:step.16:city.city_jingchao_capital:p.1,True
-3392,5568,56.0,2.0,4.0,True,minecraft:dark_forest,water,minecraft:overworld:step.16:city.city_jingchao_capital:p.1,True
-3376,5568,57.0,2.0,3.0,True,minecraft:forest,water,minecraft:overworld:step.16:city.city_jingchao_capital:p.1,True
-3360,5568,58.0,1.0,3.0,True,minecraft:forest,water,minecraft:overworld:step.16:city.city_jingchao_capital:p.1,True
-3344,5568,59.0,1.0,2.0,True,minecraft:forest,water,minecraft:overworld:step.16:city.city_jingchao_capital:p.1,True
-3328,5568,59.0,1.0,2.0,True,minecraft:forest,water,minecraft:overworld:step.16:city.city_jingchao_capital:p.1,True
-3312,5568,58.0,1.0,2.0,True,minecraft:forest,water,minecraft:overworld:step.16:city.city_jingchao_capital:p.1,True
-3296,5568,57.0,2.0,2.0,True,minecraft:forest,water,minecraft:overworld:step.16:city.city_jingchao_capital:p.1,True
-3280,5568,57.0,1.0,2.0,True,minecraft:forest,water,minecraft:overworld:step.16:city.city_jingchao_capital:p.1,True
-3264,5568,58.0,1.0,3.0,True,minecraft:forest,water,minecraft:overworld:step.16:city.city_jingchao_capital:p.1,True
-3248,5568,58.0,2.0,4.0,True,minecraft:forest,water,minecraft:overworld:step.16:city.city_jingchao_capital:p.1,True
-3232,5568,60.0,2.0,4.0,True,minecraft:forest,water,minecraft:overworld:step.16:city.city_jingchao_capital:p.1,True
-3216,5568,61.0,1.0,3.0,True,minecraft:forest,water,minecraft:overworld:step.16:city.city_jingchao_capital:p.1,True
-3200,5568,60.0,1.0,2.0,True,minecraft:forest,water,minecraft:overworld:step.16:city.city_jingchao_capital:p.1,True
-3184,5568,60.0,1.0,2.0,True,minecraft:forest,water,minecraft:overworld:step.16:city.city_jingchao_capital:p.1,True
-3168,5568,59.0,1.0,1.0,True,minecraft:forest,water,minecraft:overworld:step.16:city.city_jingchao_capital:p.1,True
-3152,5568,59.0,1.0,1.0,True,minecraft:forest,water,minecraft:overworld:step.16:city.city_jingchao_capital:p.1,True
-3136,5568,59.0,1.0,1.0,True,minecraft:forest,water,minecraft:overworld:step.16:city.city_jingchao_capital:p.1,True
-3120,5568,60.0,1.0,1.0,True,minecraft:forest,water,minecraft:overworld:step.16:city.city_jingchao_capital:p.1,True
-3104,5568,60.0,1.0,2.0,True,minecraft:forest,water,minecraft:overworld:step.16:city.city_jingchao_capital:p.1,True
-3088,5568,60.0,1.0,3.0,True,minecraft:forest,water,minecraft:overworld:step.16:city.city_jingchao_capital:p.1,True
-3072,5568,60.0,1.0,3.0,True,minecraft:forest,water,minecraft:overworld:step.16:city.city_jingchao_capital:p.1,True
-3056,5568,60.0,2.0,2.0,True,minecraft:forest,water,minecraft:overworld:step.16:city.city_jingchao_capital:p.1,True
-3040,5568,61.0,1.0,2.0,True,minecraft:forest,water,minecraft:overworld:step.16:city.city_jingchao_capital:p.1,True
-3024,5568,62.0,1.0,2.0,False,minecraft:forest,shore,minecraft:overworld:step.16:city.city_jingchao_capital:p.2,True
-3008,5568,62.0,1.0,1.0,False,minecraft:forest,shore,minecraft:overworld:step.16:city.city_jingchao_capital:p.2,True
-2992,5568,62.0,1.0,1.0,False,minecraft:forest,shore,minecraft:overworld:step.16:city.city_jingchao_capital:p.2,True
-2976,5568,62.0,1.0,2.0,False,minecraft:forest,shore,minecraft:overworld:step.16:city.city_jingchao_capital:p.2,True
-2960,5568,61.0,1.0,2.0,True,minecraft:forest,water,minecraft:overworld:step.16:city.city_jingchao_capital:p.1,True
-2944,5568,60.0,1.0,2.0,True,minecraft:forest,water,minecraft:overworld:step.16:city.city_jingchao_capital:p.1,True
-2928,5568,60.0,1.0,2.0,True,minecraft:forest,water,minecraft:overworld:step.16:city.city_jingchao_capital:p.1,True
-2912,5568,61.0,1.0,2.0,True,minecraft:birch_forest,water,minecraft:overworld:step.16:city.city_jingchao_capital:p.1,True
-2896,5568,61.0,1.0,2.0,True,minecraft:birch_forest,water,minecraft:overworld:step.16:city.city_jingchao_capital:p.1,True
-2880,5568,61.0,1.0,2.0,True,minecraft:birch_forest,water,minecraft:overworld:step.16:city.city_jingchao_capital:p.1,True
-2864,5568,61.0,0.0,1.0,True,minecraft:birch_forest,water,minecraft:overworld:step.16:city.city_jingchao_capital:p.1,True
-2848,5568,61.0,0.0,1.0,True,minecraft:birch_forest,water,minecraft:overworld:step.16:city.city_jingchao_capital:p.1,True
-2832,5568,61.0,1.0,1.0,True,minecraft:birch_forest,water,minecraft:overworld:step.16:city.city_jingchao_capital:p.1,True
-2816,5568,61.0,1.0,1.0,True,minecraft:birch_forest,water,minecraft:overworld:step.16:city.city_jingchao_capital:p.1,True
-2800,5568,62.0,1.0,1.0,False,minecraft:birch_forest,shore,minecraft:overworld:step.16:city.city_jingchao_capital:p.2,True
-2784,5568,62.0,1.0,1.0,False,minecraft:birch_forest,shore,minecraft:overworld:step.16:city.city_jingchao_capital:p.2,True
-2768,5568,62.0,1.0,1.0,False,minecraft:birch_forest,shore,minecraft:overworld:step.16:city.city_jingchao_capital:p.2,True
-2752,5568,61.0,1.0,1.0,True,minecraft:birch_forest,water,minecraft:overworld:step.16:city.city_jingchao_capital:p.111,True
-2736,5568,62.0,1.0,1.0,False,minecraft:birch_forest,shore,minecraft:overworld:step.16:city.city_jingchao_capital:p.2,True
-2720,5568,62.0,0.0,1.0,False,minecraft:forest,shore,minecraft:overworld:step.16:city.city_jingchao_capital:p.2,True
-2704,5568,62.0,0.0,2.0,False,minecraft:forest,shore,minecraft:overworld:step.16:city.city_jingchao_capital:p.2,True
-2688,5568,62.0,1.0,2.0,False,minecraft:forest,shore,minecraft:overworld:step.16:city.city_jingchao_capital:p.2,True
-2672,5568,62.0,1.0,2.0,False,minecraft:forest,shore,minecraft:overworld:step.16:city.city_jingchao_capital:p.2,True
-2656,5568,62.0,1.0,2.0,False,minecraft:forest,shore,minecraft:overworld:step.16:city.city_jingchao_capital:p.2,True
-2640,5568,62.0,1.0,2.0,False,minecraft:forest,shore,minecraft:overworld:step.16:city.city_jingchao_capital:p.2,True
-2624,5568,62.0,1.0,2.0,False,minecraft:forest,shore,minecraft:overworld:step.16:city.city_jingchao_capital:p.2,True
-2608,5568,61.0,1.0,2.0,True,minecraft:forest,water,minecraft:overworld:step.16:city.city_jingchao_capital:p.1,True
-2592,5568,61.0,1.0,2.0,True,minecraft:forest,water,minecraft:overworld:step.16:city.city_jingchao_capital:p.1,True
-2576,5568,61.0,1.0,2.0,True,minecraft:forest,water,minecraft:overworld:step.16:city.city_jingchao_capital:p.1,True
-2560,5568,61.0,1.0,2.0,True,minecraft:forest,water,minecraft:overworld:step.16:city.city_jingchao_capital:p.1,True
-2544,5568,60.0,1.0,1.0,True,minecraft:forest,water,minecraft:overworld:step.16:city.city_jingchao_capital:p.1,True
-2528,5568,60.0,1.0,1.0,True,minecraft:forest,water,minecraft:overworld:step.16:city.city_jingchao_capital:p.1,True
-2512,5568,60.0,0.0,1.0,True,minecraft:forest,water,minecraft:overworld:step.16:city.city_jingchao_capital:p.1,True
-2496,5568,60.0,0.0,1.0,True,minecraft:forest,water,minecraft:overworld:step.16:city.city_jingchao_capital:p.1,True
-2480,5568,60.0,0.0,0.0,True,minecraft:forest,water,minecraft:overworld:step.16:city.city_jingchao_capital:p.1,True
-2464,5568,60.0,0.0,1.0,True,minecraft:ocean,water,minecraft:overworld:step.16:city.city_jingchao_capital:p.1,True
-2448,5568,60.0,0.0,1.0,True,minecraft:ocean,water,minecraft:overworld:step.16:city.city_jingchao_capital:p.1,True
-2432,5568,60.0,0.0,1.0,True,minecraft:ocean,water,minecraft:overworld:step.16:city.city_jingchao_capital:p.1,True
-3440,5584,55.0,1.0,2.0,True,minecraft:dark_forest,water,minecraft:overworld:step.16:city.city_jingchao_capital:p.1,True
-3424,5584,56.0,1.0,3.0,True,minecraft:dark_forest,water,minecraft:overworld:step.16:city.city_jingchao_capital:p.1,True
-3408,5584,56.0,1.0,3.0,True,minecraft:dark_forest,water,minecraft:overworld:step.16:city.city_jingchao_capital:p.1,True
-3392,5584,57.0,1.0,4.0,True,minecraft:dark_forest,water,minecraft:overworld:step.16:city.city_jingchao_capital:p.1,True
-3376,5584,58.0,2.0,3.0,True,minecraft:dark_forest,water,minecraft:overworld:step.16:city.city_jingchao_capital:p.1,True
-3360,5584,59.0,2.0,3.0,True,minecraft:forest,water,minecraft:overworld:step.16:city.city_jingchao_capital:p.1,True
-3344,5584,59.0,1.0,3.0,True,minecraft:forest,water,minecraft:overworld:step.16:city.city_jingchao_capital:p.1,True
-3328,5584,59.0,1.0,3.0,True,minecraft:forest,water,minecraft:overworld:step.16:city.city_jingchao_capital:p.1,True
-3312,5584,59.0,2.0,3.0,True,minecraft:forest,water,minecraft:overworld:step.16:city.city_jingchao_capital:p.1,True
-3296,5584,57.0,2.0,3.0,True,minecraft:forest,water,minecraft:overworld:step.16:city.city_jingchao_capital:p.1,True
-3280,5584,58.0,1.0,3.0,True,minecraft:forest,water,minecraft:overworld:step.16:city.city_jingchao_capital:p.1,True
-3264,5584,58.0,1.0,3.0,True,minecraft:forest,water,minecraft:overworld:step.16:city.city_jingchao_capital:p.1,True
-3248,5584,58.0,2.0,4.0,True,minecraft:forest,water,minecraft:overworld:step.16:city.city_jingchao_capital:p.1,True
-3232,5584,60.0,2.0,4.0,True,minecraft:forest,water,minecraft:overworld:step.16:city.city_jingchao_capital:p.1,True
-3216,5584,60.0,1.0,3.0,True,minecraft:forest,water,minecraft:overworld:step.16:city.city_jingchao_capital:p.1,True
-3200,5584,60.0,1.0,2.0,True,minecraft:forest,water,minecraft:overworld:step.16:city.city_jingchao_capital:p.1,True
-3184,5584,59.0,1.0,2.0,True,minecraft:forest,water,minecraft:overworld:step.16:city.city_jingchao_capital:p.1,True
-3168,5584,59.0,1.0,1.0,True,minecraft:forest,water,minecraft:overworld:step.16:city.city_jingchao_capital:p.1,True
-3152,5584,59.0,1.0,1.0,True,minecraft:forest,water,minecraft:overworld:step.16:city.city_jingchao_capital:p.1,True
-3136,5584,60.0,1.0,1.0,True,minecraft:forest,water,minecraft:overworld:step.16:city.city_jingchao_capital:p.1,True
-3120,5584,60.0,1.0,2.0,True,minecraft:forest,water,minecraft:overworld:step.16:city.city_jingchao_capital:p.1,True
-3104,5584,60.0,0.0,2.0,True,minecraft:forest,water,minecraft:overworld:step.16:city.city_jingchao_capital:p.1,True
-3088,5584,60.0,0.0,2.0,True,minecraft:forest,water,minecraft:overworld:step.16:city.city_jingchao_capital:p.1,True
-3072,5584,60.0,1.0,3.0,True,minecraft:forest,water,minecraft:overworld:step.16:city.city_jingchao_capital:p.1,True
-3056,5584,60.0,1.0,2.0,True,minecraft:forest,water,minecraft:overworld:step.16:city.city_jingchao_capital:p.1,True
-3040,5584,61.0,1.0,2.0,True,minecraft:forest,water,minecraft:overworld:step.16:city.city_jingchao_capital:p.1,True
-3024,5584,61.0,1.0,2.0,True,minecraft:forest,water,minecraft:overworld:step.16:city.city_jingchao_capital:p.1,True
-3008,5584,61.0,1.0,1.0,True,minecraft:forest,water,minecraft:overworld:step.16:city.city_jingchao_capital:p.1,True
-2992,5584,62.0,1.0,1.0,False,minecraft:forest,shore,minecraft:overworld:step.16:city.city_jingchao_capital:p.2,True
-2976,5584,62.0,1.0,2.0,False,minecraft:forest,shore,minecraft:overworld:step.16:city.city_jingchao_capital:p.2,True
-2960,5584,61.0,1.0,2.0,True,minecraft:forest,water,minecraft:overworld:step.16:city.city_jingchao_capital:p.1,True
-2944,5584,60.0,1.0,2.0,True,minecraft:forest,water,minecraft:overworld:step.16:city.city_jingchao_capital:p.1,True
-2928,5584,60.0,1.0,1.0,True,minecraft:forest,water,minecraft:overworld:step.16:city.city_jingchao_capital:p.1,True
-2912,5584,60.0,1.0,1.0,True,minecraft:birch_forest,water,minecraft:overworld:step.16:city.city_jingchao_capital:p.1,True
-2896,5584,60.0,1.0,1.0,True,minecraft:birch_forest,water,minecraft:overworld:step.16:city.city_jingchao_capital:p.1,True
-2880,5584,61.0,1.0,1.0,True,minecraft:birch_forest,water,minecraft:overworld:step.16:city.city_jingchao_capital:p.1,True
-2864,5584,61.0,0.0,2.0,True,minecraft:birch_forest,water,minecraft:overworld:step.16:city.city_jingchao_capital:p.1,True
-2848,5584,61.0,0.0,1.0,True,minecraft:birch_forest,water,minecraft:overworld:step.16:city.city_jingchao_capital:p.1,True
-2832,5584,61.0,1.0,1.0,True,minecraft:birch_forest,water,minecraft:overworld:step.16:city.city_jingchao_capital:p.1,True
-2816,5584,62.0,1.0,1.0,False,minecraft:birch_forest,shore,minecraft:overworld:step.16:city.city_jingchao_capital:p.2,True
-2800,5584,62.0,1.0,1.0,False,minecraft:birch_forest,shore,minecraft:overworld:step.16:city.city_jingchao_capital:p.2,True
-2784,5584,62.0,0.0,1.0,False,minecraft:birch_forest,shore,minecraft:overworld:step.16:city.city_jingchao_capital:p.2,True
-2768,5584,62.0,1.0,1.0,False,minecraft:birch_forest,shore,minecraft:overworld:step.16:city.city_jingchao_capital:p.2,True
-2752,5584,62.0,1.0,1.0,False,minecraft:birch_forest,shore,minecraft:overworld:step.16:city.city_jingchao_capital:p.2,True
-2736,5584,62.0,1.0,1.0,False,minecraft:birch_forest,shore,minecraft:overworld:step.16:city.city_jingchao_capital:p.2,True
-2720,5584,62.0,0.0,1.0,False,minecraft:birch_forest,shore,minecraft:overworld:step.16:city.city_jingchao_capital:p.2,True
-2704,5584,62.0,0.0,2.0,False,minecraft:birch_forest,shore,minecraft:overworld:step.16:city.city_jingchao_capital:p.2,True
-2688,5584,62.0,1.0,2.0,False,minecraft:forest,shore,minecraft:overworld:step.16:city.city_jingchao_capital:p.2,True
-2672,5584,61.0,1.0,2.0,True,minecraft:forest,water,minecraft:overworld:step.16:city.city_jingchao_capital:p.1,True
-2656,5584,62.0,1.0,2.0,False,minecraft:forest,shore,minecraft:overworld:step.16:city.city_jingchao_capital:p.2,True
-2640,5584,62.0,1.0,2.0,False,minecraft:forest,shore,minecraft:overworld:step.16:city.city_jingchao_capital:p.2,True
-2624,5584,62.0,1.0,2.0,False,minecraft:forest,shore,minecraft:overworld:step.16:city.city_jingchao_capital:p.2,True
-2608,5584,61.0,1.0,2.0,True,minecraft:forest,water,minecraft:overworld:step.16:city.city_jingchao_capital:p.1,True
-2592,5584,61.0,0.0,2.0,True,minecraft:forest,water,minecraft:overworld:step.16:city.city_jingchao_capital:p.1,True
-2576,5584,61.0,1.0,2.0,True,minecraft:forest,water,minecraft:overworld:step.16:city.city_jingchao_capital:p.1,True
-2560,5584,60.0,1.0,2.0,True,minecraft:forest,water,minecraft:overworld:step.16:city.city_jingchao_capital:p.1,True
-2544,5584,60.0,1.0,1.0,True,minecraft:forest,water,minecraft:overworld:step.16:city.city_jingchao_capital:p.1,True
-2528,5584,60.0,0.0,1.0,True,minecraft:forest,water,minecraft:overworld:step.16:city.city_jingchao_capital:p.1,True
-2512,5584,60.0,0.0,1.0,True,minecraft:forest,water,minecraft:overworld:step.16:city.city_jingchao_capital:p.1,True
-2496,5584,60.0,0.0,1.0,True,minecraft:forest,water,minecraft:overworld:step.16:city.city_jingchao_capital:p.1,True
-2480,5584,60.0,0.0,1.0,True,minecraft:ocean,water,minecraft:overworld:step.16:city.city_jingchao_capital:p.1,True
-2464,5584,60.0,0.0,1.0,True,minecraft:ocean,water,minecraft:overworld:step.16:city.city_jingchao_capital:p.1,True
-2448,5584,60.0,1.0,1.0,True,minecraft:ocean,water,minecraft:overworld:step.16:city.city_jingchao_capital:p.1,True
-2432,5584,60.0,1.0,2.0,True,minecraft:ocean,water,minecraft:overworld:step.16:city.city_jingchao_capital:p.1,True
-3440,5600,55.0,1.0,2.0,True,minecraft:dark_forest,water,minecraft:overworld:step.16:city.city_jingchao_capital:p.1,True
-3424,5600,55.0,1.0,3.0,True,minecraft:dark_forest,water,minecraft:overworld:step.16:city.city_jingchao_capital:p.1,True
-3408,5600,56.0,1.0,4.0,True,minecraft:dark_forest,water,minecraft:overworld:step.16:city.city_jingchao_capital:p.1,True
-3392,5600,57.0,1.0,4.0,True,minecraft:dark_forest,water,minecraft:overworld:step.16:city.city_jingchao_capital:p.1,True
-3376,5600,58.0,1.0,3.0,True,minecraft:dark_forest,water,minecraft:overworld:step.16:city.city_jingchao_capital:p.1,True
-3360,5600,59.0,1.0,3.0,True,minecraft:forest,water,minecraft:overworld:step.16:city.city_jingchao_capital:p.1,True
-3344,5600,59.0,1.0,3.0,True,minecraft:forest,water,minecraft:overworld:step.16:city.city_jingchao_capital:p.1,True
-3328,5600,59.0,1.0,3.0,True,minecraft:forest,water,minecraft:overworld:step.16:city.city_jingchao_capital:p.1,True
-3312,5600,59.0,2.0,3.0,True,minecraft:forest,water,minecraft:overworld:step.16:city.city_jingchao_capital:p.1,True
-3296,5600,57.0,3.0,3.0,True,minecraft:forest,water,minecraft:overworld:step.16:city.city_jingchao_capital:p.1,True
-3280,5600,58.0,1.0,3.0,True,minecraft:forest,water,minecraft:overworld:step.16:city.city_jingchao_capital:p.1,True
-3264,5600,58.0,1.0,3.0,True,minecraft:forest,water,minecraft:overworld:step.16:city.city_jingchao_capital:p.1,True
-3248,5600,59.0,1.0,4.0,True,minecraft:forest,water,minecraft:overworld:step.16:city.city_jingchao_capital:p.1,True
-3232,5600,60.0,2.0,3.0,True,minecraft:forest,water,minecraft:overworld:step.16:city.city_jingchao_capital:p.1,True
-3216,5600,60.0,0.0,3.0,True,minecraft:forest,water,minecraft:overworld:step.16:city.city_jingchao_capital:p.1,True
-3200,5600,60.0,1.0,2.0,True,minecraft:forest,water,minecraft:overworld:step.16:city.city_jingchao_capital:p.1,True
-3184,5600,59.0,1.0,2.0,True,minecraft:forest,water,minecraft:overworld:step.16:city.city_jingchao_capital:p.1,True
-3168,5600,59.0,1.0,1.0,True,minecraft:forest,water,minecraft:overworld:step.16:city.city_jingchao_capital:p.1,True
-3152,5600,59.0,1.0,1.0,True,minecraft:forest,water,minecraft:overworld:step.16:city.city_jingchao_capital:p.1,True
-3136,5600,60.0,1.0,1.0,True,minecraft:forest,water,minecraft:overworld:step.16:city.city_jingchao_capital:p.1,True
-3120,5600,60.0,0.0,2.0,True,minecraft:forest,water,minecraft:overworld:step.16:city.city_jingchao_capital:p.1,True
-3104,5600,60.0,1.0,2.0,True,minecraft:forest,water,minecraft:overworld:step.16:city.city_jingchao_capital:p.1,True
-3088,5600,60.0,1.0,1.0,True,minecraft:forest,water,minecraft:overworld:step.16:city.city_jingchao_capital:p.1,True
-3072,5600,60.0,1.0,1.0,True,minecraft:forest,water,minecraft:overworld:step.16:city.city_jingchao_capital:p.1,True
-3056,5600,61.0,1.0,2.0,True,minecraft:forest,water,minecraft:overworld:step.16:city.city_jingchao_capital:p.1,True
-3040,5600,61.0,1.0,2.0,True,minecraft:forest,water,minecraft:overworld:step.16:city.city_jingchao_capital:p.1,True
-3024,5600,61.0,0.0,2.0,True,minecraft:forest,water,minecraft:overworld:step.16:city.city_jingchao_capital:p.1,True
-3008,5600,61.0,1.0,1.0,True,minecraft:forest,water,minecraft:overworld:step.16:city.city_jingchao_capital:p.1,True
-2992,5600,61.0,1.0,1.0,True,minecraft:forest,water,minecraft:overworld:step.16:city.city_jingchao_capital:p.1,True
-2976,5600,61.0,1.0,2.0,True,minecraft:forest,water,minecraft:overworld:step.16:city.city_jingchao_capital:p.1,True
-2960,5600,61.0,1.0,2.0,True,minecraft:forest,water,minecraft:overworld:step.16:city.city_jingchao_capital:p.1,True
-2944,5600,60.0,1.0,2.0,True,minecraft:forest,water,minecraft:overworld:step.16:city.city_jingchao_capital:p.1,True
-2928,5600,60.0,1.0,1.0,True,minecraft:forest,water,minecraft:overworld:step.16:city.city_jingchao_capital:p.1,True
-2912,5600,60.0,1.0,1.0,True,minecraft:forest,water,minecraft:overworld:step.16:city.city_jingchao_capital:p.1,True
-2896,5600,61.0,1.0,2.0,True,minecraft:birch_forest,water,minecraft:overworld:step.16:city.city_jingchao_capital:p.1,True
-2880,5600,61.0,1.0,2.0,True,minecraft:birch_forest,water,minecraft:overworld:step.16:city.city_jingchao_capital:p.1,True
-2864,5600,61.0,0.0,2.0,True,minecraft:birch_forest,water,minecraft:overworld:step.16:city.city_jingchao_capital:p.1,True
-2848,5600,61.0,1.0,1.0,True,minecraft:birch_forest,water,minecraft:overworld:step.16:city.city_jingchao_capital:p.1,True
-2832,5600,61.0,1.0,1.0,True,minecraft:birch_forest,water,minecraft:overworld:step.16:city.city_jingchao_capital:p.1,True
-2816,5600,62.0,1.0,1.0,False,minecraft:birch_forest,shore,minecraft:overworld:step.16:city.city_jingchao_capital:p.2,True
-2800,5600,62.0,0.0,1.0,False,minecraft:birch_forest,shore,minecraft:overworld:step.16:city.city_jingchao_capital:p.2,True
-2784,5600,62.0,1.0,1.0,False,minecraft:birch_forest,shore,minecraft:overworld:step.16:city.city_jingchao_capital:p.2,True
-2768,5600,62.0,1.0,1.0,False,minecraft:birch_forest,shore,minecraft:overworld:step.16:city.city_jingchao_capital:p.2,True
-2752,5600,62.0,1.0,1.0,False,minecraft:birch_forest,shore,minecraft:overworld:step.16:city.city_jingchao_capital:p.2,True
-2736,5600,62.0,1.0,1.0,False,minecraft:birch_forest,shore,minecraft:overworld:step.16:city.city_jingchao_capital:p.2,True
-2720,5600,62.0,1.0,1.0,False,minecraft:birch_forest,shore,minecraft:overworld:step.16:city.city_jingchao_capital:p.2,True
-2704,5600,62.0,1.0,1.0,False,minecraft:forest,shore,minecraft:overworld:step.16:city.city_jingchao_capital:p.2,True
-2688,5600,62.0,1.0,1.0,False,minecraft:forest,shore,minecraft:overworld:step.16:city.city_jingchao_capital:p.2,True
-2672,5600,61.0,1.0,1.0,True,minecraft:forest,water,minecraft:overworld:step.16:city.city_jingchao_capital:p.1,True
-2656,5600,61.0,1.0,1.0,True,minecraft:forest,water,minecraft:overworld:step.16:city.city_jingchao_capital:p.1,True
-2640,5600,61.0,1.0,1.0,True,minecraft:forest,water,minecraft:overworld:step.16:city.city_jingchao_capital:p.1,True
-2624,5600,61.0,1.0,1.0,True,minecraft:forest,water,minecraft:overworld:step.16:city.city_jingchao_capital:p.1,True
-2608,5600,61.0,1.0,1.0,True,minecraft:forest,water,minecraft:overworld:step.16:city.city_jingchao_capital:p.1,True
-2592,5600,61.0,0.0,2.0,True,minecraft:forest,water,minecraft:overworld:step.16:city.city_jingchao_capital:p.1,True
-2576,5600,61.0,1.0,2.0,True,minecraft:forest,water,minecraft:overworld:step.16:city.city_jingchao_capital:p.1,True
-2560,5600,60.0,1.0,1.0,True,minecraft:forest,water,minecraft:overworld:step.16:city.city_jingchao_capital:p.1,True
-2544,5600,60.0,0.0,1.0,True,minecraft:forest,water,minecraft:overworld:step.16:city.city_jingchao_capital:p.1,True
-2528,5600,60.0,0.0,1.0,True,minecraft:forest,water,minecraft:overworld:step.16:city.city_jingchao_capital:p.1,True
-2512,5600,60.0,1.0,1.0,True,minecraft:forest,water,minecraft:overworld:step.16:city.city_jingchao_capital:p.1,True
-2496,5600,60.0,1.0,1.0,True,minecraft:forest,water,minecraft:overworld:step.16:city.city_jingchao_capital:p.1,True
-2480,5600,60.0,1.0,2.0,True,minecraft:ocean,water,minecraft:overworld:step.16:city.city_jingchao_capital:p.1,True
-2464,5600,60.0,1.0,2.0,True,minecraft:ocean,water,minecraft:overworld:step.16:city.city_jingchao_capital:p.1,True
-2448,5600,60.0,1.0,2.0,True,minecraft:ocean,water,minecraft:overworld:step.16:city.city_jingchao_capital:p.1,True
-2432,5600,61.0,1.0,2.0,True,minecraft:ocean,water,minecraft:overworld:step.16:city.city_jingchao_capital:p.1,True
-3440,5616,55.0,1.0,2.0,True,minecraft:dark_forest,water,minecraft:overworld:step.16:city.city_jingchao_capital:p.1,True
-3424,5616,55.0,1.0,3.0,True,minecraft:dark_forest,water,minecraft:overworld:step.16:city.city_jingchao_capital:p.1,True
-3408,5616,56.0,1.0,4.0,True,minecraft:dark_forest,water,minecraft:overworld:step.16:city.city_jingchao_capital:p.1,True
-3392,5616,57.0,1.0,4.0,True,minecraft:dark_forest,water,minecraft:overworld:step.16:city.city_jingchao_capital:p.1,True
-3376,5616,58.0,1.0,4.0,True,minecraft:dark_forest,water,minecraft:overworld:step.16:city.city_jingchao_capital:p.1,True
-3360,5616,58.0,1.0,3.0,True,minecraft:dark_forest,water,minecraft:overworld:step.16:city.city_jingchao_capital:p.1,True
-3344,5616,59.0,1.0,3.0,True,minecraft:dark_forest,water,minecraft:overworld:step.16:city.city_jingchao_capital:p.1,True
-3328,5616,59.0,1.0,3.0,True,minecraft:forest,water,minecraft:overworld:step.16:city.city_jingchao_capital:p.1,True
-3312,5616,60.0,3.0,3.0,True,minecraft:forest,water,minecraft:overworld:step.16:city.city_jingchao_capital:p.1,True
-3296,5616,59.0,2.0,3.0,True,minecraft:forest,water,minecraft:overworld:step.16:city.city_jingchao_capital:p.1,True
-3280,5616,58.0,1.0,3.0,True,minecraft:forest,water,minecraft:overworld:step.16:city.city_jingchao_capital:p.1,True
-3264,5616,58.0,1.0,3.0,True,minecraft:forest,water,minecraft:overworld:step.16:city.city_jingchao_capital:p.1,True
-3248,5616,59.0,1.0,3.0,True,minecraft:forest,water,minecraft:overworld:step.16:city.city_jingchao_capital:p.1,True
-3232,5616,60.0,2.0,2.0,True,minecraft:forest,water,minecraft:overworld:step.16:city.city_jingchao_capital:p.1,True
-3216,5616,60.0,0.0,2.0,True,minecraft:forest,water,minecraft:overworld:step.16:city.city_jingchao_capital:p.1,True
-3200,5616,60.0,1.0,2.0,True,minecraft:forest,water,minecraft:overworld:step.16:city.city_jingchao_capital:p.1,True
-3184,5616,59.0,1.0,1.0,True,minecraft:forest,water,minecraft:overworld:step.16:city.city_jingchao_capital:p.1,True
-3168,5616,59.0,1.0,1.0,True,minecraft:forest,water,minecraft:overworld:step.16:city.city_jingchao_capital:p.1,True
-3152,5616,60.0,1.0,1.0,True,minecraft:forest,water,minecraft:overworld:step.16:city.city_jingchao_capital:p.1,True
-3136,5616,60.0,1.0,2.0,True,minecraft:forest,water,minecraft:overworld:step.16:city.city_jingchao_capital:p.1,True
-3120,5616,60.0,0.0,2.0,True,minecraft:forest,water,minecraft:overworld:step.16:city.city_jingchao_capital:p.1,True
-3104,5616,60.0,1.0,1.0,True,minecraft:forest,water,minecraft:overworld:step.16:city.city_jingchao_capital:p.1,True
-3088,5616,61.0,1.0,1.0,True,minecraft:forest,water,minecraft:overworld:step.16:city.city_jingchao_capital:p.1,True
-3072,5616,61.0,1.0,2.0,True,minecraft:forest,water,minecraft:overworld:step.16:city.city_jingchao_capital:p.1,True
-3056,5616,61.0,1.0,2.0,True,minecraft:forest,water,minecraft:overworld:step.16:city.city_jingchao_capital:p.1,True
-3040,5616,61.0,0.0,2.0,True,minecraft:forest,water,minecraft:overworld:step.16:city.city_jingchao_capital:p.1,True
-3024,5616,61.0,1.0,2.0,True,minecraft:forest,water,minecraft:overworld:step.16:city.city_jingchao_capital:p.1,True
-3008,5616,61.0,1.0,1.0,True,minecraft:forest,water,minecraft:overworld:step.16:city.city_jingchao_capital:p.1,True
-2992,5616,61.0,1.0,1.0,True,minecraft:forest,water,minecraft:overworld:step.16:city.city_jingchao_capital:p.1,True
-2976,5616,61.0,1.0,2.0,True,minecraft:forest,water,minecraft:overworld:step.16:city.city_jingchao_capital:p.1,True
-2960,5616,61.0,1.0,2.0,True,minecraft:forest,water,minecraft:overworld:step.16:city.city_jingchao_capital:p.1,True
-2944,5616,61.0,1.0,2.0,True,minecraft:forest,water,minecraft:overworld:step.16:city.city_jingchao_capital:p.1,True
-2928,5616,60.0,1.0,1.0,True,minecraft:forest,water,minecraft:overworld:step.16:city.city_jingchao_capital:p.1,True
-2912,5616,60.0,1.0,1.0,True,minecraft:forest,water,minecraft:overworld:step.16:city.city_jingchao_capital:p.1,True
-2896,5616,61.0,1.0,2.0,True,minecraft:forest,water,minecraft:overworld:step.16:city.city_jingchao_capital:p.1,True
-2880,5616,61.0,1.0,2.0,True,minecraft:birch_forest,water,minecraft:overworld:step.16:city.city_jingchao_capital:p.1,True
-2864,5616,61.0,1.0,2.0,True,minecraft:birch_forest,water,minecraft:overworld:step.16:city.city_jingchao_capital:p.1,True
-2848,5616,61.0,1.0,1.0,True,minecraft:birch_forest,water,minecraft:overworld:step.16:city.city_jingchao_capital:p.1,True
-2832,5616,62.0,1.0,1.0,False,minecraft:birch_forest,shore,minecraft:overworld:step.16:city.city_jingchao_capital:p.2,True
-2816,5616,62.0,1.0,1.0,False,minecraft:birch_forest,shore,minecraft:overworld:step.16:city.city_jingchao_capital:p.2,True
-2800,5616,62.0,0.0,1.0,False,minecraft:birch_forest,shore,minecraft:overworld:step.16:city.city_jingchao_capital:p.2,True
-2784,5616,62.0,1.0,1.0,False,minecraft:birch_forest,shore,minecraft:overworld:step.16:city.city_jingchao_capital:p.2,True
-2768,5616,61.0,1.0,1.0,True,minecraft:birch_forest,water,minecraft:overworld:step.16:city.city_jingchao_capital:p.112,True
-2752,5616,62.0,1.0,1.0,False,minecraft:birch_forest,shore,minecraft:overworld:step.16:city.city_jingchao_capital:p.2,True
-2736,5616,61.0,1.0,1.0,True,minecraft:birch_forest,water,minecraft:overworld:step.16:city.city_jingchao_capital:p.1,True
-2720,5616,62.0,1.0,1.0,False,minecraft:birch_forest,shore,minecraft:overworld:step.16:city.city_jingchao_capital:p.2,True
-2704,5616,62.0,1.0,1.0,False,minecraft:forest,shore,minecraft:overworld:step.16:city.city_jingchao_capital:p.2,True
-2688,5616,61.0,1.0,1.0,True,minecraft:forest,water,minecraft:overworld:step.16:city.city_jingchao_capital:p.1,True
-2672,5616,61.0,1.0,1.0,True,minecraft:forest,water,minecraft:overworld:step.16:city.city_jingchao_capital:p.1,True
-2656,5616,61.0,1.0,1.0,True,minecraft:forest,water,minecraft:overworld:step.16:city.city_jingchao_capital:p.1,True
-2640,5616,61.0,1.0,1.0,True,minecraft:forest,water,minecraft:overworld:step.16:city.city_jingchao_capital:p.1,True
-2624,5616,62.0,1.0,1.0,False,minecraft:forest,shore,minecraft:overworld:step.16:city.city_jingchao_capital:p.113,True
-2608,5616,61.0,1.0,1.0,True,minecraft:forest,water,minecraft:overworld:step.16:city.city_jingchao_capital:p.1,True
-2592,5616,61.0,1.0,2.0,True,minecraft:forest,water,minecraft:overworld:step.16:city.city_jingchao_capital:p.1,True
-2576,5616,61.0,1.0,2.0,True,minecraft:forest,water,minecraft:overworld:step.16:city.city_jingchao_capital:p.1,True
-2560,5616,60.0,1.0,1.0,True,minecraft:forest,water,minecraft:overworld:step.16:city.city_jingchao_capital:p.1,True
-2544,5616,60.0,1.0,1.0,True,minecraft:forest,water,minecraft:overworld:step.16:city.city_jingchao_capital:p.1,True
-2528,5616,60.0,1.0,1.0,True,minecraft:forest,water,minecraft:overworld:step.16:city.city_jingchao_capital:p.1,True
-2512,5616,60.0,1.0,1.0,True,minecraft:forest,water,minecraft:overworld:step.16:city.city_jingchao_capital:p.1,True
-2496,5616,61.0,1.0,2.0,True,minecraft:ocean,water,minecraft:overworld:step.16:city.city_jingchao_capital:p.1,True
-2480,5616,61.0,1.0,2.0,True,minecraft:ocean,water,minecraft:overworld:step.16:city.city_jingchao_capital:p.1,True
-2464,5616,61.0,1.0,2.0,True,minecraft:ocean,water,minecraft:overworld:step.16:city.city_jingchao_capital:p.1,True
-2448,5616,61.0,1.0,3.0,True,minecraft:ocean,water,minecraft:overworld:step.16:city.city_jingchao_capital:p.1,True
-2432,5616,61.0,1.0,3.0,True,minecraft:ocean,water,minecraft:overworld:step.16:city.city_jingchao_capital:p.1,True
-3440,5632,54.0,1.0,2.0,True,minecraft:ocean,water,minecraft:overworld:step.16:city.city_jingchao_capital:p.1,True
-3424,5632,55.0,1.0,3.0,True,minecraft:dark_forest,water,minecraft:overworld:step.16:city.city_jingchao_capital:p.1,True
-3408,5632,56.0,1.0,4.0,True,minecraft:dark_forest,water,minecraft:overworld:step.16:city.city_jingchao_capital:p.1,True
-3392,5632,57.0,2.0,5.0,True,minecraft:dark_forest,water,minecraft:overworld:step.16:city.city_jingchao_capital:p.1,True
-3376,5632,57.0,1.0,4.0,True,minecraft:dark_forest,water,minecraft:overworld:step.16:city.city_jingchao_capital:p.1,True
-3360,5632,58.0,1.0,3.0,True,minecraft:dark_forest,water,minecraft:overworld:step.16:city.city_jingchao_capital:p.1,True
-3344,5632,59.0,1.0,3.0,True,minecraft:dark_forest,water,minecraft:overworld:step.16:city.city_jingchao_capital:p.1,True
-3328,5632,59.0,1.0,3.0,True,minecraft:dark_forest,water,minecraft:overworld:step.16:city.city_jingchao_capital:p.1,True
-3312,5632,60.0,1.0,3.0,True,minecraft:forest,water,minecraft:overworld:step.16:city.city_jingchao_capital:p.1,True
-3296,5632,59.0,2.0,3.0,True,minecraft:forest,water,minecraft:overworld:step.16:city.city_jingchao_capital:p.1,True
-3280,5632,57.0,2.0,3.0,True,minecraft:forest,water,minecraft:overworld:step.16:city.city_jingchao_capital:p.1,True
-3264,5632,58.0,1.0,3.0,True,minecraft:forest,water,minecraft:overworld:step.16:city.city_jingchao_capital:p.1,True
-3248,5632,58.0,2.0,3.0,True,minecraft:forest,water,minecraft:overworld:step.16:city.city_jingchao_capital:p.1,True
-3232,5632,60.0,2.0,3.0,True,minecraft:forest,water,minecraft:overworld:step.16:city.city_jingchao_capital:p.1,True
-3216,5632,60.0,2.0,3.0,True,minecraft:forest,water,minecraft:overworld:step.16:city.city_jingchao_capital:p.1,True
-3200,5632,60.0,1.0,2.0,True,minecraft:forest,water,minecraft:overworld:step.16:city.city_jingchao_capital:p.1,True
-3184,5632,60.0,1.0,1.0,True,minecraft:forest,water,minecraft:overworld:step.16:city.city_jingchao_capital:p.1,True
-3168,5632,60.0,1.0,2.0,True,minecraft:forest,water,minecraft:overworld:step.16:city.city_jingchao_capital:p.1,True
-3152,5632,60.0,1.0,2.0,True,minecraft:forest,water,minecraft:overworld:step.16:city.city_jingchao_capital:p.1,True
-3136,5632,60.0,0.0,2.0,True,minecraft:forest,water,minecraft:overworld:step.16:city.city_jingchao_capital:p.1,True
-3120,5632,60.0,1.0,2.0,True,minecraft:forest,water,minecraft:overworld:step.16:city.city_jingchao_capital:p.1,True
-3104,5632,60.0,1.0,1.0,True,minecraft:forest,water,minecraft:overworld:step.16:city.city_jingchao_capital:p.1,True
-3088,5632,61.0,1.0,2.0,True,minecraft:forest,water,minecraft:overworld:step.16:city.city_jingchao_capital:p.1,True
-3072,5632,61.0,0.0,2.0,True,minecraft:forest,water,minecraft:overworld:step.16:city.city_jingchao_capital:p.1,True
-3056,5632,61.0,1.0,2.0,True,minecraft:forest,water,minecraft:overworld:step.16:city.city_jingchao_capital:p.1,True
-3040,5632,61.0,1.0,2.0,True,minecraft:forest,water,minecraft:overworld:step.16:city.city_jingchao_capital:p.1,True
-3024,5632,61.0,1.0,1.0,True,minecraft:forest,water,minecraft:overworld:step.16:city.city_jingchao_capital:p.1,True
-3008,5632,62.0,1.0,1.0,False,minecraft:forest,shore,minecraft:overworld:step.16:city.city_jingchao_capital:p.122,True
-2992,5632,62.0,1.0,1.0,False,minecraft:forest,shore,minecraft:overworld:step.16:city.city_jingchao_capital:p.122,True
-2976,5632,62.0,1.0,2.0,False,minecraft:forest,shore,minecraft:overworld:step.16:city.city_jingchao_capital:p.122,True
-2960,5632,61.0,1.0,2.0,True,minecraft:forest,water,minecraft:overworld:step.16:city.city_jingchao_capital:p.1,True
-2944,5632,61.0,1.0,2.0,True,minecraft:forest,water,minecraft:overworld:step.16:city.city_jingchao_capital:p.1,True
-2928,5632,61.0,1.0,1.0,True,minecraft:forest,water,minecraft:overworld:step.16:city.city_jingchao_capital:p.1,True
-2912,5632,61.0,1.0,1.0,True,minecraft:forest,water,minecraft:overworld:step.16:city.city_jingchao_capital:p.1,True
-2896,5632,61.0,1.0,2.0,True,minecraft:forest,water,minecraft:overworld:step.16:city.city_jingchao_capital:p.1,True
-2880,5632,61.0,1.0,2.0,True,minecraft:birch_forest,water,minecraft:overworld:step.16:city.city_jingchao_capital:p.1,True
-2864,5632,62.0,1.0,1.0,False,minecraft:birch_forest,shore,minecraft:overworld:step.16:city.city_jingchao_capital:p.2,True
-2848,5632,62.0,1.0,1.0,False,minecraft:birch_forest,shore,minecraft:overworld:step.16:city.city_jingchao_capital:p.2,True
-2832,5632,62.0,1.0,1.0,False,minecraft:birch_forest,shore,minecraft:overworld:step.16:city.city_jingchao_capital:p.2,True
-2816,5632,62.0,0.0,1.0,False,minecraft:birch_forest,shore,minecraft:overworld:step.16:city.city_jingchao_capital:p.2,True
-2800,5632,62.0,0.0,1.0,False,minecraft:birch_forest,shore,minecraft:overworld:step.16:city.city_jingchao_capital:p.2,True
-2784,5632,62.0,1.0,1.0,False,minecraft:birch_forest,shore,minecraft:overworld:step.16:city.city_jingchao_capital:p.2,True
-2768,5632,62.0,1.0,1.0,False,minecraft:birch_forest,shore,minecraft:overworld:step.16:city.city_jingchao_capital:p.2,True
-2752,5632,61.0,1.0,1.0,True,minecraft:birch_forest,water,minecraft:overworld:step.16:city.city_jingchao_capital:p.1,True
-2736,5632,61.0,1.0,1.0,True,minecraft:birch_forest,water,minecraft:overworld:step.16:city.city_jingchao_capital:p.1,True
-2720,5632,61.0,1.0,1.0,True,minecraft:birch_forest,water,minecraft:overworld:step.16:city.city_jingchao_capital:p.1,True
-2704,5632,61.0,1.0,1.0,True,minecraft:forest,water,minecraft:overworld:step.16:city.city_jingchao_capital:p.1,True
-2688,5632,62.0,1.0,1.0,False,minecraft:forest,shore,minecraft:overworld:step.16:city.city_jingchao_capital:p.113,True
-2672,5632,62.0,1.0,1.0,False,minecraft:forest,shore,minecraft:overworld:step.16:city.city_jingchao_capital:p.113,True
-2656,5632,62.0,1.0,1.0,False,minecraft:forest,shore,minecraft:overworld:step.16:city.city_jingchao_capital:p.113,True
-2640,5632,62.0,1.0,1.0,False,minecraft:forest,shore,minecraft:overworld:step.16:city.city_jingchao_capital:p.113,True
-2624,5632,62.0,1.0,1.0,False,minecraft:forest,shore,minecraft:overworld:step.16:city.city_jingchao_capital:p.113,True
-2608,5632,62.0,1.0,1.0,False,minecraft:forest,shore,minecraft:overworld:step.16:city.city_jingchao_capital:p.113,True
-2592,5632,61.0,1.0,2.0,True,minecraft:forest,water,minecraft:overworld:step.16:city.city_jingchao_capital:p.1,True
-2576,5632,61.0,1.0,2.0,True,minecraft:forest,water,minecraft:overworld:step.16:city.city_jingchao_capital:p.1,True
-2560,5632,61.0,1.0,2.0,True,minecraft:forest,water,minecraft:overworld:step.16:city.city_jingchao_capital:p.1,True
-2544,5632,61.0,1.0,2.0,True,minecraft:forest,water,minecraft:overworld:step.16:city.city_jingchao_capital:p.1,True
-2528,5632,60.0,1.0,1.0,True,minecraft:forest,water,minecraft:overworld:step.16:city.city_jingchao_capital:p.1,True
-2512,5632,60.0,1.0,1.0,True,minecraft:forest,water,minecraft:overworld:step.16:city.city_jingchao_capital:p.1,True
-2496,5632,61.0,1.0,2.0,True,minecraft:ocean,water,minecraft:overworld:step.16:city.city_jingchao_capital:p.1,True
-2480,5632,61.0,1.0,2.0,True,minecraft:ocean,water,minecraft:overworld:step.16:city.city_jingchao_capital:p.1,True
-2464,5632,61.0,1.0,2.0,True,minecraft:ocean,water,minecraft:overworld:step.16:city.city_jingchao_capital:p.1,True
-2448,5632,62.0,1.0,3.0,False,minecraft:beach,shore,minecraft:overworld:step.16:city.city_jingchao_capital:p.121,True
-2432,5632,61.0,2.0,3.0,True,minecraft:ocean,water,minecraft:overworld:step.16:city.city_jingchao_capital:p.1,True
-3440,5648,54.0,1.0,2.0,True,minecraft:ocean,water,minecraft:overworld:step.16:city.city_jingchao_capital:p.1,True
-3424,5648,55.0,1.0,3.0,True,minecraft:dark_forest,water,minecraft:overworld:step.16:city.city_jingchao_capital:p.1,True
-3408,5648,55.0,2.0,4.0,True,minecraft:dark_forest,water,minecraft:overworld:step.16:city.city_jingchao_capital:p.1,True
-3392,5648,56.0,1.0,4.0,True,minecraft:dark_forest,water,minecraft:overworld:step.16:city.city_jingchao_capital:p.1,True
-3376,5648,57.0,1.0,4.0,True,minecraft:dark_forest,water,minecraft:overworld:step.16:city.city_jingchao_capital:p.1,True
-3360,5648,58.0,1.0,3.0,True,minecraft:dark_forest,water,minecraft:overworld:step.16:city.city_jingchao_capital:p.1,True
-3344,5648,58.0,1.0,3.0,True,minecraft:dark_forest,water,minecraft:overworld:step.16:city.city_jingchao_capital:p.1,True
-3328,5648,59.0,1.0,3.0,True,minecraft:dark_forest,water,minecraft:overworld:step.16:city.city_jingchao_capital:p.1,True
-3312,5648,59.0,1.0,3.0,True,minecraft:forest,water,minecraft:overworld:step.16:city.city_jingchao_capital:p.1,True
-3296,5648,59.0,2.0,3.0,True,minecraft:forest,water,minecraft:overworld:step.16:city.city_jingchao_capital:p.1,True
-3280,5648,58.0,1.0,3.0,True,minecraft:forest,water,minecraft:overworld:step.16:city.city_jingchao_capital:p.1,True
-3264,5648,58.0,1.0,3.0,True,minecraft:forest,water,minecraft:overworld:step.16:city.city_jingchao_capital:p.1,True
-3248,5648,58.0,2.0,3.0,True,minecraft:forest,water,minecraft:overworld:step.16:city.city_jingchao_capital:p.1,True
-3232,5648,58.0,2.0,3.0,True,minecraft:forest,water,minecraft:overworld:step.16:city.city_jingchao_capital:p.1,True
-3216,5648,60.0,2.0,3.0,True,minecraft:forest,water,minecraft:overworld:step.16:city.city_jingchao_capital:p.1,True
-3200,5648,60.0,0.0,2.0,True,minecraft:forest,water,minecraft:overworld:step.16:city.city_jingchao_capital:p.1,True
-3184,5648,60.0,0.0,1.0,True,minecraft:forest,water,minecraft:overworld:step.16:city.city_jingchao_capital:p.1,True
-3168,5648,60.0,0.0,2.0,True,minecraft:forest,water,minecraft:overworld:step.16:city.city_jingchao_capital:p.1,True
-3152,5648,60.0,1.0,2.0,True,minecraft:forest,water,minecraft:overworld:step.16:city.city_jingchao_capital:p.1,True
-3136,5648,60.0,1.0,2.0,True,minecraft:forest,water,minecraft:overworld:step.16:city.city_jingchao_capital:p.1,True
-3120,5648,60.0,1.0,1.0,True,minecraft:forest,water,minecraft:overworld:step.16:city.city_jingchao_capital:p.1,True
-3104,5648,61.0,1.0,1.0,True,minecraft:forest,water,minecraft:overworld:step.16:city.city_jingchao_capital:p.1,True
-3088,5648,61.0,1.0,2.0,True,minecraft:forest,water,minecraft:overworld:step.16:city.city_jingchao_capital:p.1,True
-3072,5648,61.0,1.0,2.0,True,minecraft:forest,water,minecraft:overworld:step.16:city.city_jingchao_capital:p.1,True
-3056,5648,61.0,1.0,1.0,True,minecraft:forest,water,minecraft:overworld:step.16:city.city_jingchao_capital:p.1,True
-3040,5648,62.0,1.0,1.0,False,minecraft:forest,shore,minecraft:overworld:step.16:city.city_jingchao_capital:p.122,True
-3024,5648,62.0,1.0,1.0,False,minecraft:forest,shore,minecraft:overworld:step.16:city.city_jingchao_capital:p.122,True
-3008,5648,62.0,1.0,1.0,False,minecraft:forest,shore,minecraft:overworld:step.16:city.city_jingchao_capital:p.122,True
-2992,5648,62.0,1.0,1.0,False,minecraft:forest,shore,minecraft:overworld:step.16:city.city_jingchao_capital:p.122,True
-2976,5648,62.0,1.0,1.0,False,minecraft:forest,shore,minecraft:overworld:step.16:city.city_jingchao_capital:p.122,True
-2960,5648,61.0,1.0,2.0,True,minecraft:forest,water,minecraft:overworld:step.16:city.city_jingchao_capital:p.1,True
-2944,5648,61.0,0.0,2.0,True,minecraft:forest,water,minecraft:overworld:step.16:city.city_jingchao_capital:p.1,True
-2928,5648,61.0,0.0,1.0,True,minecraft:forest,water,minecraft:overworld:step.16:city.city_jingchao_capital:p.1,True
-2912,5648,61.0,0.0,1.0,True,minecraft:forest,water,minecraft:overworld:step.16:city.city_jingchao_capital:p.1,True
-2896,5648,61.0,0.0,2.0,True,minecraft:forest,water,minecraft:overworld:step.16:city.city_jingchao_capital:p.1,True
-2880,5648,61.0,1.0,2.0,True,minecraft:birch_forest,water,minecraft:overworld:step.16:city.city_jingchao_capital:p.1,True
-2864,5648,61.0,1.0,1.0,True,minecraft:birch_forest,water,minecraft:overworld:step.16:city.city_jingchao_capital:p.1,True
-2848,5648,62.0,1.0,1.0,False,minecraft:birch_forest,shore,minecraft:overworld:step.16:city.city_jingchao_capital:p.2,True
-2832,5648,62.0,1.0,1.0,False,minecraft:birch_forest,shore,minecraft:overworld:step.16:city.city_jingchao_capital:p.2,True
-2816,5648,62.0,1.0,1.0,False,minecraft:birch_forest,shore,minecraft:overworld:step.16:city.city_jingchao_capital:p.2,True
-2800,5648,62.0,1.0,1.0,False,minecraft:birch_forest,shore,minecraft:overworld:step.16:city.city_jingchao_capital:p.2,True
-2784,5648,62.0,1.0,1.0,False,minecraft:birch_forest,shore,minecraft:overworld:step.16:city.city_jingchao_capital:p.2,True
-2768,5648,62.0,1.0,1.0,False,minecraft:birch_forest,shore,minecraft:overworld:step.16:city.city_jingchao_capital:p.2,True
-2752,5648,61.0,1.0,1.0,True,minecraft:birch_forest,water,minecraft:overworld:step.16:city.city_jingchao_capital:p.1,True
-2736,5648,61.0,0.0,1.0,True,minecraft:birch_forest,water,minecraft:overworld:step.16:city.city_jingchao_capital:p.1,True
-2720,5648,61.0,0.0,1.0,True,minecraft:birch_forest,water,minecraft:overworld:step.16:city.city_jingchao_capital:p.1,True
-2704,5648,61.0,1.0,1.0,True,minecraft:forest,water,minecraft:overworld:step.16:city.city_jingchao_capital:p.1,True
-2688,5648,62.0,1.0,1.0,False,minecraft:forest,shore,minecraft:overworld:step.16:city.city_jingchao_capital:p.113,True
-2672,5648,62.0,0.0,1.0,False,minecraft:forest,shore,minecraft:overworld:step.16:city.city_jingchao_capital:p.113,True
-2656,5648,62.0,0.0,1.0,False,minecraft:forest,shore,minecraft:overworld:step.16:city.city_jingchao_capital:p.113,True
-2640,5648,62.0,0.0,1.0,False,minecraft:forest,shore,minecraft:overworld:step.16:city.city_jingchao_capital:p.113,True
-2624,5648,62.0,0.0,1.0,False,minecraft:forest,shore,minecraft:overworld:step.16:city.city_jingchao_capital:p.113,True
-2608,5648,62.0,1.0,1.0,False,minecraft:forest,shore,minecraft:overworld:step.16:city.city_jingchao_capital:p.113,True
-2592,5648,61.0,1.0,2.0,True,minecraft:forest,water,minecraft:overworld:step.16:city.city_jingchao_capital:p.1,True
-2576,5648,61.0,1.0,2.0,True,minecraft:forest,water,minecraft:overworld:step.16:city.city_jingchao_capital:p.1,True
-2560,5648,61.0,1.0,2.0,True,minecraft:forest,water,minecraft:overworld:step.16:city.city_jingchao_capital:p.1,True
-2544,5648,61.0,1.0,2.0,True,minecraft:forest,water,minecraft:overworld:step.16:city.city_jingchao_capital:p.1,True
-2528,5648,60.0,1.0,2.0,True,minecraft:forest,water,minecraft:overworld:step.16:city.city_jingchao_capital:p.1,True
-2512,5648,60.0,1.0,2.0,True,minecraft:forest,water,minecraft:overworld:step.16:city.city_jingchao_capital:p.1,True
-2496,5648,61.0,1.0,2.0,True,minecraft:ocean,water,minecraft:overworld:step.16:city.city_jingchao_capital:p.1,True
-2480,5648,61.0,1.0,2.0,True,minecraft:ocean,water,minecraft:overworld:step.16:city.city_jingchao_capital:p.1,True
-2464,5648,62.0,1.0,1.0,False,minecraft:beach,shore,minecraft:overworld:step.16:city.city_jingchao_capital:p.121,True
-2448,5648,62.0,1.0,2.0,False,minecraft:beach,shore,minecraft:overworld:step.16:city.city_jingchao_capital:p.121,True
-2432,5648,62.0,1.0,2.0,False,minecraft:beach,shore,minecraft:overworld:step.16:city.city_jingchao_capital:p.121,True
-3440,5664,54.0,1.0,2.0,True,minecraft:ocean,water,minecraft:overworld:step.16:city.city_jingchao_capital:p.1,True
-3424,5664,54.0,1.0,3.0,True,minecraft:ocean,water,minecraft:overworld:step.16:city.city_jingchao_capital:p.1,True
-3408,5664,55.0,1.0,3.0,True,minecraft:dark_forest,water,minecraft:overworld:step.16:city.city_jingchao_capital:p.1,True
-3392,5664,56.0,1.0,4.0,True,minecraft:dark_forest,water,minecraft:overworld:step.16:city.city_jingchao_capital:p.1,True
-3376,5664,57.0,1.0,4.0,True,minecraft:dark_forest,water,minecraft:overworld:step.16:city.city_jingchao_capital:p.1,True
-3360,5664,57.0,1.0,3.0,True,minecraft:dark_forest,water,minecraft:overworld:step.16:city.city_jingchao_capital:p.1,True
-3344,5664,58.0,1.0,3.0,True,minecraft:dark_forest,water,minecraft:overworld:step.16:city.city_jingchao_capital:p.1,True
-3328,5664,58.0,1.0,3.0,True,minecraft:forest,water,minecraft:overworld:step.16:city.city_jingchao_capital:p.1,True
-3312,5664,59.0,1.0,3.0,True,minecraft:forest,water,minecraft:overworld:step.16:city.city_jingchao_capital:p.1,True
-3296,5664,59.0,1.0,3.0,True,minecraft:forest,water,minecraft:overworld:step.16:city.city_jingchao_capital:p.1,True
-3280,5664,58.0,1.0,3.0,True,minecraft:forest,water,minecraft:overworld:step.16:city.city_jingchao_capital:p.1,True
-3264,5664,57.0,1.0,3.0,True,minecraft:forest,water,minecraft:overworld:step.16:city.city_jingchao_capital:p.1,True
-3248,5664,57.0,1.0,3.0,True,minecraft:forest,water,minecraft:overworld:step.16:city.city_jingchao_capital:p.1,True
-3232,5664,58.0,2.0,3.0,True,minecraft:forest,water,minecraft:overworld:step.16:city.city_jingchao_capital:p.1,True
-3216,5664,60.0,2.0,3.0,True,minecraft:forest,water,minecraft:overworld:step.16:city.city_jingchao_capital:p.1,True
-3200,5664,60.0,1.0,3.0,True,minecraft:forest,water,minecraft:overworld:step.16:city.city_jingchao_capital:p.1,True
-3184,5664,60.0,1.0,3.0,True,minecraft:forest,water,minecraft:overworld:step.16:city.city_jingchao_capital:p.1,True
-3168,5664,60.0,1.0,2.0,True,minecraft:forest,water,minecraft:overworld:step.16:city.city_jingchao_capital:p.1,True
-3152,5664,60.0,1.0,2.0,True,minecraft:forest,water,minecraft:overworld:step.16:city.city_jingchao_capital:p.1,True
-3136,5664,61.0,1.0,2.0,True,minecraft:forest,water,minecraft:overworld:step.16:city.city_jingchao_capital:p.1,True
-3120,5664,60.0,1.0,2.0,True,minecraft:forest,water,minecraft:overworld:step.16:city.city_jingchao_capital:p.1,True
-3104,5664,61.0,1.0,1.0,True,minecraft:forest,water,minecraft:overworld:step.16:city.city_jingchao_capital:p.1,True
-3088,5664,61.0,0.0,2.0,True,minecraft:forest,water,minecraft:overworld:step.16:city.city_jingchao_capital:p.1,True
-3072,5664,61.0,1.0,2.0,True,minecraft:forest,water,minecraft:overworld:step.16:city.city_jingchao_capital:p.1,True
-3056,5664,62.0,1.0,2.0,False,minecraft:forest,shore,minecraft:overworld:step.16:city.city_jingchao_capital:p.122,True
-3040,5664,62.0,1.0,2.0,False,minecraft:forest,shore,minecraft:overworld:step.16:city.city_jingchao_capital:p.122,True
-3024,5664,62.0,1.0,2.0,False,minecraft:forest,shore,minecraft:overworld:step.16:city.city_jingchao_capital:p.122,True
-3008,5664,61.0,1.0,2.0,True,minecraft:forest,water,minecraft:overworld:step.16:city.city_jingchao_capital:p.1,True
-2992,5664,61.0,1.0,2.0,True,minecraft:forest,water,minecraft:overworld:step.16:city.city_jingchao_capital:p.1,True
-2976,5664,61.0,1.0,2.0,True,minecraft:forest,water,minecraft:overworld:step.16:city.city_jingchao_capital:p.1,True
-2960,5664,61.0,1.0,2.0,True,minecraft:forest,water,minecraft:overworld:step.16:city.city_jingchao_capital:p.1,True
-2944,5664,61.0,0.0,2.0,True,minecraft:forest,water,minecraft:overworld:step.16:city.city_jingchao_capital:p.1,True
-2928,5664,61.0,0.0,1.0,True,minecraft:forest,water,minecraft:overworld:step.16:city.city_jingchao_capital:p.1,True
-2912,5664,61.0,0.0,0.0,True,minecraft:forest,water,minecraft:overworld:step.16:city.city_jingchao_capital:p.1,True
-2896,5664,61.0,0.0,1.0,True,minecraft:forest,water,minecraft:overworld:step.16:city.city_jingchao_capital:p.1,True
-2880,5664,61.0,0.0,1.0,True,minecraft:birch_forest,water,minecraft:overworld:step.16:city.city_jingchao_capital:p.1,True
-2864,5664,61.0,1.0,1.0,True,minecraft:birch_forest,water,minecraft:overworld:step.16:city.city_jingchao_capital:p.1,True
-2848,5664,61.0,1.0,1.0,True,minecraft:birch_forest,water,minecraft:overworld:step.16:city.city_jingchao_capital:p.1,True
-2832,5664,62.0,1.0,1.0,False,minecraft:birch_forest,shore,minecraft:overworld:step.16:city.city_jingchao_capital:p.2,True
-2816,5664,62.0,1.0,1.0,False,minecraft:birch_forest,shore,minecraft:overworld:step.16:city.city_jingchao_capital:p.2,True
-2800,5664,61.0,1.0,1.0,True,minecraft:birch_forest,water,minecraft:overworld:step.16:city.city_jingchao_capital:p.1,True
-2784,5664,61.0,1.0,1.0,True,minecraft:birch_forest,water,minecraft:overworld:step.16:city.city_jingchao_capital:p.1,True
-2768,5664,62.0,1.0,1.0,False,minecraft:birch_forest,shore,minecraft:overworld:step.16:city.city_jingchao_capital:p.2,True
-2752,5664,61.0,1.0,1.0,True,minecraft:birch_forest,water,minecraft:overworld:step.16:city.city_jingchao_capital:p.1,True
-2736,5664,61.0,0.0,1.0,True,minecraft:birch_forest,water,minecraft:overworld:step.16:city.city_jingchao_capital:p.1,True
-2720,5664,61.0,0.0,1.0,True,minecraft:birch_forest,water,minecraft:overworld:step.16:city.city_jingchao_capital:p.1,True
-2704,5664,61.0,1.0,1.0,True,minecraft:forest,water,minecraft:overworld:step.16:city.city_jingchao_capital:p.1,True
-2688,5664,62.0,1.0,1.0,False,minecraft:forest,shore,minecraft:overworld:step.16:city.city_jingchao_capital:p.113,True
-2672,5664,62.0,1.0,1.0,False,minecraft:forest,shore,minecraft:overworld:step.16:city.city_jingchao_capital:p.113,True
-2656,5664,62.0,1.0,1.0,False,minecraft:forest,shore,minecraft:overworld:step.16:city.city_jingchao_capital:p.113,True
-2640,5664,62.0,0.0,1.0,False,minecraft:forest,shore,minecraft:overworld:step.16:city.city_jingchao_capital:p.113,True
-2624,5664,62.0,0.0,1.0,False,minecraft:forest,shore,minecraft:overworld:step.16:city.city_jingchao_capital:p.113,True
-2608,5664,62.0,1.0,1.0,False,minecraft:forest,shore,minecraft:overworld:step.16:city.city_jingchao_capital:p.113,True
-2592,5664,62.0,1.0,1.0,False,minecraft:forest,shore,minecraft:overworld:step.16:city.city_jingchao_capital:p.113,True
-2576,5664,62.0,1.0,1.0,False,minecraft:forest,shore,minecraft:overworld:step.16:city.city_jingchao_capital:p.113,True
-2560,5664,61.0,1.0,2.0,True,minecraft:forest,water,minecraft:overworld:step.16:city.city_jingchao_capital:p.1,True
-2544,5664,61.0,1.0,2.0,True,minecraft:forest,water,minecraft:overworld:step.16:city.city_jingchao_capital:p.1,True
-2528,5664,61.0,1.0,2.0,True,minecraft:forest,water,minecraft:overworld:step.16:city.city_jingchao_capital:p.1,True
-2512,5664,61.0,1.0,2.0,True,minecraft:ocean,water,minecraft:overworld:step.16:city.city_jingchao_capital:p.1,True
-2496,5664,61.0,1.0,2.0,True,minecraft:ocean,water,minecraft:overworld:step.16:city.city_jingchao_capital:p.1,True
-2480,5664,61.0,1.0,2.0,True,minecraft:ocean,water,minecraft:overworld:step.16:city.city_jingchao_capital:p.1,True
-2464,5664,61.0,1.0,1.0,True,minecraft:ocean,water,minecraft:overworld:step.16:city.city_jingchao_capital:p.1,True
-2448,5664,62.0,1.0,2.0,False,minecraft:beach,shore,minecraft:overworld:step.16:city.city_jingchao_capital:p.121,True
-2432,5664,62.0,1.0,2.0,False,minecraft:beach,shore,minecraft:overworld:step.16:city.city_jingchao_capital:p.121,True
-3440,5680,54.0,0.0,1.0,True,minecraft:ocean,water,minecraft:overworld:step.16:city.city_jingchao_capital:p.1,True
-3424,5680,54.0,1.0,2.0,True,minecraft:ocean,water,minecraft:overworld:step.16:city.city_jingchao_capital:p.1,True
-3408,5680,55.0,1.0,3.0,True,minecraft:dark_forest,water,minecraft:overworld:step.16:city.city_jingchao_capital:p.1,True
-3392,5680,56.0,1.0,4.0,True,minecraft:dark_forest,water,minecraft:overworld:step.16:city.city_jingchao_capital:p.1,True
-3376,5680,57.0,1.0,3.0,True,minecraft:dark_forest,water,minecraft:overworld:step.16:city.city_jingchao_capital:p.1,True
-3360,5680,58.0,1.0,3.0,True,minecraft:dark_forest,water,minecraft:overworld:step.16:city.city_jingchao_capital:p.1,True
-3344,5680,58.0,1.0,3.0,True,minecraft:forest,water,minecraft:overworld:step.16:city.city_jingchao_capital:p.1,True
-3328,5680,58.0,1.0,2.0,True,minecraft:forest,water,minecraft:overworld:step.16:city.city_jingchao_capital:p.1,True
-3312,5680,59.0,1.0,2.0,True,minecraft:forest,water,minecraft:overworld:step.16:city.city_jingchao_capital:p.1,True
-3296,5680,59.0,1.0,2.0,True,minecraft:forest,water,minecraft:overworld:step.16:city.city_jingchao_capital:p.1,True
-3280,5680,58.0,1.0,2.0,True,minecraft:forest,water,minecraft:overworld:step.16:city.city_jingchao_capital:p.1,True
-3264,5680,57.0,1.0,2.0,True,minecraft:forest,water,minecraft:overworld:step.16:city.city_jingchao_capital:p.1,True
-3248,5680,57.0,1.0,3.0,True,minecraft:forest,water,minecraft:overworld:step.16:city.city_jingchao_capital:p.1,True
-3232,5680,58.0,2.0,3.0,True,minecraft:forest,water,minecraft:overworld:step.16:city.city_jingchao_capital:p.1,True
-3216,5680,59.0,2.0,3.0,True,minecraft:forest,water,minecraft:overworld:step.16:city.city_jingchao_capital:p.1,True
-3200,5680,59.0,2.0,3.0,True,minecraft:forest,water,minecraft:overworld:step.16:city.city_jingchao_capital:p.1,True
-3184,5680,59.0,1.0,3.0,True,minecraft:forest,water,minecraft:overworld:step.16:city.city_jingchao_capital:p.1,True
-3168,5680,60.0,1.0,3.0,True,minecraft:forest,water,minecraft:overworld:step.16:city.city_jingchao_capital:p.1,True
-3152,5680,60.0,1.0,3.0,True,minecraft:forest,water,minecraft:overworld:step.16:city.city_jingchao_capital:p.1,True
-3136,5680,60.0,1.0,2.0,True,minecraft:forest,water,minecraft:overworld:step.16:city.city_jingchao_capital:p.1,True
-3120,5680,60.0,1.0,2.0,True,minecraft:forest,water,minecraft:overworld:step.16:city.city_jingchao_capital:p.1,True
-3104,5680,61.0,1.0,2.0,True,minecraft:forest,water,minecraft:overworld:step.16:city.city_jingchao_capital:p.1,True
-3088,5680,61.0,1.0,2.0,True,minecraft:forest,water,minecraft:overworld:step.16:city.city_jingchao_capital:p.1,True
-3072,5680,61.0,1.0,2.0,True,minecraft:forest,water,minecraft:overworld:step.16:city.city_jingchao_capital:p.1,True
-3056,5680,61.0,1.0,2.0,True,minecraft:forest,water,minecraft:overworld:step.16:city.city_jingchao_capital:p.1,True
-3040,5680,61.0,1.0,2.0,True,minecraft:forest,water,minecraft:overworld:step.16:city.city_jingchao_capital:p.1,True
-3024,5680,61.0,1.0,2.0,True,minecraft:forest,water,minecraft:overworld:step.16:city.city_jingchao_capital:p.1,True
-3008,5680,61.0,1.0,2.0,True,minecraft:forest,water,minecraft:overworld:step.16:city.city_jingchao_capital:p.1,True
-2992,5680,61.0,1.0,2.0,True,minecraft:forest,water,minecraft:overworld:step.16:city.city_jingchao_capital:p.1,True
-2976,5680,61.0,1.0,2.0,True,minecraft:forest,water,minecraft:overworld:step.16:city.city_jingchao_capital:p.1,True
-2960,5680,61.0,1.0,2.0,True,minecraft:forest,water,minecraft:overworld:step.16:city.city_jingchao_capital:p.1,True
-2944,5680,61.0,1.0,2.0,True,minecraft:forest,water,minecraft:overworld:step.16:city.city_jingchao_capital:p.1,True
-2928,5680,61.0,0.0,1.0,True,minecraft:forest,water,minecraft:overworld:step.16:city.city_jingchao_capital:p.1,True
-2912,5680,61.0,0.0,0.0,True,minecraft:forest,water,minecraft:overworld:step.16:city.city_jingchao_capital:p.1,True
-2896,5680,61.0,0.0,1.0,True,minecraft:forest,water,minecraft:overworld:step.16:city.city_jingchao_capital:p.1,True
-2880,5680,61.0,0.0,2.0,True,minecraft:forest,water,minecraft:overworld:step.16:city.city_jingchao_capital:p.1,True
-2864,5680,61.0,0.0,2.0,True,minecraft:birch_forest,water,minecraft:overworld:step.16:city.city_jingchao_capital:p.1,True
-2848,5680,61.0,1.0,2.0,True,minecraft:birch_forest,water,minecraft:overworld:step.16:city.city_jingchao_capital:p.1,True
-2832,5680,61.0,1.0,2.0,True,minecraft:birch_forest,water,minecraft:overworld:step.16:city.city_jingchao_capital:p.1,True
-2816,5680,61.0,1.0,2.0,True,minecraft:birch_forest,water,minecraft:overworld:step.16:city.city_jingchao_capital:p.1,True
-2800,5680,61.0,1.0,1.0,True,minecraft:birch_forest,water,minecraft:overworld:step.16:city.city_jingchao_capital:p.1,True
-2784,5680,61.0,1.0,1.0,True,minecraft:birch_forest,water,minecraft:overworld:step.16:city.city_jingchao_capital:p.1,True
-2768,5680,62.0,1.0,1.0,False,minecraft:birch_forest,shore,minecraft:overworld:step.16:city.city_jingchao_capital:p.2,True
-2752,5680,61.0,1.0,1.0,True,minecraft:birch_forest,water,minecraft:overworld:step.16:city.city_jingchao_capital:p.1,True
-2736,5680,61.0,0.0,1.0,True,minecraft:birch_forest,water,minecraft:overworld:step.16:city.city_jingchao_capital:p.1,True
-2720,5680,61.0,0.0,1.0,True,minecraft:forest,water,minecraft:overworld:step.16:city.city_jingchao_capital:p.1,True
-2704,5680,61.0,1.0,1.0,True,minecraft:forest,water,minecraft:overworld:step.16:city.city_jingchao_capital:p.1,True
-2688,5680,61.0,1.0,1.0,True,minecraft:forest,water,minecraft:overworld:step.16:city.city_jingchao_capital:p.1,True
-2672,5680,61.0,1.0,1.0,True,minecraft:forest,water,minecraft:overworld:step.16:city.city_jingchao_capital:p.1,True
-2656,5680,62.0,1.0,1.0,False,minecraft:forest,shore,minecraft:overworld:step.16:city.city_jingchao_capital:p.113,True
-2640,5680,62.0,1.0,1.0,False,minecraft:forest,shore,minecraft:overworld:step.16:city.city_jingchao_capital:p.113,True
-2624,5680,62.0,0.0,1.0,False,minecraft:forest,shore,minecraft:overworld:step.16:city.city_jingchao_capital:p.113,True
-2608,5680,62.0,0.0,1.0,False,minecraft:forest,shore,minecraft:overworld:step.16:city.city_jingchao_capital:p.113,True
-2592,5680,62.0,0.0,1.0,False,minecraft:forest,shore,minecraft:overworld:step.16:city.city_jingchao_capital:p.113,True
-2576,5680,62.0,1.0,1.0,False,minecraft:forest,shore,minecraft:overworld:step.16:city.city_jingchao_capital:p.113,True
-2560,5680,62.0,1.0,2.0,False,minecraft:forest,shore,minecraft:overworld:step.16:city.city_jingchao_capital:p.113,True
-2544,5680,61.0,1.0,2.0,True,minecraft:forest,water,minecraft:overworld:step.16:city.city_jingchao_capital:p.1,True
-2528,5680,61.0,0.0,2.0,True,minecraft:forest,water,minecraft:overworld:step.16:city.city_jingchao_capital:p.1,True
-2512,5680,61.0,0.0,2.0,True,minecraft:ocean,water,minecraft:overworld:step.16:city.city_jingchao_capital:p.1,True
-2496,5680,61.0,1.0,2.0,True,minecraft:ocean,water,minecraft:overworld:step.16:city.city_jingchao_capital:p.1,True
-2480,5680,62.0,1.0,2.0,False,minecraft:beach,shore,minecraft:overworld:step.16:city.city_jingchao_capital:p.121,True
-2464,5680,62.0,1.0,1.0,False,minecraft:beach,shore,minecraft:overworld:step.16:city.city_jingchao_capital:p.121,True
-2448,5680,62.0,1.0,2.0,False,minecraft:beach,shore,minecraft:overworld:step.16:city.city_jingchao_capital:p.121,True
-2432,5680,62.0,1.0,2.0,False,minecraft:beach,shore,minecraft:overworld:step.16:city.city_jingchao_capital:p.121,True
-3440,5696,54.0,0.0,1.0,True,minecraft:ocean,water,minecraft:overworld:step.16:city.city_jingchao_capital:p.1,True
-3424,5696,54.0,1.0,2.0,True,minecraft:ocean,water,minecraft:overworld:step.16:city.city_jingchao_capital:p.1,True
-3408,5696,55.0,1.0,3.0,True,minecraft:dark_forest,water,minecraft:overworld:step.16:city.city_jingchao_capital:p.1,True
-3392,5696,56.0,1.0,4.0,True,minecraft:dark_forest,water,minecraft:overworld:step.16:city.city_jingchao_capital:p.1,True
-3376,5696,57.0,1.0,3.0,True,minecraft:dark_forest,water,minecraft:overworld:step.16:city.city_jingchao_capital:p.1,True
-3360,5696,57.0,1.0,3.0,True,minecraft:dark_forest,water,minecraft:overworld:step.16:city.city_jingchao_capital:p.1,True
-3344,5696,58.0,1.0,3.0,True,minecraft:dark_forest,water,minecraft:overworld:step.16:city.city_jingchao_capital:p.1,True
-3328,5696,58.0,1.0,2.0,True,minecraft:forest,water,minecraft:overworld:step.16:city.city_jingchao_capital:p.1,True
-3312,5696,58.0,1.0,2.0,True,minecraft:forest,water,minecraft:overworld:step.16:city.city_jingchao_capital:p.1,True
-3296,5696,59.0,1.0,2.0,True,minecraft:forest,water,minecraft:overworld:step.16:city.city_jingchao_capital:p.1,True
-3280,5696,58.0,1.0,2.0,True,minecraft:forest,water,minecraft:overworld:step.16:city.city_jingchao_capital:p.1,True
-3264,5696,58.0,1.0,2.0,True,minecraft:forest,water,minecraft:overworld:step.16:city.city_jingchao_capital:p.1,True
-3248,5696,57.0,1.0,3.0,True,minecraft:forest,water,minecraft:overworld:step.16:city.city_jingchao_capital:p.1,True
-3232,5696,57.0,2.0,3.0,True,minecraft:forest,water,minecraft:overworld:step.16:city.city_jingchao_capital:p.1,True
-3216,5696,57.0,2.0,3.0,True,minecraft:forest,water,minecraft:overworld:step.16:city.city_jingchao_capital:p.1,True
-3200,5696,59.0,2.0,3.0,True,minecraft:forest,water,minecraft:overworld:step.16:city.city_jingchao_capital:p.1,True
-3184,5696,59.0,1.0,3.0,True,minecraft:forest,water,minecraft:overworld:step.16:city.city_jingchao_capital:p.1,True
-3168,5696,59.0,1.0,3.0,True,minecraft:forest,water,minecraft:overworld:step.16:city.city_jingchao_capital:p.1,True
-3152,5696,59.0,1.0,3.0,True,minecraft:forest,water,minecraft:overworld:step.16:city.city_jingchao_capital:p.1,True
-3136,5696,60.0,1.0,2.0,True,minecraft:forest,water,minecraft:overworld:step.16:city.city_jingchao_capital:p.1,True
-3120,5696,60.0,1.0,2.0,True,minecraft:forest,water,minecraft:overworld:step.16:city.city_jingchao_capital:p.1,True
-3104,5696,60.0,1.0,2.0,True,minecraft:forest,water,minecraft:overworld:step.16:city.city_jingchao_capital:p.1,True
-3088,5696,60.0,1.0,2.0,True,minecraft:forest,water,minecraft:overworld:step.16:city.city_jingchao_capital:p.1,True
-3072,5696,60.0,1.0,2.0,True,minecraft:forest,water,minecraft:overworld:step.16:city.city_jingchao_capital:p.1,True
-3056,5696,61.0,1.0,3.0,True,minecraft:forest,water,minecraft:overworld:step.16:city.city_jingchao_capital:p.1,True
-3040,5696,60.0,1.0,3.0,True,minecraft:forest,water,minecraft:overworld:step.16:city.city_jingchao_capital:p.1,True
-3024,5696,61.0,1.0,3.0,True,minecraft:forest,water,minecraft:overworld:step.16:city.city_jingchao_capital:p.1,True
-3008,5696,61.0,1.0,3.0,True,minecraft:forest,water,minecraft:overworld:step.16:city.city_jingchao_capital:p.1,True
-2992,5696,61.0,1.0,3.0,True,minecraft:forest,water,minecraft:overworld:step.16:city.city_jingchao_capital:p.1,True
-2976,5696,60.0,1.0,1.0,True,minecraft:forest,water,minecraft:overworld:step.16:city.city_jingchao_capital:p.1,True
-2960,5696,60.0,1.0,1.0,True,minecraft:forest,water,minecraft:overworld:step.16:city.city_jingchao_capital:p.1,True
-2944,5696,61.0,1.0,1.0,True,minecraft:forest,water,minecraft:overworld:step.16:city.city_jingchao_capital:p.1,True
-2928,5696,61.0,0.0,1.0,True,minecraft:forest,water,minecraft:overworld:step.16:city.city_jingchao_capital:p.1,True
-2912,5696,61.0,0.0,1.0,True,minecraft:forest,water,minecraft:overworld:step.16:city.city_jingchao_capital:p.1,True
-2896,5696,61.0,0.0,1.0,True,minecraft:forest,water,minecraft:overworld:step.16:city.city_jingchao_capital:p.1,True
-2880,5696,61.0,1.0,1.0,True,minecraft:forest,water,minecraft:overworld:step.16:city.city_jingchao_capital:p.1,True
-2864,5696,61.0,1.0,2.0,True,minecraft:forest,water,minecraft:overworld:step.16:city.city_jingchao_capital:p.1,True
-2848,5696,61.0,1.0,2.0,True,minecraft:forest,water,minecraft:overworld:step.16:city.city_jingchao_capital:p.1,True
-2832,5696,61.0,1.0,2.0,True,minecraft:forest,water,minecraft:overworld:step.16:city.city_jingchao_capital:p.1,True
-2816,5696,61.0,0.0,2.0,True,minecraft:forest,water,minecraft:overworld:step.16:city.city_jingchao_capital:p.1,True
-2800,5696,61.0,0.0,2.0,True,minecraft:birch_forest,water,minecraft:overworld:step.16:city.city_jingchao_capital:p.1,True
-2784,5696,61.0,1.0,2.0,True,minecraft:birch_forest,water,minecraft:overworld:step.16:city.city_jingchao_capital:p.1,True
-2768,5696,61.0,1.0,2.0,True,minecraft:birch_forest,water,minecraft:overworld:step.16:city.city_jingchao_capital:p.1,True
-2752,5696,61.0,1.0,2.0,True,minecraft:forest,water,minecraft:overworld:step.16:city.city_jingchao_capital:p.1,True
-2736,5696,61.0,0.0,2.0,True,minecraft:forest,water,minecraft:overworld:step.16:city.city_jingchao_capital:p.1,True
-2720,5696,61.0,0.0,1.0,True,minecraft:forest,water,minecraft:overworld:step.16:city.city_jingchao_capital:p.1,True
-2704,5696,61.0,0.0,1.0,True,minecraft:forest,water,minecraft:overworld:step.16:city.city_jingchao_capital:p.1,True
-2688,5696,61.0,0.0,1.0,True,minecraft:forest,water,minecraft:overworld:step.16:city.city_jingchao_capital:p.1,True
-2672,5696,61.0,1.0,1.0,True,minecraft:forest,water,minecraft:overworld:step.16:city.city_jingchao_capital:p.1,True
-2656,5696,61.0,1.0,1.0,True,minecraft:forest,water,minecraft:overworld:step.16:city.city_jingchao_capital:p.1,True
-2640,5696,62.0,1.0,1.0,False,minecraft:forest,shore,minecraft:overworld:step.16:city.city_jingchao_capital:p.113,True
-2624,5696,62.0,1.0,1.0,False,minecraft:forest,shore,minecraft:overworld:step.16:city.city_jingchao_capital:p.113,True
-2608,5696,62.0,1.0,1.0,False,minecraft:forest,shore,minecraft:overworld:step.16:city.city_jingchao_capital:p.113,True
-2592,5696,62.0,1.0,1.0,False,minecraft:forest,shore,minecraft:overworld:step.16:city.city_jingchao_capital:p.113,True
-2576,5696,62.0,1.0,1.0,False,minecraft:forest,shore,minecraft:overworld:step.16:city.city_jingchao_capital:p.113,True
-2560,5696,62.0,1.0,1.0,False,minecraft:forest,shore,minecraft:overworld:step.16:city.city_jingchao_capital:p.113,True
-2544,5696,61.0,1.0,1.0,True,minecraft:forest,water,minecraft:overworld:step.16:city.city_jingchao_capital:p.1,True
-2528,5696,61.0,0.0,1.0,True,minecraft:forest,water,minecraft:overworld:step.16:city.city_jingchao_capital:p.1,True
-2512,5696,61.0,1.0,1.0,True,minecraft:ocean,water,minecraft:overworld:step.16:city.city_jingchao_capital:p.1,True
-2496,5696,61.0,1.0,1.0,True,minecraft:ocean,water,minecraft:overworld:step.16:city.city_jingchao_capital:p.1,True
-2480,5696,62.0,1.0,1.0,False,minecraft:beach,shore,minecraft:overworld:step.16:city.city_jingchao_capital:p.121,True
-2464,5696,62.0,0.0,1.0,False,minecraft:beach,shore,minecraft:overworld:step.16:city.city_jingchao_capital:p.121,True
-2448,5696,62.0,0.0,2.0,False,minecraft:beach,shore,minecraft:overworld:step.16:city.city_jingchao_capital:p.121,True
-2432,5696,62.0,1.0,2.0,False,minecraft:beach,plain,minecraft:overworld:step.16:city.city_jingchao_capital:p.124,True
-3440,5712,54.0,0.0,1.0,True,minecraft:ocean,water,minecraft:overworld:step.16:city.city_jingchao_capital:p.1,True
-3424,5712,54.0,1.0,2.0,True,minecraft:ocean,water,minecraft:overworld:step.16:city.city_jingchao_capital:p.1,True
-3408,5712,55.0,1.0,3.0,True,minecraft:dark_forest,water,minecraft:overworld:step.16:city.city_jingchao_capital:p.1,True
-3392,5712,56.0,1.0,4.0,True,minecraft:dark_forest,water,minecraft:overworld:step.16:city.city_jingchao_capital:p.1,True
-3376,5712,56.0,1.0,3.0,True,minecraft:dark_forest,water,minecraft:overworld:step.16:city.city_jingchao_capital:p.1,True
-3360,5712,57.0,1.0,3.0,True,minecraft:dark_forest,water,minecraft:overworld:step.16:city.city_jingchao_capital:p.1,True
-3344,5712,57.0,1.0,3.0,True,minecraft:dark_forest,water,minecraft:overworld:step.16:city.city_jingchao_capital:p.1,True
-3328,5712,58.0,1.0,3.0,True,minecraft:forest,water,minecraft:overworld:step.16:city.city_jingchao_capital:p.1,True
-3312,5712,58.0,1.0,2.0,True,minecraft:forest,water,minecraft:overworld:step.16:city.city_jingchao_capital:p.1,True
-3296,5712,58.0,1.0,2.0,True,minecraft:forest,water,minecraft:overworld:step.16:city.city_jingchao_capital:p.1,True
-3280,5712,58.0,1.0,2.0,True,minecraft:forest,water,minecraft:overworld:step.16:city.city_jingchao_capital:p.1,True
-3264,5712,58.0,1.0,2.0,True,minecraft:forest,water,minecraft:overworld:step.16:city.city_jingchao_capital:p.1,True
-3248,5712,57.0,1.0,2.0,True,minecraft:forest,water,minecraft:overworld:step.16:city.city_jingchao_capital:p.1,True
-3232,5712,57.0,0.0,2.0,True,minecraft:forest,water,minecraft:overworld:step.16:city.city_jingchao_capital:p.1,True
-3216,5712,57.0,2.0,2.0,True,minecraft:forest,water,minecraft:overworld:step.16:city.city_jingchao_capital:p.1,True
-3200,5712,58.0,1.0,3.0,True,minecraft:forest,water,minecraft:overworld:step.16:city.city_jingchao_capital:p.1,True
-3184,5712,58.0,1.0,3.0,True,minecraft:forest,water,minecraft:overworld:step.16:city.city_jingchao_capital:p.1,True
-3168,5712,59.0,1.0,3.0,True,minecraft:forest,water,minecraft:overworld:step.16:city.city_jingchao_capital:p.1,True
-3152,5712,59.0,1.0,2.0,True,minecraft:forest,water,minecraft:overworld:step.16:city.city_jingchao_capital:p.1,True
-3136,5712,59.0,1.0,2.0,True,minecraft:forest,water,minecraft:overworld:step.16:city.city_jingchao_capital:p.1,True
-3120,5712,60.0,1.0,2.0,True,minecraft:forest,water,minecraft:overworld:step.16:city.city_jingchao_capital:p.1,True
-3104,5712,60.0,0.0,2.0,True,minecraft:forest,water,minecraft:overworld:step.16:city.city_jingchao_capital:p.1,True
-3088,5712,60.0,0.0,1.0,True,minecraft:forest,water,minecraft:overworld:step.16:city.city_jingchao_capital:p.1,True
-3072,5712,60.0,1.0,2.0,True,minecraft:forest,water,minecraft:overworld:step.16:city.city_jingchao_capital:p.1,True
-3056,5712,60.0,1.0,2.0,True,minecraft:forest,water,minecraft:overworld:step.16:city.city_jingchao_capital:p.1,True
-3040,5712,60.0,1.0,2.0,True,minecraft:forest,water,minecraft:overworld:step.16:city.city_jingchao_capital:p.1,True
-3024,5712,60.0,1.0,2.0,True,minecraft:forest,water,minecraft:overworld:step.16:city.city_jingchao_capital:p.1,True
-3008,5712,60.0,1.0,2.0,True,minecraft:forest,water,minecraft:overworld:step.16:city.city_jingchao_capital:p.1,True
-2992,5712,60.0,1.0,2.0,True,minecraft:forest,water,minecraft:overworld:step.16:city.city_jingchao_capital:p.1,True
-2976,5712,60.0,1.0,1.0,True,minecraft:forest,water,minecraft:overworld:step.16:city.city_jingchao_capital:p.1,True
-2960,5712,60.0,1.0,1.0,True,minecraft:forest,water,minecraft:overworld:step.16:city.city_jingchao_capital:p.1,True
-2944,5712,61.0,1.0,1.0,True,minecraft:forest,water,minecraft:overworld:step.16:city.city_jingchao_capital:p.1,True
-2928,5712,61.0,0.0,1.0,True,minecraft:forest,water,minecraft:overworld:step.16:city.city_jingchao_capital:p.1,True
-2912,5712,61.0,0.0,1.0,True,minecraft:forest,water,minecraft:overworld:step.16:city.city_jingchao_capital:p.1,True
-2896,5712,61.0,1.0,1.0,True,minecraft:forest,water,minecraft:overworld:step.16:city.city_jingchao_capital:p.1,True
-2880,5712,61.0,1.0,1.0,True,minecraft:forest,water,minecraft:overworld:step.16:city.city_jingchao_capital:p.1,True
-2864,5712,60.0,1.0,1.0,True,minecraft:forest,water,minecraft:overworld:step.16:city.city_jingchao_capital:p.1,True
-2848,5712,60.0,1.0,1.0,True,minecraft:forest,water,minecraft:overworld:step.16:city.city_jingchao_capital:p.1,True
-2832,5712,61.0,1.0,1.0,True,minecraft:forest,water,minecraft:overworld:step.16:city.city_jingchao_capital:p.1,True
-2816,5712,61.0,1.0,1.0,True,minecraft:forest,water,minecraft:overworld:step.16:city.city_jingchao_capital:p.1,True
-2800,5712,61.0,1.0,2.0,True,minecraft:forest,water,minecraft:overworld:step.16:city.city_jingchao_capital:p.1,True
-2784,5712,61.0,1.0,2.0,True,minecraft:forest,water,minecraft:overworld:step.16:city.city_jingchao_capital:p.1,True
-2768,5712,61.0,1.0,2.0,True,minecraft:forest,water,minecraft:overworld:step.16:city.city_jingchao_capital:p.1,True
-2752,5712,61.0,1.0,2.0,True,minecraft:forest,water,minecraft:overworld:step.16:city.city_jingchao_capital:p.1,True
-2736,5712,61.0,0.0,2.0,True,minecraft:forest,water,minecraft:overworld:step.16:city.city_jingchao_capital:p.1,True
-2720,5712,61.0,0.0,1.0,True,minecraft:forest,water,minecraft:overworld:step.16:city.city_jingchao_capital:p.1,True
-2704,5712,61.0,0.0,1.0,True,minecraft:forest,water,minecraft:overworld:step.16:city.city_jingchao_capital:p.1,True
-2688,5712,61.0,0.0,1.0,True,minecraft:forest,water,minecraft:overworld:step.16:city.city_jingchao_capital:p.1,True
-2672,5712,61.0,0.0,1.0,True,minecraft:forest,water,minecraft:overworld:step.16:city.city_jingchao_capital:p.1,True
-2656,5712,61.0,1.0,1.0,True,minecraft:forest,water,minecraft:overworld:step.16:city.city_jingchao_capital:p.1,True
-2640,5712,61.0,1.0,1.0,True,minecraft:forest,water,minecraft:overworld:step.16:city.city_jingchao_capital:p.1,True
-2624,5712,62.0,1.0,1.0,False,minecraft:forest,shore,minecraft:overworld:step.16:city.city_jingchao_capital:p.113,True
-2608,5712,61.0,1.0,1.0,True,minecraft:forest,water,minecraft:overworld:step.16:city.city_jingchao_capital:p.1,True
-2592,5712,61.0,1.0,1.0,True,minecraft:forest,water,minecraft:overworld:step.16:city.city_jingchao_capital:p.1,True
-2576,5712,61.0,1.0,1.0,True,minecraft:forest,water,minecraft:overworld:step.16:city.city_jingchao_capital:p.1,True
-2560,5712,61.0,1.0,1.0,True,minecraft:forest,water,minecraft:overworld:step.16:city.city_jingchao_capital:p.1,True
-2544,5712,61.0,1.0,1.0,True,minecraft:forest,water,minecraft:overworld:step.16:city.city_jingchao_capital:p.1,True
-2528,5712,61.0,0.0,1.0,True,minecraft:forest,water,minecraft:overworld:step.16:city.city_jingchao_capital:p.1,True
-2512,5712,61.0,1.0,1.0,True,minecraft:ocean,water,minecraft:overworld:step.16:city.city_jingchao_capital:p.1,True
-2496,5712,62.0,1.0,1.0,False,minecraft:beach,shore,minecraft:overworld:step.16:city.city_jingchao_capital:p.121,True
-2480,5712,62.0,1.0,1.0,False,minecraft:beach,shore,minecraft:overworld:step.16:city.city_jingchao_capital:p.121,True
-2464,5712,62.0,0.0,1.0,False,minecraft:beach,shore,minecraft:overworld:step.16:city.city_jingchao_capital:p.121,True
-2448,5712,62.0,0.0,1.0,False,minecraft:beach,plain,minecraft:overworld:step.16:city.city_jingchao_capital:p.124,True
-2432,5712,62.0,1.0,1.0,False,minecraft:beach,plain,minecraft:overworld:step.16:city.city_jingchao_capital:p.124,True
-3440,5728,54.0,0.0,1.0,True,minecraft:ocean,water,minecraft:overworld:step.16:city.city_jingchao_capital:p.1,True
-3424,5728,54.0,1.0,2.0,True,minecraft:ocean,water,minecraft:overworld:step.16:city.city_jingchao_capital:p.1,True
-3408,5728,55.0,1.0,3.0,True,minecraft:dark_forest,water,minecraft:overworld:step.16:city.city_jingchao_capital:p.1,True
-3392,5728,55.0,1.0,3.0,True,minecraft:dark_forest,water,minecraft:overworld:step.16:city.city_jingchao_capital:p.1,True
-3376,5728,56.0,1.0,3.0,True,minecraft:dark_forest,water,minecraft:overworld:step.16:city.city_jingchao_capital:p.1,True
-3360,5728,57.0,1.0,3.0,True,minecraft:dark_forest,water,minecraft:overworld:step.16:city.city_jingchao_capital:p.1,True
-3344,5728,57.0,1.0,2.0,True,minecraft:dark_forest,water,minecraft:overworld:step.16:city.city_jingchao_capital:p.1,True
-3328,5728,57.0,1.0,3.0,True,minecraft:dark_forest,water,minecraft:overworld:step.16:city.city_jingchao_capital:p.1,True
-3312,5728,58.0,1.0,3.0,True,minecraft:forest,water,minecraft:overworld:step.16:city.city_jingchao_capital:p.1,True
-3296,5728,58.0,0.0,2.0,True,minecraft:forest,water,minecraft:overworld:step.16:city.city_jingchao_capital:p.1,True
-3280,5728,58.0,0.0,2.0,True,minecraft:forest,water,minecraft:overworld:step.16:city.city_jingchao_capital:p.1,True
-3264,5728,58.0,1.0,3.0,True,minecraft:forest,water,minecraft:overworld:step.16:city.city_jingchao_capital:p.1,True
-3248,5728,57.0,1.0,2.0,True,minecraft:forest,water,minecraft:overworld:step.16:city.city_jingchao_capital:p.1,True
-3232,5728,57.0,0.0,3.0,True,minecraft:forest,water,minecraft:overworld:step.16:city.city_jingchao_capital:p.1,True
-3216,5728,57.0,1.0,3.0,True,minecraft:forest,water,minecraft:overworld:step.16:city.city_jingchao_capital:p.1,True
-3200,5728,58.0,1.0,3.0,True,minecraft:forest,water,minecraft:overworld:step.16:city.city_jingchao_capital:p.1,True
-3184,5728,59.0,2.0,3.0,True,minecraft:forest,water,minecraft:overworld:step.16:city.city_jingchao_capital:p.1,True
-3168,5728,59.0,1.0,3.0,True,minecraft:forest,water,minecraft:overworld:step.16:city.city_jingchao_capital:p.1,True
-3152,5728,59.0,0.0,2.0,True,minecraft:forest,water,minecraft:overworld:step.16:city.city_jingchao_capital:p.1,True
-3136,5728,59.0,1.0,1.0,True,minecraft:forest,water,minecraft:overworld:step.16:city.city_jingchao_capital:p.1,True
-3120,5728,60.0,1.0,1.0,True,minecraft:forest,water,minecraft:overworld:step.16:city.city_jingchao_capital:p.1,True
-3104,5728,60.0,0.0,1.0,True,minecraft:forest,water,minecraft:overworld:step.16:city.city_jingchao_capital:p.1,True
-3088,5728,60.0,0.0,2.0,True,minecraft:forest,water,minecraft:overworld:step.16:city.city_jingchao_capital:p.1,True
-3072,5728,60.0,0.0,2.0,True,minecraft:forest,water,minecraft:overworld:step.16:city.city_jingchao_capital:p.1,True
-3056,5728,60.0,1.0,2.0,True,minecraft:forest,water,minecraft:overworld:step.16:city.city_jingchao_capital:p.1,True
-3040,5728,60.0,1.0,2.0,True,minecraft:forest,water,minecraft:overworld:step.16:city.city_jingchao_capital:p.1,True
-3024,5728,59.0,1.0,2.0,True,minecraft:forest,water,minecraft:overworld:step.16:city.city_jingchao_capital:p.1,True
-3008,5728,60.0,1.0,2.0,True,minecraft:forest,water,minecraft:overworld:step.16:city.city_jingchao_capital:p.1,True
-2992,5728,60.0,0.0,2.0,True,minecraft:forest,water,minecraft:overworld:step.16:city.city_jingchao_capital:p.1,True
-2976,5728,60.0,0.0,1.0,True,minecraft:forest,water,minecraft:overworld:step.16:city.city_jingchao_capital:p.1,True
-2960,5728,60.0,1.0,1.0,True,minecraft:forest,water,minecraft:overworld:step.16:city.city_jingchao_capital:p.1,True
-2944,5728,61.0,1.0,1.0,True,minecraft:forest,water,minecraft:overworld:step.16:city.city_jingchao_capital:p.1,True
-2928,5728,61.0,1.0,1.0,True,minecraft:forest,water,minecraft:overworld:step.16:city.city_jingchao_capital:p.1,True
-2912,5728,61.0,1.0,1.0,True,minecraft:forest,water,minecraft:overworld:step.16:city.city_jingchao_capital:p.1,True
-2896,5728,61.0,1.0,1.0,True,minecraft:forest,water,minecraft:overworld:step.16:city.city_jingchao_capital:p.1,True
-2880,5728,60.0,1.0,1.0,True,minecraft:forest,water,minecraft:overworld:step.16:city.city_jingchao_capital:p.1,True
-2864,5728,60.0,1.0,1.0,True,minecraft:forest,water,minecraft:overworld:step.16:city.city_jingchao_capital:p.1,True
-2848,5728,60.0,1.0,2.0,True,minecraft:forest,water,minecraft:overworld:step.16:city.city_jingchao_capital:p.1,True
-2832,5728,61.0,1.0,2.0,True,minecraft:forest,water,minecraft:overworld:step.16:city.city_jingchao_capital:p.1,True
-2816,5728,61.0,1.0,2.0,True,minecraft:forest,water,minecraft:overworld:step.16:city.city_jingchao_capital:p.1,True
-2800,5728,60.0,1.0,2.0,True,minecraft:forest,water,minecraft:overworld:step.16:city.city_jingchao_capital:p.1,True
-2784,5728,60.0,1.0,2.0,True,minecraft:forest,water,minecraft:overworld:step.16:city.city_jingchao_capital:p.1,True
-2768,5728,60.0,1.0,2.0,True,minecraft:forest,water,minecraft:overworld:step.16:city.city_jingchao_capital:p.1,True
-2752,5728,61.0,1.0,2.0,True,minecraft:forest,water,minecraft:overworld:step.16:city.city_jingchao_capital:p.1,True
-2736,5728,61.0,1.0,2.0,True,minecraft:forest,water,minecraft:overworld:step.16:city.city_jingchao_capital:p.1,True
-2720,5728,61.0,1.0,1.0,True,minecraft:forest,water,minecraft:overworld:step.16:city.city_jingchao_capital:p.1,True
-2704,5728,61.0,0.0,1.0,True,minecraft:forest,water,minecraft:overworld:step.16:city.city_jingchao_capital:p.1,True
-2688,5728,61.0,0.0,1.0,True,minecraft:forest,water,minecraft:overworld:step.16:city.city_jingchao_capital:p.1,True
-2672,5728,61.0,0.0,2.0,True,minecraft:forest,water,minecraft:overworld:step.16:city.city_jingchao_capital:p.1,True
-2656,5728,61.0,0.0,2.0,True,minecraft:forest,water,minecraft:overworld:step.16:city.city_jingchao_capital:p.1,True
-2640,5728,61.0,1.0,2.0,True,minecraft:forest,water,minecraft:overworld:step.16:city.city_jingchao_capital:p.1,True
-2624,5728,61.0,1.0,2.0,True,minecraft:forest,water,minecraft:overworld:step.16:city.city_jingchao_capital:p.1,True
-2608,5728,61.0,1.0,2.0,True,minecraft:forest,water,minecraft:overworld:step.16:city.city_jingchao_capital:p.1,True
-2592,5728,61.0,0.0,2.0,True,minecraft:forest,water,minecraft:overworld:step.16:city.city_jingchao_capital:p.1,True
-2576,5728,61.0,0.0,1.0,True,minecraft:forest,water,minecraft:overworld:step.16:city.city_jingchao_capital:p.1,True
-2560,5728,61.0,0.0,1.0,True,minecraft:forest,water,minecraft:overworld:step.16:city.city_jingchao_capital:p.1,True
-2544,5728,61.0,0.0,1.0,True,minecraft:forest,water,minecraft:overworld:step.16:city.city_jingchao_capital:p.1,True
-2528,5728,61.0,0.0,1.0,True,minecraft:forest,water,minecraft:overworld:step.16:city.city_jingchao_capital:p.1,True
-2512,5728,61.0,1.0,1.0,True,minecraft:ocean,water,minecraft:overworld:step.16:city.city_jingchao_capital:p.1,True
-2496,5728,61.0,1.0,1.0,True,minecraft:ocean,water,minecraft:overworld:step.16:city.city_jingchao_capital:p.1,True
-2480,5728,62.0,1.0,1.0,False,minecraft:beach,shore,minecraft:overworld:step.16:city.city_jingchao_capital:p.121,True
-2464,5728,62.0,0.0,1.0,False,minecraft:beach,shore,minecraft:overworld:step.16:city.city_jingchao_capital:p.121,True
-2448,5728,62.0,0.0,2.0,False,minecraft:beach,shore,minecraft:overworld:step.16:city.city_jingchao_capital:p.121,True
-2432,5728,62.0,0.0,1.0,False,minecraft:beach,plain,minecraft:overworld:step.16:city.city_jingchao_capital:p.124,True
-3440,5744,54.0,0.0,1.0,True,minecraft:ocean,water,minecraft:overworld:step.16:city.city_jingchao_capital:p.1,True
-3424,5744,54.0,1.0,2.0,True,minecraft:ocean,water,minecraft:overworld:step.16:city.city_jingchao_capital:p.1,True
-3408,5744,55.0,1.0,2.0,True,minecraft:dark_forest,water,minecraft:overworld:step.16:city.city_jingchao_capital:p.1,True
-3392,5744,55.0,1.0,3.0,True,minecraft:dark_forest,water,minecraft:overworld:step.16:city.city_jingchao_capital:p.1,True
-3376,5744,56.0,1.0,3.0,True,minecraft:dark_forest,water,minecraft:overworld:step.16:city.city_jingchao_capital:p.1,True
-3360,5744,56.0,1.0,3.0,True,minecraft:dark_forest,water,minecraft:overworld:step.16:city.city_jingchao_capital:p.1,True
-3344,5744,57.0,1.0,2.0,True,minecraft:dark_forest,water,minecraft:overworld:step.16:city.city_jingchao_capital:p.1,True
-3328,5744,57.0,1.0,2.0,True,minecraft:dark_forest,water,minecraft:overworld:step.16:city.city_jingchao_capital:p.1,True
-3312,5744,58.0,1.0,2.0,True,minecraft:forest,water,minecraft:overworld:step.16:city.city_jingchao_capital:p.1,True
-3296,5744,58.0,1.0,2.0,True,minecraft:forest,water,minecraft:overworld:step.16:city.city_jingchao_capital:p.1,True
-3280,5744,58.0,1.0,1.0,True,minecraft:forest,water,minecraft:overworld:step.16:city.city_jingchao_capital:p.1,True
-3264,5744,58.0,1.0,2.0,True,minecraft:forest,water,minecraft:overworld:step.16:city.city_jingchao_capital:p.1,True
-3248,5744,57.0,1.0,2.0,True,minecraft:forest,water,minecraft:overworld:step.16:city.city_jingchao_capital:p.1,True
-3232,5744,57.0,1.0,2.0,True,minecraft:forest,water,minecraft:overworld:step.16:city.city_jingchao_capital:p.1,True
-3216,5744,57.0,1.0,3.0,True,minecraft:forest,water,minecraft:overworld:step.16:city.city_jingchao_capital:p.1,True
-3200,5744,57.0,2.0,3.0,True,minecraft:forest,water,minecraft:overworld:step.16:city.city_jingchao_capital:p.1,True
-3184,5744,59.0,2.0,3.0,True,minecraft:forest,water,minecraft:overworld:step.16:city.city_jingchao_capital:p.1,True
-3168,5744,59.0,1.0,2.0,True,minecraft:forest,water,minecraft:overworld:step.16:city.city_jingchao_capital:p.1,True
-3152,5744,59.0,0.0,2.0,True,minecraft:forest,water,minecraft:overworld:step.16:city.city_jingchao_capital:p.1,True
-3136,5744,59.0,1.0,2.0,True,minecraft:forest,water,minecraft:overworld:step.16:city.city_jingchao_capital:p.1,True
-3120,5744,60.0,1.0,1.0,True,minecraft:forest,water,minecraft:overworld:step.16:city.city_jingchao_capital:p.1,True
-3104,5744,60.0,1.0,1.0,True,minecraft:forest,water,minecraft:overworld:step.16:city.city_jingchao_capital:p.1,True
-3088,5744,60.0,0.0,1.0,True,minecraft:forest,water,minecraft:overworld:step.16:city.city_jingchao_capital:p.1,True
-3072,5744,60.0,0.0,1.0,True,minecraft:forest,water,minecraft:overworld:step.16:city.city_jingchao_capital:p.1,True
-3056,5744,60.0,1.0,1.0,True,minecraft:forest,water,minecraft:overworld:step.16:city.city_jingchao_capital:p.1,True
-3040,5744,59.0,1.0,1.0,True,minecraft:forest,water,minecraft:overworld:step.16:city.city_jingchao_capital:p.1,True
-3024,5744,59.0,1.0,1.0,True,minecraft:forest,water,minecraft:overworld:step.16:city.city_jingchao_capital:p.1,True
-3008,5744,60.0,1.0,1.0,True,minecraft:forest,water,minecraft:overworld:step.16:city.city_jingchao_capital:p.1,True
-2992,5744,60.0,0.0,1.0,True,minecraft:forest,water,minecraft:overworld:step.16:city.city_jingchao_capital:p.1,True
-2976,5744,60.0,0.0,1.0,True,minecraft:forest,water,minecraft:overworld:step.16:city.city_jingchao_capital:p.1,True
-2960,5744,60.0,1.0,1.0,True,minecraft:forest,water,minecraft:overworld:step.16:city.city_jingchao_capital:p.1,True
-2944,5744,61.0,1.0,1.0,True,minecraft:forest,water,minecraft:overworld:step.16:city.city_jingchao_capital:p.1,True
-2928,5744,61.0,1.0,1.0,True,minecraft:forest,water,minecraft:overworld:step.16:city.city_jingchao_capital:p.1,True
-2912,5744,60.0,1.0,1.0,True,minecraft:forest,water,minecraft:overworld:step.16:city.city_jingchao_capital:p.1,True
-2896,5744,60.0,1.0,1.0,True,minecraft:forest,water,minecraft:overworld:step.16:city.city_jingchao_capital:p.1,True
-2880,5744,60.0,1.0,1.0,True,minecraft:forest,water,minecraft:overworld:step.16:city.city_jingchao_capital:p.1,True
-2864,5744,60.0,0.0,3.0,True,minecraft:forest,water,minecraft:overworld:step.16:city.city_jingchao_capital:p.1,True
-2848,5744,60.0,1.0,3.0,True,minecraft:forest,water,minecraft:overworld:step.16:city.city_jingchao_capital:p.1,True
-2832,5744,60.0,1.0,3.0,True,minecraft:forest,water,minecraft:overworld:step.16:city.city_jingchao_capital:p.1,True
-2816,5744,60.0,1.0,3.0,True,minecraft:forest,water,minecraft:overworld:step.16:city.city_jingchao_capital:p.1,True
-2800,5744,60.0,1.0,3.0,True,minecraft:forest,water,minecraft:overworld:step.16:city.city_jingchao_capital:p.1,True
-2784,5744,60.0,1.0,2.0,True,minecraft:forest,water,minecraft:overworld:step.16:city.city_jingchao_capital:p.1,True
-2768,5744,60.0,1.0,2.0,True,minecraft:forest,water,minecraft:overworld:step.16:city.city_jingchao_capital:p.1,True
-2752,5744,60.0,1.0,2.0,True,minecraft:forest,water,minecraft:overworld:step.16:city.city_jingchao_capital:p.1,True
-2736,5744,60.0,1.0,2.0,True,minecraft:forest,water,minecraft:overworld:step.16:city.city_jingchao_capital:p.1,True
-2720,5744,61.0,1.0,2.0,True,minecraft:forest,water,minecraft:overworld:step.16:city.city_jingchao_capital:p.1,True
-2704,5744,61.0,1.0,2.0,True,minecraft:forest,water,minecraft:overworld:step.16:city.city_jingchao_capital:p.1,True
-2688,5744,61.0,1.0,1.0,True,minecraft:forest,water,minecraft:overworld:step.16:city.city_jingchao_capital:p.1,True
-2672,5744,61.0,1.0,1.0,True,minecraft:forest,water,minecraft:overworld:step.16:city.city_jingchao_capital:p.1,True
-2656,5744,61.0,1.0,2.0,True,minecraft:forest,water,minecraft:overworld:step.16:city.city_jingchao_capital:p.1,True
-2640,5744,61.0,1.0,2.0,True,minecraft:forest,water,minecraft:overworld:step.16:city.city_jingchao_capital:p.1,True
-2624,5744,61.0,1.0,2.0,True,minecraft:forest,water,minecraft:overworld:step.16:city.city_jingchao_capital:p.1,True
-2608,5744,61.0,1.0,2.0,True,minecraft:forest,water,minecraft:overworld:step.16:city.city_jingchao_capital:p.1,True
-2592,5744,61.0,0.0,2.0,True,minecraft:forest,water,minecraft:overworld:step.16:city.city_jingchao_capital:p.1,True
-2576,5744,61.0,0.0,1.0,True,minecraft:forest,water,minecraft:overworld:step.16:city.city_jingchao_capital:p.1,True
-2560,5744,61.0,0.0,0.0,True,minecraft:forest,water,minecraft:overworld:step.16:city.city_jingchao_capital:p.1,True
-2544,5744,61.0,0.0,0.0,True,minecraft:forest,water,minecraft:overworld:step.16:city.city_jingchao_capital:p.1,True
-2528,5744,61.0,0.0,1.0,True,minecraft:forest,water,minecraft:overworld:step.16:city.city_jingchao_capital:p.1,True
-2512,5744,61.0,0.0,1.0,True,minecraft:forest,water,minecraft:overworld:step.16:city.city_jingchao_capital:p.1,True
-2496,5744,61.0,1.0,1.0,True,minecraft:ocean,water,minecraft:overworld:step.16:city.city_jingchao_capital:p.1,True
-2480,5744,62.0,1.0,1.0,False,minecraft:beach,shore,minecraft:overworld:step.16:city.city_jingchao_capital:p.121,True
-2464,5744,62.0,1.0,1.0,False,minecraft:beach,shore,minecraft:overworld:step.16:city.city_jingchao_capital:p.121,True
-2448,5744,62.0,0.0,2.0,False,minecraft:beach,shore,minecraft:overworld:step.16:city.city_jingchao_capital:p.121,True
-2432,5744,62.0,0.0,2.0,False,minecraft:beach,plain,minecraft:overworld:step.16:city.city_jingchao_capital:p.124,True
-3440,5760,54.0,0.0,1.0,True,minecraft:ocean,water,minecraft:overworld:step.16:city.city_jingchao_capital:p.1,True
-3424,5760,54.0,1.0,1.0,True,minecraft:ocean,water,minecraft:overworld:step.16:city.city_jingchao_capital:p.1,True
-3408,5760,55.0,1.0,2.0,True,minecraft:dark_forest,water,minecraft:overworld:step.16:city.city_jingchao_capital:p.1,True
-3392,5760,55.0,1.0,3.0,True,minecraft:dark_forest,water,minecraft:overworld:step.16:city.city_jingchao_capital:p.1,True
-3376,5760,56.0,1.0,3.0,True,minecraft:dark_forest,water,minecraft:overworld:step.16:city.city_jingchao_capital:p.1,True
-3360,5760,56.0,1.0,2.0,True,minecraft:dark_forest,water,minecraft:overworld:step.16:city.city_jingchao_capital:p.1,True
-3344,5760,56.0,1.0,3.0,True,minecraft:dark_forest,water,minecraft:overworld:step.16:city.city_jingchao_capital:p.1,True
-3328,5760,57.0,1.0,2.0,True,minecraft:dark_forest,water,minecraft:overworld:step.16:city.city_jingchao_capital:p.1,True
-3312,5760,57.0,1.0,2.0,True,minecraft:forest,water,minecraft:overworld:step.16:city.city_jingchao_capital:p.1,True
-3296,5760,57.0,1.0,2.0,True,minecraft:forest,water,minecraft:overworld:step.16:city.city_jingchao_capital:p.1,True
-3280,5760,57.0,1.0,2.0,True,minecraft:forest,water,minecraft:overworld:step.16:city.city_jingchao_capital:p.1,True
-3264,5760,57.0,1.0,2.0,True,minecraft:forest,water,minecraft:overworld:step.16:city.city_jingchao_capital:p.1,True
-3248,5760,57.0,1.0,2.0,True,minecraft:forest,water,minecraft:overworld:step.16:city.city_jingchao_capital:p.1,True
-3232,5760,56.0,1.0,2.0,True,minecraft:forest,water,minecraft:overworld:step.16:city.city_jingchao_capital:p.1,True
-3216,5760,56.0,1.0,3.0,True,minecraft:forest,water,minecraft:overworld:step.16:city.city_jingchao_capital:p.1,True
-3200,5760,57.0,2.0,3.0,True,minecraft:forest,water,minecraft:overworld:step.16:city.city_jingchao_capital:p.1,True
-3184,5760,58.0,1.0,3.0,True,minecraft:forest,water,minecraft:overworld:step.16:city.city_jingchao_capital:p.1,True
-3168,5760,59.0,1.0,3.0,True,minecraft:forest,water,minecraft:overworld:step.16:city.city_jingchao_capital:p.1,True
-3152,5760,59.0,1.0,4.0,True,minecraft:forest,water,minecraft:overworld:step.16:city.city_jingchao_capital:p.1,True
-3136,5760,59.0,1.0,2.0,True,minecraft:forest,water,minecraft:overworld:step.16:city.city_jingchao_capital:p.1,True
-3120,5760,59.0,1.0,2.0,True,minecraft:forest,water,minecraft:overworld:step.16:city.city_jingchao_capital:p.1,True
-3104,5760,60.0,1.0,1.0,True,minecraft:forest,water,minecraft:overworld:step.16:city.city_jingchao_capital:p.1,True
-3088,5760,60.0,1.0,1.0,True,minecraft:forest,water,minecraft:overworld:step.16:city.city_jingchao_capital:p.1,True
-3072,5760,60.0,0.0,1.0,True,minecraft:forest,water,minecraft:overworld:step.16:city.city_jingchao_capital:p.1,True
-3056,5760,60.0,1.0,1.0,True,minecraft:forest,water,minecraft:overworld:step.16:city.city_jingchao_capital:p.1,True
-3040,5760,60.0,1.0,1.0,True,minecraft:forest,water,minecraft:overworld:step.16:city.city_jingchao_capital:p.1,True
-3024,5760,60.0,1.0,1.0,True,minecraft:forest,water,minecraft:overworld:step.16:city.city_jingchao_capital:p.1,True
-3008,5760,60.0,1.0,1.0,True,minecraft:forest,water,minecraft:overworld:step.16:city.city_jingchao_capital:p.1,True
-2992,5760,60.0,0.0,1.0,True,minecraft:forest,water,minecraft:overworld:step.16:city.city_jingchao_capital:p.1,True
-2976,5760,60.0,0.0,1.0,True,minecraft:forest,water,minecraft:overworld:step.16:city.city_jingchao_capital:p.1,True
-2960,5760,60.0,1.0,1.0,True,minecraft:forest,water,minecraft:overworld:step.16:city.city_jingchao_capital:p.1,True
-2944,5760,60.0,1.0,1.0,True,minecraft:forest,water,minecraft:overworld:step.16:city.city_jingchao_capital:p.1,True
-2928,5760,60.0,1.0,2.0,True,minecraft:forest,water,minecraft:overworld:step.16:city.city_jingchao_capital:p.1,True
-2912,5760,60.0,1.0,3.0,True,minecraft:forest,water,minecraft:overworld:step.16:city.city_jingchao_capital:p.1,True
-2896,5760,60.0,0.0,3.0,True,minecraft:forest,water,minecraft:overworld:step.16:city.city_jingchao_capital:p.1,True
-2880,5760,60.0,0.0,4.0,True,minecraft:forest,water,minecraft:overworld:step.16:city.city_jingchao_capital:p.1,True
-2864,5760,60.0,0.0,7.0,True,minecraft:forest,water,minecraft:overworld:step.16:city.city_jingchao_capital:p.1,True
-2848,5760,60.0,2.0,7.0,True,minecraft:forest,water,minecraft:overworld:step.16:city.city_jingchao_capital:p.1,True
-2832,5760,60.0,2.0,7.0,True,minecraft:forest,water,minecraft:overworld:step.16:city.city_jingchao_capital:p.1,True
-2816,5760,59.0,1.0,7.0,True,minecraft:forest,water,minecraft:overworld:step.16:city.city_jingchao_capital:p.1,True
-2800,5760,59.0,1.0,7.0,True,minecraft:forest,water,minecraft:overworld:step.16:city.city_jingchao_capital:p.1,True
-2784,5760,59.0,1.0,7.0,True,minecraft:forest,water,minecraft:overworld:step.16:city.city_jingchao_capital:p.1,True
-2768,5760,59.0,1.0,2.0,True,minecraft:forest,water,minecraft:overworld:step.16:city.city_jingchao_capital:p.1,True
-2752,5760,60.0,1.0,2.0,True,minecraft:forest,water,minecraft:overworld:step.16:city.city_jingchao_capital:p.1,True
-2736,5760,60.0,1.0,2.0,True,minecraft:forest,water,minecraft:overworld:step.16:city.city_jingchao_capital:p.1,True
-2720,5760,60.0,1.0,2.0,True,minecraft:forest,water,minecraft:overworld:step.16:city.city_jingchao_capital:p.1,True
-2704,5760,60.0,1.0,2.0,True,minecraft:forest,water,minecraft:overworld:step.16:city.city_jingchao_capital:p.1,True
-2688,5760,60.0,1.0,2.0,True,minecraft:forest,water,minecraft:overworld:step.16:city.city_jingchao_capital:p.1,True
-2672,5760,60.0,1.0,1.0,True,minecraft:forest,water,minecraft:overworld:step.16:city.city_jingchao_capital:p.1,True
-2656,5760,60.0,1.0,1.0,True,minecraft:forest,water,minecraft:overworld:step.16:city.city_jingchao_capital:p.1,True
-2640,5760,60.0,1.0,1.0,True,minecraft:forest,water,minecraft:overworld:step.16:city.city_jingchao_capital:p.1,True
-2624,5760,60.0,1.0,1.0,True,minecraft:forest,water,minecraft:overworld:step.16:city.city_jingchao_capital:p.1,True
-2608,5760,61.0,1.0,1.0,True,minecraft:forest,water,minecraft:overworld:step.16:city.city_jingchao_capital:p.1,True
-2592,5760,61.0,1.0,1.0,True,minecraft:forest,water,minecraft:overworld:step.16:city.city_jingchao_capital:p.1,True
-2576,5760,61.0,0.0,1.0,True,minecraft:forest,water,minecraft:overworld:step.16:city.city_jingchao_capital:p.1,True
-2560,5760,61.0,0.0,1.0,True,minecraft:forest,water,minecraft:overworld:step.16:city.city_jingchao_capital:p.1,True
-2544,5760,61.0,0.0,1.0,True,minecraft:forest,water,minecraft:overworld:step.16:city.city_jingchao_capital:p.1,True
-2528,5760,61.0,0.0,1.0,True,minecraft:forest,water,minecraft:overworld:step.16:city.city_jingchao_capital:p.1,True
-2512,5760,61.0,0.0,2.0,True,minecraft:forest,water,minecraft:overworld:step.16:city.city_jingchao_capital:p.1,True
-2496,5760,61.0,1.0,1.0,True,minecraft:ocean,water,minecraft:overworld:step.16:city.city_jingchao_capital:p.1,True
-2480,5760,61.0,1.0,1.0,True,minecraft:ocean,water,minecraft:overworld:step.16:city.city_jingchao_capital:p.1,True
-2464,5760,62.0,1.0,1.0,False,minecraft:beach,shore,minecraft:overworld:step.16:city.city_jingchao_capital:p.121,True
-2448,5760,62.0,1.0,2.0,False,minecraft:beach,shore,minecraft:overworld:step.16:city.city_jingchao_capital:p.121,True
-2432,5760,62.0,1.0,2.0,False,minecraft:beach,shore,minecraft:overworld:step.16:city.city_jingchao_capital:p.121,True
-3440,5776,54.0,0.0,1.0,True,minecraft:ocean,water,minecraft:overworld:step.16:city.city_jingchao_capital:p.1,True
-3424,5776,54.0,1.0,1.0,True,minecraft:ocean,water,minecraft:overworld:step.16:city.city_jingchao_capital:p.1,True
-3408,5776,54.0,1.0,2.0,True,minecraft:ocean,water,minecraft:overworld:step.16:city.city_jingchao_capital:p.1,True
-3392,5776,55.0,1.0,2.0,True,minecraft:dark_forest,water,minecraft:overworld:step.16:city.city_jingchao_capital:p.1,True
-3376,5776,56.0,1.0,3.0,True,minecraft:dark_forest,water,minecraft:overworld:step.16:city.city_jingchao_capital:p.1,True
-3360,5776,56.0,1.0,2.0,True,minecraft:dark_forest,water,minecraft:overworld:step.16:city.city_jingchao_capital:p.1,True
-3344,5776,56.0,1.0,3.0,True,minecraft:dark_forest,water,minecraft:overworld:step.16:city.city_jingchao_capital:p.1,True
-3328,5776,56.0,1.0,3.0,True,minecraft:dark_forest,water,minecraft:overworld:step.16:city.city_jingchao_capital:p.1,True
-3312,5776,57.0,1.0,2.0,True,minecraft:forest,water,minecraft:overworld:step.16:city.city_jingchao_capital:p.1,True
-3296,5776,57.0,1.0,2.0,True,minecraft:forest,water,minecraft:overworld:step.16:city.city_jingchao_capital:p.1,True
-3280,5776,57.0,1.0,2.0,True,minecraft:forest,water,minecraft:overworld:step.16:city.city_jingchao_capital:p.1,True
-3264,5776,57.0,1.0,2.0,True,minecraft:forest,water,minecraft:overworld:step.16:city.city_jingchao_capital:p.1,True
-3248,5776,57.0,1.0,2.0,True,minecraft:forest,water,minecraft:overworld:step.16:city.city_jingchao_capital:p.1,True
-3232,5776,56.0,1.0,2.0,True,minecraft:forest,water,minecraft:overworld:step.16:city.city_jingchao_capital:p.1,True
-3216,5776,56.0,1.0,3.0,True,minecraft:forest,water,minecraft:overworld:step.16:city.city_jingchao_capital:p.1,True
-3200,5776,57.0,1.0,3.0,True,minecraft:forest,water,minecraft:overworld:step.16:city.city_jingchao_capital:p.1,True
-3184,5776,58.0,2.0,3.0,True,minecraft:forest,water,minecraft:overworld:step.16:city.city_jingchao_capital:p.1,True
-3168,5776,58.0,2.0,3.0,True,minecraft:forest,water,minecraft:overworld:step.16:city.city_jingchao_capital:p.1,True
-3152,5776,59.0,1.0,4.0,True,minecraft:forest,water,minecraft:overworld:step.16:city.city_jingchao_capital:p.1,True
-3136,5776,59.0,1.0,2.0,True,minecraft:forest,water,minecraft:overworld:step.16:city.city_jingchao_capital:p.1,True
-3120,5776,59.0,1.0,2.0,True,minecraft:forest,water,minecraft:overworld:step.16:city.city_jingchao_capital:p.1,True
-3104,5776,59.0,1.0,2.0,True,minecraft:forest,water,minecraft:overworld:step.16:city.city_jingchao_capital:p.1,True
-3088,5776,60.0,1.0,2.0,True,minecraft:forest,water,minecraft:overworld:step.16:city.city_jingchao_capital:p.1,True
-3072,5776,60.0,1.0,2.0,True,minecraft:forest,water,minecraft:overworld:step.16:city.city_jingchao_capital:p.1,True
-3056,5776,60.0,1.0,1.0,True,minecraft:forest,water,minecraft:overworld:step.16:city.city_jingchao_capital:p.1,True
-3040,5776,60.0,1.0,1.0,True,minecraft:forest,water,minecraft:overworld:step.16:city.city_jingchao_capital:p.1,True
-3024,5776,60.0,1.0,1.0,True,minecraft:forest,water,minecraft:overworld:step.16:city.city_jingchao_capital:p.1,True
-3008,5776,60.0,0.0,1.0,True,minecraft:forest,water,minecraft:overworld:step.16:city.city_jingchao_capital:p.1,True
-2992,5776,60.0,0.0,1.0,True,minecraft:forest,water,minecraft:overworld:step.16:city.city_jingchao_capital:p.1,True
-2976,5776,60.0,0.0,2.0,True,minecraft:forest,water,minecraft:overworld:step.16:city.city_jingchao_capital:p.1,True
-2960,5776,60.0,0.0,3.0,True,minecraft:forest,water,minecraft:overworld:step.16:city.city_jingchao_capital:p.1,True
-2944,5776,60.0,0.0,5.0,True,minecraft:forest,water,minecraft:overworld:step.16:city.city_jingchao_capital:p.1,True
-2928,5776,60.0,0.0,7.0,True,minecraft:forest,water,minecraft:overworld:step.16:city.city_jingchao_capital:p.1,True
-2912,5776,60.0,1.0,7.0,True,minecraft:forest,water,minecraft:overworld:step.16:city.city_jingchao_capital:p.1,True
-2896,5776,60.0,2.0,7.0,True,minecraft:forest,water,minecraft:overworld:step.16:city.city_jingchao_capital:p.1,True
-2880,5776,60.0,2.0,6.0,True,minecraft:forest,water,minecraft:overworld:step.16:city.city_jingchao_capital:p.1,True
-2864,5776,60.0,3.0,7.0,True,minecraft:forest,water,minecraft:overworld:step.16:city.city_jingchao_capital:p.1,True
-2848,5776,60.0,6.0,7.0,True,minecraft:forest,water,minecraft:overworld:step.16:city.city_jingchao_capital:p.1,True
-2832,5776,58.0,4.0,7.0,True,minecraft:forest,water,minecraft:overworld:step.16:city.city_jingchao_capital:p.1,True
-2816,5776,59.0,5.0,7.0,True,minecraft:forest,water,minecraft:overworld:step.16:city.city_jingchao_capital:p.1,True
-2800,5776,59.0,5.0,7.0,True,minecraft:forest,water,minecraft:overworld:step.16:city.city_jingchao_capital:p.1,True
-2784,5776,59.0,0.0,6.0,True,minecraft:forest,water,minecraft:overworld:step.16:city.city_jingchao_capital:p.1,True
-2768,5776,59.0,1.0,3.0,True,minecraft:forest,water,minecraft:overworld:step.16:city.city_jingchao_capital:p.1,True
-2752,5776,59.0,1.0,2.0,True,minecraft:forest,water,minecraft:overworld:step.16:city.city_jingchao_capital:p.1,True
-2736,5776,59.0,1.0,2.0,True,minecraft:forest,water,minecraft:overworld:step.16:city.city_jingchao_capital:p.1,True
-2720,5776,60.0,1.0,2.0,True,minecraft:forest,water,minecraft:overworld:step.16:city.city_jingchao_capital:p.1,True
-2704,5776,60.0,1.0,2.0,True,minecraft:forest,water,minecraft:overworld:step.16:city.city_jingchao_capital:p.1,True
-2688,5776,60.0,0.0,2.0,True,minecraft:forest,water,minecraft:overworld:step.16:city.city_jingchao_capital:p.1,True
-2672,5776,60.0,0.0,1.0,True,minecraft:forest,water,minecraft:overworld:step.16:city.city_jingchao_capital:p.1,True
-2656,5776,60.0,0.0,1.0,True,minecraft:forest,water,minecraft:overworld:step.16:city.city_jingchao_capital:p.1,True
-2640,5776,60.0,0.0,1.0,True,minecraft:forest,water,minecraft:overworld:step.16:city.city_jingchao_capital:p.1,True
-2624,5776,60.0,1.0,1.0,True,minecraft:forest,water,minecraft:overworld:step.16:city.city_jingchao_capital:p.1,True
-2608,5776,60.0,1.0,1.0,True,minecraft:forest,water,minecraft:overworld:step.16:city.city_jingchao_capital:p.1,True
-2592,5776,61.0,1.0,1.0,True,minecraft:forest,water,minecraft:overworld:step.16:city.city_jingchao_capital:p.1,True
-2576,5776,61.0,1.0,1.0,True,minecraft:forest,water,minecraft:overworld:step.16:city.city_jingchao_capital:p.1,True
-2560,5776,61.0,1.0,1.0,True,minecraft:forest,water,minecraft:overworld:step.16:city.city_jingchao_capital:p.1,True
-2544,5776,61.0,1.0,1.0,True,minecraft:forest,water,minecraft:overworld:step.16:city.city_jingchao_capital:p.1,True
-2528,5776,61.0,1.0,1.0,True,minecraft:forest,water,minecraft:overworld:step.16:city.city_jingchao_capital:p.1,True
-2512,5776,61.0,0.0,2.0,True,minecraft:forest,water,minecraft:overworld:step.16:city.city_jingchao_capital:p.1,True
-2496,5776,61.0,0.0,2.0,True,minecraft:ocean,water,minecraft:overworld:step.16:city.city_jingchao_capital:p.1,True
-2480,5776,61.0,1.0,1.0,True,minecraft:ocean,water,minecraft:overworld:step.16:city.city_jingchao_capital:p.1,True
-2464,5776,61.0,1.0,1.0,True,minecraft:ocean,water,minecraft:overworld:step.16:city.city_jingchao_capital:p.1,True
-2448,5776,62.0,1.0,2.0,False,minecraft:beach,shore,minecraft:overworld:step.16:city.city_jingchao_capital:p.121,True
-2432,5776,62.0,1.0,2.0,False,minecraft:beach,shore,minecraft:overworld:step.16:city.city_jingchao_capital:p.121,True
-3440,5792,54.0,0.0,1.0,True,minecraft:ocean,water,minecraft:overworld:step.16:city.city_jingchao_capital:p.1,True
-3424,5792,54.0,0.0,1.0,True,minecraft:ocean,water,minecraft:overworld:step.16:city.city_jingchao_capital:p.1,True
-3408,5792,54.0,1.0,2.0,True,minecraft:ocean,water,minecraft:overworld:step.16:city.city_jingchao_capital:p.1,True
-3392,5792,55.0,1.0,2.0,True,minecraft:dark_forest,water,minecraft:overworld:step.16:city.city_jingchao_capital:p.1,True
-3376,5792,55.0,1.0,2.0,True,minecraft:dark_forest,water,minecraft:overworld:step.16:city.city_jingchao_capital:p.1,True
-3360,5792,56.0,1.0,3.0,True,minecraft:dark_forest,water,minecraft:overworld:step.16:city.city_jingchao_capital:p.1,True
-3344,5792,56.0,1.0,2.0,True,minecraft:dark_forest,water,minecraft:overworld:step.16:city.city_jingchao_capital:p.1,True
-3328,5792,56.0,1.0,2.0,True,minecraft:forest,water,minecraft:overworld:step.16:city.city_jingchao_capital:p.1,True
-3312,5792,56.0,1.0,2.0,True,minecraft:forest,water,minecraft:overworld:step.16:city.city_jingchao_capital:p.1,True
-3296,5792,57.0,1.0,2.0,True,minecraft:forest,water,minecraft:overworld:step.16:city.city_jingchao_capital:p.1,True
-3280,5792,56.0,1.0,2.0,True,minecraft:forest,water,minecraft:overworld:step.16:city.city_jingchao_capital:p.1,True
-3264,5792,57.0,1.0,1.0,True,minecraft:forest,water,minecraft:overworld:step.16:city.city_jingchao_capital:p.1,True
-3248,5792,57.0,1.0,1.0,True,minecraft:forest,water,minecraft:overworld:step.16:city.city_jingchao_capital:p.1,True
-3232,5792,56.0,1.0,1.0,True,minecraft:forest,water,minecraft:overworld:step.16:city.city_jingchao_capital:p.1,True
-3216,5792,57.0,1.0,2.0,True,minecraft:forest,water,minecraft:overworld:step.16:city.city_jingchao_capital:p.1,True
-3200,5792,57.0,1.0,3.0,True,minecraft:forest,water,minecraft:overworld:step.16:city.city_jingchao_capital:p.1,True
-3184,5792,56.0,2.0,3.0,True,minecraft:forest,water,minecraft:overworld:step.16:city.city_jingchao_capital:p.1,True
-3168,5792,58.0,2.0,3.0,True,minecraft:forest,water,minecraft:overworld:step.16:city.city_jingchao_capital:p.1,True
-3152,5792,58.0,1.0,3.0,True,minecraft:forest,water,minecraft:overworld:step.16:city.city_jingchao_capital:p.1,True
-3136,5792,59.0,1.0,2.0,True,minecraft:forest,water,minecraft:overworld:step.16:city.city_jingchao_capital:p.1,True
-3120,5792,59.0,1.0,2.0,True,minecraft:forest,water,minecraft:overworld:step.16:city.city_jingchao_capital:p.1,True
-3104,5792,59.0,1.0,2.0,True,minecraft:forest,water,minecraft:overworld:step.16:city.city_jingchao_capital:p.1,True
-3088,5792,59.0,1.0,2.0,True,minecraft:forest,water,minecraft:overworld:step.16:city.city_jingchao_capital:p.1,True
-3072,5792,59.0,1.0,2.0,True,minecraft:forest,water,minecraft:overworld:step.16:city.city_jingchao_capital:p.1,True
-3056,5792,59.0,1.0,1.0,True,minecraft:forest,water,minecraft:overworld:step.16:city.city_jingchao_capital:p.1,True
-3040,5792,59.0,1.0,1.0,True,minecraft:forest,water,minecraft:overworld:step.16:city.city_jingchao_capital:p.1,True
-3024,5792,60.0,1.0,1.0,True,minecraft:forest,water,minecraft:overworld:step.16:city.city_jingchao_capital:p.1,True
-3008,5792,60.0,1.0,1.0,True,minecraft:forest,water,minecraft:overworld:step.16:city.city_jingchao_capital:p.1,True
-2992,5792,60.0,0.0,1.0,True,minecraft:forest,water,minecraft:overworld:step.16:city.city_jingchao_capital:p.1,True
-2976,5792,60.0,0.0,4.0,True,minecraft:forest,water,minecraft:overworld:step.16:city.city_jingchao_capital:p.1,True
-2960,5792,60.0,1.0,6.0,True,minecraft:forest,water,minecraft:overworld:step.16:city.city_jingchao_capital:p.1,True
-2944,5792,60.0,2.0,6.0,True,minecraft:forest,water,minecraft:overworld:step.16:city.city_jingchao_capital:p.1,True
-2928,5792,60.0,4.0,6.0,True,minecraft:forest,water,minecraft:overworld:step.16:city.city_jingchao_capital:p.1,True
-2912,5792,60.0,6.0,6.0,True,minecraft:forest,water,minecraft:overworld:step.16:city.city_jingchao_capital:p.1,True
-2896,5792,59.0,5.0,6.0,True,minecraft:forest,water,minecraft:overworld:step.16:city.city_jingchao_capital:p.1,True
-2880,5792,58.0,4.0,6.0,True,minecraft:forest,water,minecraft:overworld:step.16:city.city_jingchao_capital:p.1,True
-2864,5792,59.0,5.0,7.0,True,minecraft:forest,water,minecraft:overworld:step.16:city.city_jingchao_capital:p.1,True
-2848,5792,57.0,4.0,7.0,True,minecraft:forest,water,minecraft:overworld:step.16:city.city_jingchao_capital:p.1,True
-2832,5792,54.0,6.0,7.0,True,minecraft:ocean,water,minecraft:overworld:step.16:city.city_jingchao_capital:p.1,True
-2816,5792,54.0,5.0,7.0,True,minecraft:ocean,water,minecraft:overworld:step.16:city.city_jingchao_capital:p.1,True
-2800,5792,59.0,5.0,7.0,True,minecraft:forest,water,minecraft:overworld:step.16:city.city_jingchao_capital:p.1,True
-2784,5792,59.0,2.0,6.0,True,minecraft:forest,water,minecraft:overworld:step.16:city.city_jingchao_capital:p.1,True
-2768,5792,59.0,0.0,6.0,True,minecraft:forest,water,minecraft:overworld:step.16:city.city_jingchao_capital:p.1,True
-2752,5792,59.0,0.0,3.0,True,minecraft:forest,water,minecraft:overworld:step.16:city.city_jingchao_capital:p.1,True
-2736,5792,59.0,1.0,1.0,True,minecraft:forest,water,minecraft:overworld:step.16:city.city_jingchao_capital:p.1,True
-2720,5792,59.0,1.0,1.0,True,minecraft:forest,water,minecraft:overworld:step.16:city.city_jingchao_capital:p.1,True
-2704,5792,60.0,1.0,1.0,True,minecraft:forest,water,minecraft:overworld:step.16:city.city_jingchao_capital:p.1,True
-2688,5792,60.0,0.0,1.0,True,minecraft:forest,water,minecraft:overworld:step.16:city.city_jingchao_capital:p.1,True
-2672,5792,60.0,0.0,1.0,True,minecraft:forest,water,minecraft:overworld:step.16:city.city_jingchao_capital:p.1,True
-2656,5792,60.0,0.0,1.0,True,minecraft:forest,water,minecraft:overworld:step.16:city.city_jingchao_capital:p.1,True
-2640,5792,60.0,0.0,2.0,True,minecraft:forest,water,minecraft:overworld:step.16:city.city_jingchao_capital:p.1,True
-2624,5792,60.0,0.0,2.0,True,minecraft:forest,water,minecraft:overworld:step.16:city.city_jingchao_capital:p.1,True
-2608,5792,60.0,1.0,2.0,True,minecraft:forest,water,minecraft:overworld:step.16:city.city_jingchao_capital:p.1,True
-2592,5792,60.0,1.0,2.0,True,minecraft:forest,water,minecraft:overworld:step.16:city.city_jingchao_capital:p.1,True
-2576,5792,60.0,1.0,1.0,True,minecraft:forest,water,minecraft:overworld:step.16:city.city_jingchao_capital:p.1,True
-2560,5792,60.0,1.0,1.0,True,minecraft:forest,water,minecraft:overworld:step.16:city.city_jingchao_capital:p.1,True
-2544,5792,60.0,1.0,1.0,True,minecraft:forest,water,minecraft:overworld:step.16:city.city_jingchao_capital:p.1,True
-2528,5792,61.0,1.0,1.0,True,minecraft:forest,water,minecraft:overworld:step.16:city.city_jingchao_capital:p.1,True
-2512,5792,61.0,1.0,1.0,True,minecraft:forest,water,minecraft:overworld:step.16:city.city_jingchao_capital:p.1,True
-2496,5792,61.0,0.0,2.0,True,minecraft:forest,water,minecraft:overworld:step.16:city.city_jingchao_capital:p.1,True
-2480,5792,61.0,0.0,2.0,True,minecraft:ocean,water,minecraft:overworld:step.16:city.city_jingchao_capital:p.1,True
-2464,5792,61.0,1.0,1.0,True,minecraft:ocean,water,minecraft:overworld:step.16:city.city_jingchao_capital:p.1,True
-2448,5792,62.0,1.0,2.0,False,minecraft:beach,shore,minecraft:overworld:step.16:city.city_jingchao_capital:p.121,True
-2432,5792,62.0,1.0,2.0,False,minecraft:beach,shore,minecraft:overworld:step.16:city.city_jingchao_capital:p.121,True
-3440,5808,54.0,0.0,0.0,True,minecraft:ocean,water,minecraft:overworld:step.16:city.city_jingchao_capital:p.1,True
-3424,5808,54.0,0.0,1.0,True,minecraft:ocean,water,minecraft:overworld:step.16:city.city_jingchao_capital:p.1,True
-3408,5808,54.0,1.0,2.0,True,minecraft:ocean,water,minecraft:overworld:step.16:city.city_jingchao_capital:p.1,True
-3392,5808,55.0,1.0,2.0,True,minecraft:dark_forest,water,minecraft:overworld:step.16:city.city_jingchao_capital:p.1,True
-3376,5808,55.0,1.0,2.0,True,minecraft:dark_forest,water,minecraft:overworld:step.16:city.city_jingchao_capital:p.1,True
-3360,5808,55.0,1.0,2.0,True,minecraft:dark_forest,water,minecraft:overworld:step.16:city.city_jingchao_capital:p.1,True
-3344,5808,56.0,1.0,3.0,True,minecraft:dark_forest,water,minecraft:overworld:step.16:city.city_jingchao_capital:p.1,True
-3328,5808,56.0,1.0,2.0,True,minecraft:forest,water,minecraft:overworld:step.16:city.city_jingchao_capital:p.1,True
-3312,5808,56.0,1.0,2.0,True,minecraft:forest,water,minecraft:overworld:step.16:city.city_jingchao_capital:p.1,True
-3296,5808,56.0,1.0,2.0,True,minecraft:dark_forest,water,minecraft:overworld:step.16:city.city_jingchao_capital:p.1,True
-3280,5808,56.0,1.0,2.0,True,minecraft:dark_forest,water,minecraft:overworld:step.16:city.city_jingchao_capital:p.1,True
-3264,5808,57.0,1.0,2.0,True,minecraft:forest,water,minecraft:overworld:step.16:city.city_jingchao_capital:p.1,True
-3248,5808,57.0,1.0,1.0,True,minecraft:forest,water,minecraft:overworld:step.16:city.city_jingchao_capital:p.1,True
-3232,5808,56.0,1.0,1.0,True,minecraft:forest,water,minecraft:overworld:step.16:city.city_jingchao_capital:p.1,True
-3216,5808,56.0,1.0,2.0,True,minecraft:forest,water,minecraft:overworld:step.16:city.city_jingchao_capital:p.1,True
-3200,5808,56.0,1.0,2.0,True,minecraft:forest,water,minecraft:overworld:step.16:city.city_jingchao_capital:p.1,True
-3184,5808,57.0,1.0,3.0,True,minecraft:forest,water,minecraft:overworld:step.16:city.city_jingchao_capital:p.1,True
-3168,5808,58.0,2.0,3.0,True,minecraft:forest,water,minecraft:overworld:step.16:city.city_jingchao_capital:p.1,True
-3152,5808,58.0,1.0,3.0,True,minecraft:forest,water,minecraft:overworld:step.16:city.city_jingchao_capital:p.1,True
-3136,5808,59.0,1.0,1.0,True,minecraft:forest,water,minecraft:overworld:step.16:city.city_jingchao_capital:p.1,True
-3120,5808,58.0,1.0,2.0,True,minecraft:forest,water,minecraft:overworld:step.16:city.city_jingchao_capital:p.1,True
-3104,5808,58.0,1.0,2.0,True,minecraft:forest,water,minecraft:overworld:step.16:city.city_jingchao_capital:p.1,True
-3088,5808,59.0,1.0,2.0,True,minecraft:forest,water,minecraft:overworld:step.16:city.city_jingchao_capital:p.1,True
-3072,5808,59.0,0.0,2.0,True,minecraft:forest,water,minecraft:overworld:step.16:city.city_jingchao_capital:p.1,True
-3056,5808,59.0,0.0,2.0,True,minecraft:forest,water,minecraft:overworld:step.16:city.city_jingchao_capital:p.1,True
-3040,5808,59.0,1.0,2.0,True,minecraft:forest,water,minecraft:overworld:step.16:city.city_jingchao_capital:p.1,True
-3024,5808,59.0,1.0,2.0,True,minecraft:forest,water,minecraft:overworld:step.16:city.city_jingchao_capital:p.1,True
-3008,5808,60.0,1.0,3.0,True,minecraft:forest,water,minecraft:overworld:step.16:city.city_jingchao_capital:p.1,True
-2992,5808,60.0,0.0,5.0,True,minecraft:forest,water,minecraft:overworld:step.16:city.city_jingchao_capital:p.1,True
-2976,5808,60.0,1.0,7.0,True,minecraft:forest,water,minecraft:overworld:step.16:city.city_jingchao_capital:p.1,True
-2960,5808,60.0,4.0,7.0,True,minecraft:forest,water,minecraft:overworld:step.16:city.city_jingchao_capital:p.1,True
-2944,5808,59.0,5.0,7.0,True,minecraft:forest,water,minecraft:overworld:step.16:city.city_jingchao_capital:p.1,True
-2928,5808,58.0,4.0,7.0,True,minecraft:forest,water,minecraft:overworld:step.16:city.city_jingchao_capital:p.1,True
-2912,5808,56.0,4.0,7.0,True,minecraft:forest,water,minecraft:overworld:step.16:city.city_jingchao_capital:p.1,True
-2896,5808,54.0,6.0,6.0,True,minecraft:ocean,water,minecraft:overworld:step.16:city.city_jingchao_capital:p.1,True
-2880,5808,54.0,5.0,6.0,True,minecraft:ocean,water,minecraft:overworld:step.16:city.city_jingchao_capital:p.1,True
-2864,5808,54.0,5.0,7.0,True,minecraft:ocean,water,minecraft:overworld:step.16:city.city_jingchao_capital:p.1,True
-2848,5808,54.0,5.0,7.0,True,minecraft:ocean,water,minecraft:overworld:step.16:city.city_jingchao_capital:p.1,True
-2832,5808,53.0,4.0,7.0,True,minecraft:ocean,water,minecraft:overworld:step.16:city.city_jingchao_capital:p.1,True
-2816,5808,54.0,5.0,7.0,True,minecraft:ocean,water,minecraft:overworld:step.16:city.city_jingchao_capital:p.1,True
-2800,5808,57.0,3.0,6.0,True,minecraft:forest,water,minecraft:overworld:step.16:city.city_jingchao_capital:p.1,True
-2784,5808,59.0,5.0,5.0,True,minecraft:forest,water,minecraft:overworld:step.16:city.city_jingchao_capital:p.1,True
-2768,5808,59.0,2.0,5.0,True,minecraft:forest,water,minecraft:overworld:step.16:city.city_jingchao_capital:p.1,True
-2752,5808,59.0,0.0,6.0,True,minecraft:forest,water,minecraft:overworld:step.16:city.city_jingchao_capital:p.1,True
-2736,5808,59.0,0.0,3.0,True,minecraft:forest,water,minecraft:overworld:step.16:city.city_jingchao_capital:p.1,True
-2720,5808,59.0,1.0,1.0,True,minecraft:forest,water,minecraft:overworld:step.16:city.city_jingchao_capital:p.1,True
-2704,5808,60.0,1.0,1.0,True,minecraft:forest,water,minecraft:overworld:step.16:city.city_jingchao_capital:p.1,True
-2688,5808,60.0,1.0,1.0,True,minecraft:forest,water,minecraft:overworld:step.16:city.city_jingchao_capital:p.1,True
-2672,5808,60.0,0.0,1.0,True,minecraft:forest,water,minecraft:overworld:step.16:city.city_jingchao_capital:p.1,True
-2656,5808,60.0,0.0,1.0,True,minecraft:forest,water,minecraft:overworld:step.16:city.city_jingchao_capital:p.1,True
-2640,5808,60.0,1.0,1.0,True,minecraft:forest,water,minecraft:overworld:step.16:city.city_jingchao_capital:p.1,True
-2624,5808,60.0,1.0,2.0,True,minecraft:forest,water,minecraft:overworld:step.16:city.city_jingchao_capital:p.1,True
-2608,5808,60.0,1.0,2.0,True,minecraft:forest,water,minecraft:overworld:step.16:city.city_jingchao_capital:p.1,True
-2592,5808,60.0,0.0,2.0,True,minecraft:forest,water,minecraft:overworld:step.16:city.city_jingchao_capital:p.1,True
-2576,5808,60.0,0.0,2.0,True,minecraft:forest,water,minecraft:overworld:step.16:city.city_jingchao_capital:p.1,True
-2560,5808,60.0,0.0,1.0,True,minecraft:forest,water,minecraft:overworld:step.16:city.city_jingchao_capital:p.1,True
-2544,5808,60.0,1.0,1.0,True,minecraft:forest,water,minecraft:overworld:step.16:city.city_jingchao_capital:p.1,True
-2528,5808,60.0,1.0,1.0,True,minecraft:forest,water,minecraft:overworld:step.16:city.city_jingchao_capital:p.1,True
-2512,5808,61.0,1.0,1.0,True,minecraft:forest,water,minecraft:overworld:step.16:city.city_jingchao_capital:p.1,True
-2496,5808,61.0,1.0,1.0,True,minecraft:forest,water,minecraft:overworld:step.16:city.city_jingchao_capital:p.1,True
-2480,5808,61.0,0.0,2.0,True,minecraft:ocean,water,minecraft:overworld:step.16:city.city_jingchao_capital:p.1,True
-2464,5808,61.0,1.0,2.0,True,minecraft:ocean,water,minecraft:overworld:step.16:city.city_jingchao_capital:p.1,True
-2448,5808,62.0,1.0,2.0,False,minecraft:beach,shore,minecraft:overworld:step.16:city.city_jingchao_capital:p.121,True
-2432,5808,62.0,1.0,2.0,False,minecraft:beach,shore,minecraft:overworld:step.16:city.city_jingchao_capital:p.121,True
-3440,5824,54.0,0.0,0.0,True,minecraft:ocean,water,minecraft:overworld:step.16:city.city_jingchao_capital:p.1,True
-3424,5824,54.0,0.0,1.0,True,minecraft:ocean,water,minecraft:overworld:step.16:city.city_jingchao_capital:p.1,True
-3408,5824,54.0,1.0,1.0,True,minecraft:ocean,water,minecraft:overworld:step.16:city.city_jingchao_capital:p.1,True
-3392,5824,54.0,1.0,2.0,True,minecraft:ocean,water,minecraft:overworld:step.16:city.city_jingchao_capital:p.1,True
-3376,5824,55.0,1.0,2.0,True,minecraft:dark_forest,water,minecraft:overworld:step.16:city.city_jingchao_capital:p.1,True
-3360,5824,55.0,1.0,2.0,True,minecraft:dark_forest,water,minecraft:overworld:step.16:city.city_jingchao_capital:p.1,True
-3344,5824,55.0,1.0,2.0,True,minecraft:dark_forest,water,minecraft:overworld:step.16:city.city_jingchao_capital:p.1,True
-3328,5824,55.0,1.0,2.0,True,minecraft:dark_forest,water,minecraft:overworld:step.16:city.city_jingchao_capital:p.1,True
-3312,5824,55.0,1.0,2.0,True,minecraft:dark_forest,water,minecraft:overworld:step.16:city.city_jingchao_capital:p.1,True
-3296,5824,56.0,1.0,2.0,True,minecraft:dark_forest,water,minecraft:overworld:step.16:city.city_jingchao_capital:p.1,True
-3280,5824,56.0,1.0,2.0,True,minecraft:dark_forest,water,minecraft:overworld:step.16:city.city_jingchao_capital:p.1,True
-3264,5824,57.0,1.0,2.0,True,minecraft:dark_forest,water,minecraft:overworld:step.16:city.city_jingchao_capital:p.1,True
-3248,5824,56.0,1.0,2.0,True,minecraft:forest,water,minecraft:overworld:step.16:city.city_jingchao_capital:p.1,True
-3232,5824,56.0,1.0,2.0,True,minecraft:forest,water,minecraft:overworld:step.16:city.city_jingchao_capital:p.1,True
-3216,5824,56.0,0.0,3.0,True,minecraft:forest,water,minecraft:overworld:step.16:city.city_jingchao_capital:p.1,True
-3200,5824,56.0,1.0,2.0,True,minecraft:forest,water,minecraft:overworld:step.16:city.city_jingchao_capital:p.1,True
-3184,5824,57.0,1.0,2.0,True,minecraft:forest,water,minecraft:overworld:step.16:city.city_jingchao_capital:p.1,True
-3168,5824,58.0,1.0,3.0,True,minecraft:forest,water,minecraft:overworld:step.16:city.city_jingchao_capital:p.1,True
-3152,5824,58.0,1.0,3.0,True,minecraft:forest,water,minecraft:overworld:step.16:city.city_jingchao_capital:p.1,True
-3136,5824,58.0,1.0,2.0,True,minecraft:forest,water,minecraft:overworld:step.16:city.city_jingchao_capital:p.1,True
-3120,5824,58.0,1.0,2.0,True,minecraft:forest,water,minecraft:overworld:step.16:city.city_jingchao_capital:p.1,True
-3104,5824,58.0,1.0,2.0,True,minecraft:forest,water,minecraft:overworld:step.16:city.city_jingchao_capital:p.1,True
-3088,5824,59.0,1.0,1.0,True,minecraft:forest,water,minecraft:overworld:step.16:city.city_jingchao_capital:p.1,True
-3072,5824,59.0,1.0,1.0,True,minecraft:forest,water,minecraft:overworld:step.16:city.city_jingchao_capital:p.1,True
-3056,5824,59.0,1.0,2.0,True,minecraft:forest,water,minecraft:overworld:step.16:city.city_jingchao_capital:p.1,True
-3040,5824,59.0,1.0,3.0,True,minecraft:forest,water,minecraft:overworld:step.16:city.city_jingchao_capital:p.1,True
-3024,5824,59.0,1.0,6.0,True,minecraft:forest,water,minecraft:overworld:step.16:city.city_jingchao_capital:p.1,True
-3008,5824,60.0,1.0,6.0,True,minecraft:forest,water,minecraft:overworld:step.16:city.city_jingchao_capital:p.1,True
-2992,5824,60.0,3.0,6.0,True,minecraft:forest,water,minecraft:overworld:step.16:city.city_jingchao_capital:p.1,True
-2976,5824,60.0,5.0,7.0,True,minecraft:forest,water,minecraft:overworld:step.16:city.city_jingchao_capital:p.1,True
-2960,5824,59.0,6.0,7.0,True,minecraft:forest,water,minecraft:overworld:step.16:city.city_jingchao_capital:p.1,True
-2944,5824,56.0,4.0,7.0,True,minecraft:forest,water,minecraft:overworld:step.16:city.city_jingchao_capital:p.1,True
-2928,5824,54.0,5.0,7.0,True,minecraft:ocean,water,minecraft:overworld:step.16:city.city_jingchao_capital:p.1,True
-2912,5824,54.0,4.0,7.0,True,minecraft:ocean,water,minecraft:overworld:step.16:city.city_jingchao_capital:p.1,True
-2896,5824,54.0,2.0,7.0,True,minecraft:ocean,water,minecraft:overworld:step.16:city.city_jingchao_capital:p.1,True
-2880,5824,54.0,0.0,7.0,True,minecraft:ocean,water,minecraft:overworld:step.16:city.city_jingchao_capital:p.1,True
-2864,5824,54.0,0.0,6.0,True,minecraft:ocean,water,minecraft:overworld:step.16:city.city_jingchao_capital:p.1,True
-2848,5824,54.0,1.0,6.0,True,minecraft:ocean,water,minecraft:overworld:step.16:city.city_jingchao_capital:p.1,True
-2832,5824,54.0,1.0,6.0,True,minecraft:ocean,water,minecraft:overworld:step.16:city.city_jingchao_capital:p.1,True
-2816,5824,54.0,3.0,6.0,True,minecraft:ocean,water,minecraft:overworld:step.16:city.city_jingchao_capital:p.1,True
-2800,5824,54.0,5.0,6.0,True,minecraft:ocean,water,minecraft:overworld:step.16:city.city_jingchao_capital:p.1,True
-2784,5824,57.0,3.0,6.0,True,minecraft:forest,water,minecraft:overworld:step.16:city.city_jingchao_capital:p.1,True
-2768,5824,59.0,5.0,6.0,True,minecraft:forest,water,minecraft:overworld:step.16:city.city_jingchao_capital:p.1,True
-2752,5824,59.0,2.0,6.0,True,minecraft:forest,water,minecraft:overworld:step.16:city.city_jingchao_capital:p.1,True
-2736,5824,59.0,0.0,7.0,True,minecraft:forest,water,minecraft:overworld:step.16:city.city_jingchao_capital:p.1,True
-2720,5824,59.0,1.0,6.0,True,minecraft:forest,water,minecraft:overworld:step.16:city.city_jingchao_capital:p.1,True
-2704,5824,59.0,1.0,3.0,True,minecraft:forest,water,minecraft:overworld:step.16:city.city_jingchao_capital:p.1,True
-2688,5824,60.0,1.0,1.0,True,minecraft:forest,water,minecraft:overworld:step.16:city.city_jingchao_capital:p.1,True
-2672,5824,60.0,0.0,1.0,True,minecraft:forest,water,minecraft:overworld:step.16:city.city_jingchao_capital:p.1,True
-2656,5824,60.0,1.0,1.0,True,minecraft:forest,water,minecraft:overworld:step.16:city.city_jingchao_capital:p.1,True
-2640,5824,60.0,1.0,1.0,True,minecraft:forest,water,minecraft:overworld:step.16:city.city_jingchao_capital:p.1,True
-2624,5824,59.0,1.0,1.0,True,minecraft:forest,water,minecraft:overworld:step.16:city.city_jingchao_capital:p.1,True
-2608,5824,60.0,1.0,1.0,True,minecraft:forest,water,minecraft:overworld:step.16:city.city_jingchao_capital:p.1,True
-2592,5824,60.0,1.0,1.0,True,minecraft:forest,water,minecraft:overworld:step.16:city.city_jingchao_capital:p.1,True
-2576,5824,60.0,0.0,1.0,True,minecraft:forest,water,minecraft:overworld:step.16:city.city_jingchao_capital:p.1,True
-2560,5824,60.0,0.0,2.0,True,minecraft:forest,water,minecraft:overworld:step.16:city.city_jingchao_capital:p.1,True
-2544,5824,60.0,0.0,1.0,True,minecraft:forest,water,minecraft:overworld:step.16:city.city_jingchao_capital:p.1,True
-2528,5824,60.0,1.0,1.0,True,minecraft:forest,water,minecraft:overworld:step.16:city.city_jingchao_capital:p.1,True
-2512,5824,60.0,1.0,1.0,True,minecraft:forest,water,minecraft:overworld:step.16:city.city_jingchao_capital:p.1,True
-2496,5824,61.0,1.0,1.0,True,minecraft:forest,water,minecraft:overworld:step.16:city.city_jingchao_capital:p.1,True
-2480,5824,61.0,1.0,2.0,True,minecraft:forest,water,minecraft:overworld:step.16:city.city_jingchao_capital:p.1,True
-2464,5824,61.0,1.0,2.0,True,minecraft:ocean,water,minecraft:overworld:step.16:city.city_jingchao_capital:p.1,True
-2448,5824,62.0,1.0,3.0,False,minecraft:beach,shore,minecraft:overworld:step.16:city.city_jingchao_capital:p.121,True
-2432,5824,62.0,1.0,2.0,False,minecraft:beach,shore,minecraft:overworld:step.16:city.city_jingchao_capital:p.121,True
-3440,5840,54.0,0.0,0.0,True,minecraft:ocean,water,minecraft:overworld:step.16:city.city_jingchao_capital:p.1,True
-3424,5840,54.0,0.0,1.0,True,minecraft:ocean,water,minecraft:overworld:step.16:city.city_jingchao_capital:p.1,True
-3408,5840,54.0,0.0,1.0,True,minecraft:ocean,water,minecraft:overworld:step.16:city.city_jingchao_capital:p.1,True
-3392,5840,54.0,1.0,1.0,True,minecraft:ocean,water,minecraft:overworld:step.16:city.city_jingchao_capital:p.1,True
-3376,5840,54.0,1.0,2.0,True,minecraft:ocean,water,minecraft:overworld:step.16:city.city_jingchao_capital:p.1,True
-3360,5840,55.0,1.0,2.0,True,minecraft:dark_forest,water,minecraft:overworld:step.16:city.city_jingchao_capital:p.1,True
-3344,5840,55.0,0.0,2.0,True,minecraft:dark_forest,water,minecraft:overworld:step.16:city.city_jingchao_capital:p.1,True
-3328,5840,55.0,0.0,2.0,True,minecraft:dark_forest,water,minecraft:overworld:step.16:city.city_jingchao_capital:p.1,True
-3312,5840,55.0,1.0,2.0,True,minecraft:dark_forest,water,minecraft:overworld:step.16:city.city_jingchao_capital:p.1,True
-3296,5840,55.0,1.0,3.0,True,minecraft:dark_forest,water,minecraft:overworld:step.16:city.city_jingchao_capital:p.1,True
-3280,5840,56.0,1.0,2.0,True,minecraft:dark_forest,water,minecraft:overworld:step.16:city.city_jingchao_capital:p.1,True
-3264,5840,56.0,1.0,2.0,True,minecraft:dark_forest,water,minecraft:overworld:step.16:city.city_jingchao_capital:p.1,True
-3248,5840,56.0,1.0,2.0,True,minecraft:dark_forest,water,minecraft:overworld:step.16:city.city_jingchao_capital:p.1,True
-3232,5840,56.0,1.0,2.0,True,minecraft:forest,water,minecraft:overworld:step.16:city.city_jingchao_capital:p.1,True
-3216,5840,56.0,0.0,3.0,True,minecraft:forest,water,minecraft:overworld:step.16:city.city_jingchao_capital:p.1,True
-3200,5840,56.0,2.0,3.0,True,minecraft:forest,water,minecraft:overworld:step.16:city.city_jingchao_capital:p.1,True
-3184,5840,57.0,1.0,2.0,True,minecraft:forest,water,minecraft:overworld:step.16:city.city_jingchao_capital:p.1,True
-3168,5840,58.0,1.0,3.0,True,minecraft:forest,water,minecraft:overworld:step.16:city.city_jingchao_capital:p.1,True
-3152,5840,58.0,1.0,2.0,True,minecraft:forest,water,minecraft:overworld:step.16:city.city_jingchao_capital:p.1,True
-3136,5840,58.0,1.0,2.0,True,minecraft:forest,water,minecraft:overworld:step.16:city.city_jingchao_capital:p.1,True
-3120,5840,58.0,1.0,2.0,True,minecraft:forest,water,minecraft:overworld:step.16:city.city_jingchao_capital:p.1,True
-3104,5840,58.0,1.0,2.0,True,minecraft:forest,water,minecraft:overworld:step.16:city.city_jingchao_capital:p.1,True
-3088,5840,58.0,1.0,2.0,True,minecraft:forest,water,minecraft:overworld:step.16:city.city_jingchao_capital:p.1,True
-3072,5840,58.0,1.0,3.0,True,minecraft:forest,water,minecraft:overworld:step.16:city.city_jingchao_capital:p.1,True
-3056,5840,58.0,1.0,5.0,True,minecraft:forest,water,minecraft:overworld:step.16:city.city_jingchao_capital:p.1,True
-3040,5840,59.0,1.0,6.0,True,minecraft:forest,water,minecraft:overworld:step.16:city.city_jingchao_capital:p.1,True
-3024,5840,59.0,2.0,6.0,True,minecraft:forest,water,minecraft:overworld:step.16:city.city_jingchao_capital:p.1,True
-3008,5840,59.0,5.0,6.0,True,minecraft:forest,water,minecraft:overworld:step.16:city.city_jingchao_capital:p.1,True
-2992,5840,59.0,5.0,6.0,True,minecraft:forest,water,minecraft:overworld:step.16:city.city_jingchao_capital:p.1,True
-2976,5840,57.0,3.0,7.0,True,minecraft:forest,water,minecraft:overworld:step.16:city.city_jingchao_capital:p.1,True
-2960,5840,55.0,5.0,7.0,True,minecraft:forest,water,minecraft:overworld:step.16:city.city_jingchao_capital:p.1,True
-2944,5840,53.0,6.0,7.0,True,minecraft:ocean,water,minecraft:overworld:step.16:city.city_jingchao_capital:p.1,True
-2928,5840,54.0,2.0,7.0,True,minecraft:ocean,water,minecraft:overworld:step.16:city.city_jingchao_capital:p.1,True
-2912,5840,54.0,0.0,6.0,True,minecraft:ocean,water,minecraft:overworld:step.16:city.city_jingchao_capital:p.1,True
-2896,5840,54.0,0.0,5.0,True,minecraft:ocean,water,minecraft:overworld:step.16:city.city_jingchao_capital:p.1,True
-2880,5840,54.0,1.0,3.0,True,minecraft:ocean,water,minecraft:overworld:step.16:city.city_jingchao_capital:p.1,True
-2864,5840,54.0,1.0,1.0,True,minecraft:ocean,water,minecraft:overworld:step.16:city.city_jingchao_capital:p.1,True
-2848,5840,54.0,1.0,1.0,True,minecraft:ocean,water,minecraft:overworld:step.16:city.city_jingchao_capital:p.1,True
-2832,5840,54.0,0.0,4.0,True,minecraft:ocean,water,minecraft:overworld:step.16:city.city_jingchao_capital:p.1,True
-2816,5840,54.0,0.0,6.0,True,minecraft:ocean,water,minecraft:overworld:step.16:city.city_jingchao_capital:p.1,True
-2800,5840,54.0,3.0,6.0,True,minecraft:ocean,water,minecraft:overworld:step.16:city.city_jingchao_capital:p.1,True
-2784,5840,54.0,5.0,6.0,True,minecraft:ocean,water,minecraft:overworld:step.16:city.city_jingchao_capital:p.1,True
-2768,5840,57.0,4.0,6.0,True,minecraft:forest,water,minecraft:overworld:step.16:city.city_jingchao_capital:p.1,True
-2752,5840,59.0,6.0,6.0,True,minecraft:forest,water,minecraft:overworld:step.16:city.city_jingchao_capital:p.1,True
-2736,5840,59.0,5.0,7.0,True,minecraft:forest,water,minecraft:overworld:step.16:city.city_jingchao_capital:p.1,True
-2720,5840,59.0,2.0,7.0,True,minecraft:forest,water,minecraft:overworld:step.16:city.city_jingchao_capital:p.1,True
-2704,5840,59.0,1.0,6.0,True,minecraft:forest,water,minecraft:overworld:step.16:city.city_jingchao_capital:p.1,True
-2688,5840,60.0,1.0,2.0,True,minecraft:forest,water,minecraft:overworld:step.16:city.city_jingchao_capital:p.1,True
-2672,5840,60.0,0.0,1.0,True,minecraft:forest,water,minecraft:overworld:step.16:city.city_jingchao_capital:p.1,True
-2656,5840,60.0,1.0,1.0,True,minecraft:forest,water,minecraft:overworld:step.16:city.city_jingchao_capital:p.1,True
-2640,5840,59.0,1.0,1.0,True,minecraft:forest,water,minecraft:overworld:step.16:city.city_jingchao_capital:p.1,True
-2624,5840,59.0,1.0,1.0,True,minecraft:forest,water,minecraft:overworld:step.16:city.city_jingchao_capital:p.1,True
-2608,5840,59.0,1.0,1.0,True,minecraft:forest,water,minecraft:overworld:step.16:city.city_jingchao_capital:p.1,True
-2592,5840,60.0,1.0,1.0,True,minecraft:forest,water,minecraft:overworld:step.16:city.city_jingchao_capital:p.1,True
-2576,5840,60.0,1.0,1.0,True,minecraft:forest,water,minecraft:overworld:step.16:city.city_jingchao_capital:p.1,True
-2560,5840,60.0,0.0,1.0,True,minecraft:forest,water,minecraft:overworld:step.16:city.city_jingchao_capital:p.1,True
-2544,5840,60.0,0.0,1.0,True,minecraft:forest,water,minecraft:overworld:step.16:city.city_jingchao_capital:p.1,True
-2528,5840,60.0,0.0,1.0,True,minecraft:forest,water,minecraft:overworld:step.16:city.city_jingchao_capital:p.1,True
-2512,5840,60.0,1.0,1.0,True,minecraft:forest,water,minecraft:overworld:step.16:city.city_jingchao_capital:p.1,True
-2496,5840,60.0,1.0,1.0,True,minecraft:forest,water,minecraft:overworld:step.16:city.city_jingchao_capital:p.1,True
-2480,5840,61.0,1.0,2.0,True,minecraft:forest,water,minecraft:overworld:step.16:city.city_jingchao_capital:p.1,True
-2464,5840,61.0,1.0,3.0,True,minecraft:ocean,water,minecraft:overworld:step.16:city.city_jingchao_capital:p.1,True
-2448,5840,62.0,1.0,3.0,False,minecraft:beach,shore,minecraft:overworld:step.16:city.city_jingchao_capital:p.121,True
-2432,5840,62.0,1.0,2.0,False,minecraft:beach,shore,minecraft:overworld:step.16:city.city_jingchao_capital:p.121,True
-3440,5856,54.0,0.0,0.0,True,minecraft:ocean,water,minecraft:overworld:step.16:city.city_jingchao_capital:p.1,True
-3424,5856,54.0,0.0,0.0,True,minecraft:ocean,water,minecraft:overworld:step.16:city.city_jingchao_capital:p.1,True
-3408,5856,54.0,0.0,1.0,True,minecraft:ocean,water,minecraft:overworld:step.16:city.city_jingchao_capital:p.1,True
-3392,5856,54.0,0.0,1.0,True,minecraft:ocean,water,minecraft:overworld:step.16:city.city_jingchao_capital:p.1,True
-3376,5856,54.0,1.0,1.0,True,minecraft:ocean,water,minecraft:overworld:step.16:city.city_jingchao_capital:p.1,True
-3360,5856,55.0,1.0,1.0,True,minecraft:dark_forest,water,minecraft:overworld:step.16:city.city_jingchao_capital:p.1,True
-3344,5856,55.0,1.0,1.0,True,minecraft:dark_forest,water,minecraft:overworld:step.16:city.city_jingchao_capital:p.1,True
-3328,5856,55.0,1.0,2.0,True,minecraft:dark_forest,water,minecraft:overworld:step.16:city.city_jingchao_capital:p.1,True
-3312,5856,55.0,1.0,2.0,True,minecraft:dark_forest,water,minecraft:overworld:step.16:city.city_jingchao_capital:p.1,True
-3296,5856,56.0,1.0,3.0,True,minecraft:dark_forest,water,minecraft:overworld:step.16:city.city_jingchao_capital:p.1,True
-3280,5856,56.0,1.0,2.0,True,minecraft:dark_forest,water,minecraft:overworld:step.16:city.city_jingchao_capital:p.1,True
-3264,5856,55.0,1.0,2.0,True,minecraft:dark_forest,water,minecraft:overworld:step.16:city.city_jingchao_capital:p.1,True
-3248,5856,55.0,1.0,2.0,True,minecraft:dark_forest,water,minecraft:overworld:step.16:city.city_jingchao_capital:p.1,True
-3232,5856,56.0,1.0,2.0,True,minecraft:forest,water,minecraft:overworld:step.16:city.city_jingchao_capital:p.1,True
-3216,5856,56.0,1.0,3.0,True,minecraft:forest,water,minecraft:overworld:step.16:city.city_jingchao_capital:p.1,True
-3200,5856,56.0,2.0,3.0,True,minecraft:forest,water,minecraft:overworld:step.16:city.city_jingchao_capital:p.1,True
-3184,5856,58.0,2.0,2.0,True,minecraft:forest,water,minecraft:overworld:step.16:city.city_jingchao_capital:p.1,True
-3168,5856,58.0,1.0,2.0,True,minecraft:forest,water,minecraft:overworld:step.16:city.city_jingchao_capital:p.1,True
-3152,5856,57.0,1.0,1.0,True,minecraft:forest,water,minecraft:overworld:step.16:city.city_jingchao_capital:p.1,True
-3136,5856,57.0,1.0,1.0,True,minecraft:forest,water,minecraft:overworld:step.16:city.city_jingchao_capital:p.1,True
-3120,5856,58.0,1.0,2.0,True,minecraft:forest,water,minecraft:overworld:step.16:city.city_jingchao_capital:p.1,True
-3104,5856,58.0,1.0,2.0,True,minecraft:forest,water,minecraft:overworld:step.16:city.city_jingchao_capital:p.1,True
-3088,5856,58.0,1.0,2.0,True,minecraft:dark_forest,water,minecraft:overworld:step.16:city.city_jingchao_capital:p.1,True
-3072,5856,58.0,1.0,6.0,True,minecraft:dark_forest,water,minecraft:overworld:step.16:city.city_jingchao_capital:p.1,True
-3056,5856,58.0,2.0,6.0,True,minecraft:dark_forest,water,minecraft:overworld:step.16:city.city_jingchao_capital:p.1,True
-3040,5856,58.0,4.0,7.0,True,minecraft:dark_forest,water,minecraft:overworld:step.16:city.city_jingchao_capital:p.1,True
-3024,5856,58.0,4.0,7.0,True,minecraft:dark_forest,water,minecraft:overworld:step.16:city.city_jingchao_capital:p.1,True
-3008,5856,57.0,3.0,7.0,True,minecraft:forest,water,minecraft:overworld:step.16:city.city_jingchao_capital:p.1,True
-2992,5856,54.0,5.0,6.0,True,minecraft:ocean,water,minecraft:overworld:step.16:city.city_jingchao_capital:p.1,True
-2976,5856,54.0,5.0,7.0,True,minecraft:ocean,water,minecraft:overworld:step.16:city.city_jingchao_capital:p.1,True
-2960,5856,54.0,3.0,7.0,True,minecraft:ocean,water,minecraft:overworld:step.16:city.city_jingchao_capital:p.1,True
-2944,5856,54.0,1.0,7.0,True,minecraft:ocean,water,minecraft:overworld:step.16:city.city_jingchao_capital:p.1,True
-2928,5856,54.0,1.0,6.0,True,minecraft:ocean,water,minecraft:overworld:step.16:city.city_jingchao_capital:p.1,True
-2912,5856,54.0,0.0,3.0,True,minecraft:ocean,water,minecraft:overworld:step.16:city.city_jingchao_capital:p.1,True
-2896,5856,54.0,0.0,1.0,True,minecraft:ocean,water,minecraft:overworld:step.16:city.city_jingchao_capital:p.1,True
-2880,5856,54.0,1.0,1.0,True,minecraft:ocean,water,minecraft:overworld:step.16:city.city_jingchao_capital:p.1,True
-2864,5856,53.0,1.0,1.0,True,minecraft:ocean,water,minecraft:overworld:step.16:city.city_jingchao_capital:p.1,True
-2848,5856,54.0,1.0,1.0,True,minecraft:ocean,water,minecraft:overworld:step.16:city.city_jingchao_capital:p.1,True
-2832,5856,54.0,0.0,1.0,True,minecraft:ocean,water,minecraft:overworld:step.16:city.city_jingchao_capital:p.1,True
-2816,5856,54.0,0.0,4.0,True,minecraft:ocean,water,minecraft:overworld:step.16:city.city_jingchao_capital:p.1,True
-2800,5856,54.0,0.0,6.0,True,minecraft:ocean,water,minecraft:overworld:step.16:city.city_jingchao_capital:p.1,True
-2784,5856,54.0,3.0,6.0,True,minecraft:ocean,water,minecraft:overworld:step.16:city.city_jingchao_capital:p.1,True
-2768,5856,53.0,6.0,6.0,True,minecraft:ocean,water,minecraft:overworld:step.16:city.city_jingchao_capital:p.1,True
-2752,5856,54.0,5.0,6.0,True,minecraft:ocean,water,minecraft:overworld:step.16:city.city_jingchao_capital:p.1,True
-2736,5856,57.0,4.0,7.0,True,minecraft:forest,water,minecraft:overworld:step.16:city.city_jingchao_capital:p.1,True
-2720,5856,59.0,5.0,7.0,True,minecraft:forest,water,minecraft:overworld:step.16:city.city_jingchao_capital:p.1,True
-2704,5856,60.0,2.0,6.0,True,minecraft:forest,water,minecraft:overworld:step.16:city.city_jingchao_capital:p.1,True
-2688,5856,60.0,1.0,4.0,True,minecraft:forest,water,minecraft:overworld:step.16:city.city_jingchao_capital:p.1,True
-2672,5856,60.0,1.0,2.0,True,minecraft:forest,water,minecraft:overworld:step.16:city.city_jingchao_capital:p.1,True
-2656,5856,60.0,1.0,1.0,True,minecraft:forest,water,minecraft:overworld:step.16:city.city_jingchao_capital:p.1,True
-2640,5856,59.0,1.0,1.0,True,minecraft:forest,water,minecraft:overworld:step.16:city.city_jingchao_capital:p.1,True
-2624,5856,59.0,0.0,1.0,True,minecraft:forest,water,minecraft:overworld:step.16:city.city_jingchao_capital:p.1,True
-2608,5856,59.0,1.0,1.0,True,minecraft:forest,water,minecraft:overworld:step.16:city.city_jingchao_capital:p.1,True
-2592,5856,59.0,1.0,1.0,True,minecraft:forest,water,minecraft:overworld:step.16:city.city_jingchao_capital:p.1,True
-2576,5856,60.0,1.0,1.0,True,minecraft:forest,water,minecraft:overworld:step.16:city.city_jingchao_capital:p.1,True
-2560,5856,60.0,0.0,1.0,True,minecraft:forest,water,minecraft:overworld:step.16:city.city_jingchao_capital:p.1,True
-2544,5856,60.0,0.0,1.0,True,minecraft:forest,water,minecraft:overworld:step.16:city.city_jingchao_capital:p.1,True
-2528,5856,60.0,0.0,1.0,True,minecraft:forest,water,minecraft:overworld:step.16:city.city_jingchao_capital:p.1,True
-2512,5856,60.0,0.0,1.0,True,minecraft:forest,water,minecraft:overworld:step.16:city.city_jingchao_capital:p.1,True
-2496,5856,60.0,1.0,2.0,True,minecraft:forest,water,minecraft:overworld:step.16:city.city_jingchao_capital:p.1,True
-2480,5856,60.0,1.0,2.0,True,minecraft:forest,water,minecraft:overworld:step.16:city.city_jingchao_capital:p.1,True
-2464,5856,61.0,1.0,3.0,True,minecraft:ocean,water,minecraft:overworld:step.16:city.city_jingchao_capital:p.1,True
-2448,5856,62.0,1.0,3.0,False,minecraft:beach,shore,minecraft:overworld:step.16:city.city_jingchao_capital:p.121,True
-2432,5856,62.0,1.0,2.0,False,minecraft:beach,shore,minecraft:overworld:step.16:city.city_jingchao_capital:p.121,True
-3440,5872,54.0,0.0,0.0,True,minecraft:ocean,water,minecraft:overworld:step.16:city.city_jingchao_capital:p.1,True
-3424,5872,54.0,0.0,0.0,True,minecraft:ocean,water,minecraft:overworld:step.16:city.city_jingchao_capital:p.1,True
-3408,5872,54.0,0.0,0.0,True,minecraft:ocean,water,minecraft:overworld:step.16:city.city_jingchao_capital:p.1,True
-3392,5872,54.0,0.0,1.0,True,minecraft:ocean,water,minecraft:overworld:step.16:city.city_jingchao_capital:p.1,True
-3376,5872,54.0,1.0,1.0,True,minecraft:ocean,water,minecraft:overworld:step.16:city.city_jingchao_capital:p.1,True
-3360,5872,54.0,1.0,1.0,True,minecraft:ocean,water,minecraft:overworld:step.16:city.city_jingchao_capital:p.1,True
-3344,5872,55.0,1.0,1.0,True,minecraft:dark_forest,water,minecraft:overworld:step.16:city.city_jingchao_capital:p.1,True
-3328,5872,54.0,1.0,2.0,True,minecraft:ocean,water,minecraft:overworld:step.16:city.city_jingchao_capital:p.1,True
-3312,5872,55.0,1.0,2.0,True,minecraft:dark_forest,water,minecraft:overworld:step.16:city.city_jingchao_capital:p.1,True
-3296,5872,55.0,1.0,2.0,True,minecraft:dark_forest,water,minecraft:overworld:step.16:city.city_jingchao_capital:p.1,True
-3280,5872,55.0,1.0,1.0,True,minecraft:dark_forest,water,minecraft:overworld:step.16:city.city_jingchao_capital:p.1,True
-3264,5872,55.0,1.0,1.0,True,minecraft:dark_forest,water,minecraft:overworld:step.16:city.city_jingchao_capital:p.1,True
-3248,5872,55.0,1.0,1.0,True,minecraft:dark_forest,water,minecraft:overworld:step.16:city.city_jingchao_capital:p.1,True
-3232,5872,55.0,1.0,2.0,True,minecraft:dark_forest,water,minecraft:overworld:step.16:city.city_jingchao_capital:p.1,True
-3216,5872,56.0,1.0,3.0,True,minecraft:forest,water,minecraft:overworld:step.16:city.city_jingchao_capital:p.1,True
-3200,5872,57.0,1.0,3.0,True,minecraft:forest,water,minecraft:overworld:step.16:city.city_jingchao_capital:p.1,True
-3184,5872,57.0,1.0,2.0,True,minecraft:forest,water,minecraft:overworld:step.16:city.city_jingchao_capital:p.1,True
-3168,5872,57.0,1.0,2.0,True,minecraft:forest,water,minecraft:overworld:step.16:city.city_jingchao_capital:p.1,True
-3152,5872,57.0,1.0,2.0,True,minecraft:forest,water,minecraft:overworld:step.16:city.city_jingchao_capital:p.1,True
-3136,5872,57.0,1.0,2.0,True,minecraft:forest,water,minecraft:overworld:step.16:city.city_jingchao_capital:p.1,True
-3120,5872,57.0,1.0,2.0,True,minecraft:forest,water,minecraft:overworld:step.16:city.city_jingchao_capital:p.1,True
-3104,5872,57.0,1.0,2.0,True,minecraft:dark_forest,water,minecraft:overworld:step.16:city.city_jingchao_capital:p.1,True
-3088,5872,57.0,1.0,2.0,True,minecraft:dark_forest,water,minecraft:overworld:step.16:city.city_jingchao_capital:p.1,True
-3072,5872,57.0,1.0,6.0,True,minecraft:dark_forest,water,minecraft:overworld:step.16:city.city_jingchao_capital:p.1,True
-3056,5872,57.0,4.0,6.0,True,minecraft:dark_forest,water,minecraft:overworld:step.16:city.city_jingchao_capital:p.1,True
-3040,5872,56.0,3.0,6.0,True,minecraft:dark_forest,water,minecraft:overworld:step.16:city.city_jingchao_capital:p.1,True
-3024,5872,54.0,4.0,6.0,True,minecraft:ocean,water,minecraft:overworld:step.16:city.city_jingchao_capital:p.1,True
-3008,5872,54.0,4.0,6.0,True,minecraft:ocean,water,minecraft:overworld:step.16:city.city_jingchao_capital:p.1,True
-2992,5872,54.0,3.0,5.0,True,minecraft:ocean,water,minecraft:overworld:step.16:city.city_jingchao_capital:p.1,True
-2976,5872,54.0,0.0,6.0,True,minecraft:ocean,water,minecraft:overworld:step.16:city.city_jingchao_capital:p.1,True
-2960,5872,54.0,0.0,6.0,True,minecraft:ocean,water,minecraft:overworld:step.16:city.city_jingchao_capital:p.1,True
-2944,5872,54.0,0.0,4.0,True,minecraft:ocean,water,minecraft:overworld:step.16:city.city_jingchao_capital:p.1,True
-2928,5872,54.0,0.0,2.0,True,minecraft:ocean,water,minecraft:overworld:step.16:city.city_jingchao_capital:p.1,True
-2912,5872,54.0,0.0,1.0,True,minecraft:ocean,water,minecraft:overworld:step.16:city.city_jingchao_capital:p.1,True
-2896,5872,54.0,0.0,1.0,True,minecraft:ocean,water,minecraft:overworld:step.16:city.city_jingchao_capital:p.1,True
-2880,5872,54.0,1.0,1.0,True,minecraft:ocean,water,minecraft:overworld:step.16:city.city_jingchao_capital:p.1,True
-2864,5872,54.0,1.0,1.0,True,minecraft:ocean,water,minecraft:overworld:step.16:city.city_jingchao_capital:p.1,True
-2848,5872,54.0,1.0,1.0,True,minecraft:ocean,water,minecraft:overworld:step.16:city.city_jingchao_capital:p.1,True
-2832,5872,54.0,1.0,1.0,True,minecraft:ocean,water,minecraft:overworld:step.16:city.city_jingchao_capital:p.1,True
-2816,5872,54.0,1.0,1.0,True,minecraft:ocean,water,minecraft:overworld:step.16:city.city_jingchao_capital:p.1,True
-2800,5872,54.0,0.0,4.0,True,minecraft:ocean,water,minecraft:overworld:step.16:city.city_jingchao_capital:p.1,True
-2784,5872,54.0,1.0,6.0,True,minecraft:ocean,water,minecraft:overworld:step.16:city.city_jingchao_capital:p.1,True
-2768,5872,53.0,1.0,6.0,True,minecraft:ocean,water,minecraft:overworld:step.16:city.city_jingchao_capital:p.1,True
-2752,5872,53.0,4.0,6.0,True,minecraft:ocean,water,minecraft:overworld:step.16:city.city_jingchao_capital:p.1,True
-2736,5872,54.0,5.0,7.0,True,minecraft:ocean,water,minecraft:overworld:step.16:city.city_jingchao_capital:p.1,True
-2720,5872,58.0,4.0,7.0,True,minecraft:forest,water,minecraft:overworld:step.16:city.city_jingchao_capital:p.1,True
-2704,5872,60.0,4.0,7.0,True,minecraft:forest,water,minecraft:overworld:step.16:city.city_jingchao_capital:p.1,True
-2688,5872,59.0,1.0,6.0,True,minecraft:forest,water,minecraft:overworld:step.16:city.city_jingchao_capital:p.1,True
-2672,5872,60.0,1.0,6.0,True,minecraft:forest,water,minecraft:overworld:step.16:city.city_jingchao_capital:p.1,True
-2656,5872,59.0,1.0,6.0,True,minecraft:forest,water,minecraft:overworld:step.16:city.city_jingchao_capital:p.1,True
-2640,5872,59.0,1.0,3.0,True,minecraft:forest,water,minecraft:overworld:step.16:city.city_jingchao_capital:p.1,True
-2624,5872,59.0,0.0,1.0,True,minecraft:forest,water,minecraft:overworld:step.16:city.city_jingchao_capital:p.1,True
-2608,5872,59.0,0.0,1.0,True,minecraft:forest,water,minecraft:overworld:step.16:city.city_jingchao_capital:p.1,True
-2592,5872,59.0,1.0,1.0,True,minecraft:forest,water,minecraft:overworld:step.16:city.city_jingchao_capital:p.1,True
-2576,5872,60.0,1.0,1.0,True,minecraft:forest,water,minecraft:overworld:step.16:city.city_jingchao_capital:p.1,True
-2560,5872,60.0,1.0,1.0,True,minecraft:forest,water,minecraft:overworld:step.16:city.city_jingchao_capital:p.1,True
-2544,5872,60.0,0.0,1.0,True,minecraft:forest,water,minecraft:overworld:step.16:city.city_jingchao_capital:p.1,True
-2528,5872,60.0,0.0,1.0,True,minecraft:forest,water,minecraft:overworld:step.16:city.city_jingchao_capital:p.1,True
-2512,5872,60.0,0.0,1.0,True,minecraft:forest,water,minecraft:overworld:step.16:city.city_jingchao_capital:p.1,True
-2496,5872,60.0,1.0,2.0,True,minecraft:forest,water,minecraft:overworld:step.16:city.city_jingchao_capital:p.1,True
-2480,5872,61.0,1.0,2.0,True,minecraft:forest,water,minecraft:overworld:step.16:city.city_jingchao_capital:p.1,True
-2464,5872,61.0,1.0,3.0,True,minecraft:ocean,water,minecraft:overworld:step.16:city.city_jingchao_capital:p.1,True
-2448,5872,62.0,1.0,3.0,False,minecraft:beach,shore,minecraft:overworld:step.16:city.city_jingchao_capital:p.121,True
-2432,5872,63.0,1.0,2.0,False,minecraft:beach,shore,minecraft:overworld:step.16:city.city_jingchao_capital:p.121,True
-3440,5888,54.0,0.0,0.0,True,minecraft:ocean,water,minecraft:overworld:step.16:city.city_jingchao_capital:p.1,True
-3424,5888,54.0,0.0,0.0,True,minecraft:ocean,water,minecraft:overworld:step.16:city.city_jingchao_capital:p.1,True
-3408,5888,54.0,0.0,0.0,True,minecraft:ocean,water,minecraft:overworld:step.16:city.city_jingchao_capital:p.1,True
-3392,5888,54.0,0.0,1.0,True,minecraft:ocean,water,minecraft:overworld:step.16:city.city_jingchao_capital:p.1,True
-3376,5888,54.0,0.0,1.0,True,minecraft:ocean,water,minecraft:overworld:step.16:city.city_jingchao_capital:p.1,True
-3360,5888,54.0,1.0,1.0,True,minecraft:ocean,water,minecraft:overworld:step.16:city.city_jingchao_capital:p.1,True
-3344,5888,54.0,1.0,1.0,True,minecraft:ocean,water,minecraft:overworld:step.16:city.city_jingchao_capital:p.1,True
-3328,5888,54.0,1.0,2.0,True,minecraft:ocean,water,minecraft:overworld:step.16:city.city_jingchao_capital:p.1,True
-3312,5888,55.0,1.0,2.0,True,minecraft:dark_forest,water,minecraft:overworld:step.16:city.city_jingchao_capital:p.1,True
-3296,5888,55.0,0.0,2.0,True,minecraft:dark_forest,water,minecraft:overworld:step.16:city.city_jingchao_capital:p.1,True
-3280,5888,55.0,0.0,1.0,True,minecraft:dark_forest,water,minecraft:overworld:step.16:city.city_jingchao_capital:p.1,True
-3264,5888,55.0,0.0,1.0,True,minecraft:dark_forest,water,minecraft:overworld:step.16:city.city_jingchao_capital:p.1,True
-3248,5888,55.0,1.0,1.0,True,minecraft:dark_forest,water,minecraft:overworld:step.16:city.city_jingchao_capital:p.1,True
-3232,5888,55.0,1.0,2.0,True,minecraft:forest,water,minecraft:overworld:step.16:city.city_jingchao_capital:p.1,True
-3216,5888,56.0,1.0,3.0,True,minecraft:dark_forest,water,minecraft:overworld:step.16:city.city_jingchao_capital:p.1,True
-3200,5888,57.0,1.0,3.0,True,minecraft:dark_forest,water,minecraft:overworld:step.16:city.city_jingchao_capital:p.1,True
-3184,5888,57.0,1.0,2.0,True,minecraft:dark_forest,water,minecraft:overworld:step.16:city.city_jingchao_capital:p.1,True
-3168,5888,57.0,1.0,2.0,True,minecraft:forest,water,minecraft:overworld:step.16:city.city_jingchao_capital:p.1,True
-3152,5888,57.0,1.0,2.0,True,minecraft:forest,water,minecraft:overworld:step.16:city.city_jingchao_capital:p.1,True
-3136,5888,57.0,1.0,2.0,True,minecraft:forest,water,minecraft:overworld:step.16:city.city_jingchao_capital:p.1,True
-3120,5888,57.0,1.0,2.0,True,minecraft:dark_forest,water,minecraft:overworld:step.16:city.city_jingchao_capital:p.1,True
-3104,5888,57.0,1.0,2.0,True,minecraft:dark_forest,water,minecraft:overworld:step.16:city.city_jingchao_capital:p.1,True
-3088,5888,57.0,1.0,2.0,True,minecraft:dark_forest,water,minecraft:overworld:step.16:city.city_jingchao_capital:p.1,True
-3072,5888,57.0,0.0,5.0,True,minecraft:dark_forest,water,minecraft:overworld:step.16:city.city_jingchao_capital:p.1,True
-3056,5888,57.0,4.0,5.0,True,minecraft:dark_forest,water,minecraft:overworld:step.16:city.city_jingchao_capital:p.1,True
-3040,5888,53.0,4.0,5.0,True,minecraft:ocean,water,minecraft:overworld:step.16:city.city_jingchao_capital:p.1,True
-3024,5888,54.0,2.0,5.0,True,minecraft:ocean,water,minecraft:overworld:step.16:city.city_jingchao_capital:p.1,True
-3008,5888,54.0,0.0,5.0,True,minecraft:ocean,water,minecraft:overworld:step.16:city.city_jingchao_capital:p.1,True
-2992,5888,54.0,0.0,5.0,True,minecraft:ocean,water,minecraft:overworld:step.16:city.city_jingchao_capital:p.1,True
-2976,5888,54.0,0.0,4.0,True,minecraft:ocean,water,minecraft:overworld:step.16:city.city_jingchao_capital:p.1,True
-2960,5888,54.0,1.0,1.0,True,minecraft:ocean,water,minecraft:overworld:step.16:city.city_jingchao_capital:p.1,True
-2944,5888,54.0,1.0,1.0,True,minecraft:ocean,water,minecraft:overworld:step.16:city.city_jingchao_capital:p.1,True
-2928,5888,54.0,1.0,1.0,True,minecraft:ocean,water,minecraft:overworld:step.16:city.city_jingchao_capital:p.1,True
-2912,5888,54.0,1.0,1.0,True,minecraft:ocean,water,minecraft:overworld:step.16:city.city_jingchao_capital:p.1,True
-2896,5888,54.0,0.0,1.0,True,minecraft:ocean,water,minecraft:overworld:step.16:city.city_jingchao_capital:p.1,True
-2880,5888,54.0,0.0,1.0,True,minecraft:ocean,water,minecraft:overworld:step.16:city.city_jingchao_capital:p.1,True
-2864,5888,54.0,0.0,1.0,True,minecraft:ocean,water,minecraft:overworld:step.16:city.city_jingchao_capital:p.1,True
-2848,5888,54.0,1.0,1.0,True,minecraft:ocean,water,minecraft:overworld:step.16:city.city_jingchao_capital:p.1,True
-2832,5888,53.0,1.0,1.0,True,minecraft:ocean,water,minecraft:overworld:step.16:city.city_jingchao_capital:p.1,True
-2816,5888,54.0,1.0,1.0,True,minecraft:ocean,water,minecraft:overworld:step.16:city.city_jingchao_capital:p.1,True
-2800,5888,54.0,1.0,1.0,True,minecraft:ocean,water,minecraft:overworld:step.16:city.city_jingchao_capital:p.1,True
-2784,5888,54.0,1.0,1.0,True,minecraft:ocean,water,minecraft:overworld:step.16:city.city_jingchao_capital:p.1,True
-2768,5888,54.0,1.0,4.0,True,minecraft:ocean,water,minecraft:overworld:step.16:city.city_jingchao_capital:p.1,True
-2752,5888,53.0,1.0,6.0,True,minecraft:ocean,water,minecraft:overworld:step.16:city.city_jingchao_capital:p.1,True
-2736,5888,54.0,4.0,7.0,True,minecraft:ocean,water,minecraft:overworld:step.16:city.city_jingchao_capital:p.1,True
-2720,5888,56.0,4.0,7.0,True,minecraft:forest,water,minecraft:overworld:step.16:city.city_jingchao_capital:p.1,True
-2704,5888,58.0,4.0,7.0,True,minecraft:forest,water,minecraft:overworld:step.16:city.city_jingchao_capital:p.1,True
-2688,5888,59.0,5.0,7.0,True,minecraft:forest,water,minecraft:overworld:step.16:city.city_jingchao_capital:p.1,True
-2672,5888,59.0,5.0,7.0,True,minecraft:forest,water,minecraft:overworld:step.16:city.city_jingchao_capital:p.1,True
-2656,5888,59.0,2.0,6.0,True,minecraft:forest,water,minecraft:overworld:step.16:city.city_jingchao_capital:p.1,True
-2640,5888,59.0,0.0,5.0,True,minecraft:forest,water,minecraft:overworld:step.16:city.city_jingchao_capital:p.1,True
-2624,5888,59.0,0.0,4.0,True,minecraft:forest,water,minecraft:overworld:step.16:city.city_jingchao_capital:p.1,True
-2608,5888,59.0,0.0,4.0,True,minecraft:forest,water,minecraft:overworld:step.16:city.city_jingchao_capital:p.1,True
-2592,5888,59.0,1.0,4.0,True,minecraft:forest,water,minecraft:overworld:step.16:city.city_jingchao_capital:p.1,True
-2576,5888,59.0,1.0,1.0,True,minecraft:forest,water,minecraft:overworld:step.16:city.city_jingchao_capital:p.1,True
-2560,5888,60.0,1.0,1.0,True,minecraft:forest,water,minecraft:overworld:step.16:city.city_jingchao_capital:p.1,True
-2544,5888,60.0,1.0,1.0,True,minecraft:forest,water,minecraft:overworld:step.16:city.city_jingchao_capital:p.1,True
-2528,5888,60.0,0.0,1.0,True,minecraft:forest,water,minecraft:overworld:step.16:city.city_jingchao_capital:p.1,True
-2512,5888,60.0,0.0,2.0,True,minecraft:forest,water,minecraft:overworld:step.16:city.city_jingchao_capital:p.1,True
-2496,5888,60.0,1.0,2.0,True,minecraft:forest,water,minecraft:overworld:step.16:city.city_jingchao_capital:p.1,True
-2480,5888,61.0,1.0,2.0,True,minecraft:ocean,water,minecraft:overworld:step.16:city.city_jingchao_capital:p.1,True
-2464,5888,62.0,1.0,3.0,False,minecraft:beach,shore,minecraft:overworld:step.16:city.city_jingchao_capital:p.121,True
-2448,5888,62.0,1.0,3.0,False,minecraft:beach,shore,minecraft:overworld:step.16:city.city_jingchao_capital:p.121,True
-2432,5888,63.0,1.0,2.0,False,minecraft:beach,shore,minecraft:overworld:step.16:city.city_jingchao_capital:p.121,True
